{
    "version": "0.4",
    "title": "Blog",
    "type": "page",
    "metadata": {
        "template_type": "single-page",
        "include_in_zip": "1",
        "elementor_pro_required": "1",
        "wp_page_template": "elementor_header_footer"
    },
    "content": [
        {
            "id": "70bbd9c7",
            "settings": {
                "stretch_section": "section-stretched",
                "content_width": {
                    "unit": "px",
                    "size": 500,
                    "sizes": []
                },
                "height": "min-height",
                "custom_height": {
                    "unit": "px",
                    "size": 709,
                    "sizes": []
                },
                "background_background": "classic",
                "background_slideshow_gallery": [
                    {
                        "id": 9,
                        "url": "http:\/\/template-kit.axiomthemes.com\/food-blog\/wp-content\/uploads\/sites\/3\/2020\/01\/home1_bg.jpg"
                    }
                ],
                "margin": {
                    "unit": "px",
                    "top": "0",
                    "right": 0,
                    "bottom": "0",
                    "left": 0,
                    "isLinked": false
                },
                "padding": {
                    "unit": "px",
                    "top": "0",
                    "right": "0",
                    "bottom": "0",
                    "left": "0",
                    "isLinked": false
                },
                "custom_height_tablet": {
                    "unit": "px",
                    "size": 550,
                    "sizes": []
                },
                "custom_height_mobile": {
                    "unit": "px",
                    "size": 345,
                    "sizes": []
                },
                "padding_tablet": {
                    "unit": "px",
                    "top": "0",
                    "right": "0",
                    "bottom": "0",
                    "left": "0",
                    "isLinked": false
                },
                "padding_mobile": {
                    "unit": "px",
                    "top": "0",
                    "right": "15",
                    "bottom": "0",
                    "left": "15",
                    "isLinked": false
                },
                "animation_delay": 500,
                "background_overlay_background": "classic",
                "background_overlay_color": "#000000",
                "background_overlay_opacity": {
                    "unit": "px",
                    "size": 0.2,
                    "sizes": []
                },
                "background_image": {
                    "url": "http:\/\/template-kit.axiomthemes.com\/food-blog\/wp-content\/uploads\/sites\/3\/2020\/02\/miti-CQW6ijeqInw-unsplash.jpg",
                    "id": 2319
                }
            },
            "elements": [
                {
                    "id": "7cadf720",
                    "settings": {
                        "_column_size": 100,
                        "padding": {
                            "unit": "px",
                            "top": "0",
                            "right": "0",
                            "bottom": "0",
                            "left": "0",
                            "isLinked": false
                        },
                        "space_between_widgets": 0,
                        "content_position": "center"
                    },
                    "elements": [
                        {
                            "id": "117fa9c8",
                            "settings": {
                                "text": "Our Blog",
                                "align": "center",
                                "typography_typography": "custom",
                                "typography_font_family": "Playfair Display",
                                "typography_font_size": {
                                    "unit": "em",
                                    "size": 0.8,
                                    "sizes": []
                                },
                                "typography_font_weight": "700",
                                "button_text_color": "#FFFFFF",
                                "background_color": "#DE4141",
                                "border_radius": {
                                    "unit": "px",
                                    "top": "7",
                                    "right": "7",
                                    "bottom": "7",
                                    "left": "7",
                                    "isLinked": true
                                },
                                "text_padding": {
                                    "unit": "px",
                                    "top": "7",
                                    "right": "12",
                                    "bottom": "7",
                                    "left": "12",
                                    "isLinked": false
                                },
                                "_margin": {
                                    "unit": "px",
                                    "top": "0",
                                    "right": "0",
                                    "bottom": "0",
                                    "left": "0",
                                    "isLinked": false
                                },
                                "_padding": {
                                    "unit": "px",
                                    "top": "0",
                                    "right": "0",
                                    "bottom": "0",
                                    "left": "0",
                                    "isLinked": false
                                },
                                "hover_color": "#FFFFFF",
                                "button_background_hover_color": "#D63534",
                                "_animation": "fadeInUp",
                                "typography_text_decoration": "none"
                            },
                            "elements": [],
                            "isInner": false,
                            "widgetType": "button",
                            "elType": "widget"
                        },
                        {
                            "id": "6517cc4c",
                            "settings": {
                                "title": "Our Popular Articles",
                                "align": "center",
                                "title_color": "#FFFFFF",
                                "typography_typography": "custom",
                                "typography_font_family": "Playfair Display",
                                "typography_font_size": {
                                    "unit": "em",
                                    "size": 2.222,
                                    "sizes": []
                                },
                                "typography_font_weight": "700",
                                "typography_line_height": {
                                    "unit": "em",
                                    "size": 1,
                                    "sizes": []
                                },
                                "typography_letter_spacing": {
                                    "unit": "px",
                                    "size": 0,
                                    "sizes": []
                                },
                                "_margin": {
                                    "unit": "px",
                                    "top": "24",
                                    "right": "0",
                                    "bottom": "0",
                                    "left": "0",
                                    "isLinked": false
                                },
                                "header_size": "h1",
                                "typography_font_size_mobile": {
                                    "unit": "em",
                                    "size": 1.6,
                                    "sizes": []
                                },
                                "typography_line_height_mobile": {
                                    "unit": "em",
                                    "size": 1.2,
                                    "sizes": []
                                },
                                "_margin_mobile": {
                                    "unit": "px",
                                    "top": "10",
                                    "right": "0",
                                    "bottom": "0",
                                    "left": "0",
                                    "isLinked": false
                                },
                                "_animation": "fadeInUp",
                                "_animation_delay": 300
                            },
                            "elements": [],
                            "isInner": false,
                            "widgetType": "heading",
                            "elType": "widget"
                        }
                    ],
                    "isInner": false,
                    "elType": "column"
                }
            ],
            "isInner": false,
            "elType": "section"
        },
        {
            "id": "16a85e19",
            "settings": {
                "content_width": {
                    "unit": "px",
                    "size": 1170,
                    "sizes": []
                },
                "background_background": "classic",
                "background_color": "#FFFFFF",
                "padding": {
                    "unit": "px",
                    "top": "100",
                    "right": "0",
                    "bottom": "100",
                    "left": "0",
                    "isLinked": false
                },
                "padding_tablet": {
                    "unit": "px",
                    "top": "60",
                    "right": "20",
                    "bottom": "60",
                    "left": "20",
                    "isLinked": false
                },
                "padding_mobile": {
                    "unit": "px",
                    "top": "50",
                    "right": "15",
                    "bottom": "50",
                    "left": "15",
                    "isLinked": false
                }
            },
            "elements": [
                {
                    "id": "6e31922a",
                    "settings": {
                        "_column_size": 100,
                        "_inline_size": null,
                        "padding": {
                            "unit": "px",
                            "top": "0",
                            "right": "0",
                            "bottom": "0",
                            "left": "0",
                            "isLinked": false
                        },
                        "space_between_widgets": 0
                    },
                    "elements": [
                        {
                            "id": "15bf4f42",
                            "settings": {
                                "classic_meta_separator": "\/",
                                "classic_read_more_text": "Read More \u00bb",
                                "cards_meta_separator": "\u2022",
                                "cards_read_more_text": "Read More \u00bb",
                                "full_content_meta_separator": "\/\/\/",
                                "pagination_page_limit": "5",
                                "pagination_prev_label": "&laquo; Previous",
                                "pagination_next_label": "Next &raquo;",
                                "classic_thumbnail_size_size": "full",
                                "classic_show_excerpt": "",
                                "classic_show_read_more": "",
                                "classic_box_border_width": {
                                    "unit": "px",
                                    "top": "0",
                                    "right": "0",
                                    "bottom": "0",
                                    "left": "0",
                                    "isLinked": false
                                },
                                "classic_img_border_radius": {
                                    "unit": "px",
                                    "top": "8",
                                    "right": "8",
                                    "bottom": "8",
                                    "left": "8",
                                    "isLinked": true
                                },
                                "classic_title_color": "#1A1A1A",
                                "classic_title_typography_typography": "custom",
                                "classic_title_typography_font_family": "Playfair Display",
                                "classic_title_typography_font_size": {
                                    "unit": "em",
                                    "size": 1.167,
                                    "sizes": []
                                },
                                "classic_title_typography_font_weight": "700",
                                "classic_title_spacing": {
                                    "unit": "px",
                                    "size": 20,
                                    "sizes": []
                                },
                                "classic_meta_color": "#969696",
                                "classic_meta_typography_typography": "custom",
                                "classic_meta_typography_font_family": "Roboto",
                                "classic_meta_typography_font_size": {
                                    "unit": "em",
                                    "size": 0.722,
                                    "sizes": []
                                },
                                "classic_meta_typography_letter_spacing": {
                                    "unit": "px",
                                    "size": -0.2,
                                    "sizes": []
                                },
                                "classic_meta_spacing": {
                                    "unit": "px",
                                    "size": 6,
                                    "sizes": []
                                },
                                "posts_include": [
                                    "terms"
                                ],
                                "posts_include_term_ids": [
                                    "32"
                                ],
                                "posts_exclude": [
                                    "terms"
                                ],
                                "classic_box_padding": {
                                    "unit": "px",
                                    "top": "0",
                                    "right": "0",
                                    "bottom": "0",
                                    "left": "0",
                                    "isLinked": false
                                },
                                "classic_content_padding": {
                                    "unit": "px",
                                    "top": "8",
                                    "right": "0",
                                    "bottom": "0",
                                    "left": "0",
                                    "isLinked": false
                                },
                                "classic_item_ratio": {
                                    "unit": "px",
                                    "size": 0.75,
                                    "sizes": []
                                },
                                "classic_row_gap": {
                                    "unit": "px",
                                    "size": 65,
                                    "sizes": []
                                },
                                "_animation": "fadeInRight",
                                "classic_title_typography_text_decoration": "none"
                            },
                            "elements": [],
                            "isInner": false,
                            "widgetType": "posts",
                            "elType": "widget"
                        },
                        {
                            "id": "7d6dffc9",
                            "settings": {
                                "text": "View More Posts",
                                "align": "center",
                                "typography_typography": "custom",
                                "typography_font_family": "Playfair Display",
                                "typography_font_size": {
                                    "unit": "em",
                                    "size": 0.8,
                                    "sizes": []
                                },
                                "button_text_color": "#FFFFFF",
                                "background_color": "#DE4141",
                                "border_radius": {
                                    "unit": "px",
                                    "top": "6",
                                    "right": "6",
                                    "bottom": "6",
                                    "left": "6",
                                    "isLinked": true
                                },
                                "text_padding": {
                                    "unit": "px",
                                    "top": "24",
                                    "right": "65",
                                    "bottom": "22",
                                    "left": "65",
                                    "isLinked": false
                                },
                                "_margin": {
                                    "unit": "px",
                                    "top": "52",
                                    "right": "0",
                                    "bottom": "0",
                                    "left": "0",
                                    "isLinked": false
                                },
                                "typography_font_weight": "700",
                                "hover_color": "#FFFFFF",
                                "button_background_hover_color": "#BD2C2B",
                                "_margin_tablet": {
                                    "unit": "px",
                                    "top": "40",
                                    "right": "0",
                                    "bottom": "0",
                                    "left": "0",
                                    "isLinked": false
                                },
                                "_margin_mobile": {
                                    "unit": "px",
                                    "top": "30",
                                    "right": "0",
                                    "bottom": "0",
                                    "left": "0",
                                    "isLinked": false
                                },
                                "_animation": "fadeInUp",
                                "typography_text_decoration": "none"
                            },
                            "elements": [],
                            "isInner": false,
                            "widgetType": "button",
                            "elType": "widget"
                        }
                    ],
                    "isInner": false,
                    "elType": "column"
                }
            ],
            "isInner": false,
            "elType": "section"
        },
        {
            "id": "3aacf40d",
            "settings": {
                "content_width": {
                    "unit": "px",
                    "size": 1170,
                    "sizes": []
                },
                "background_background": "classic",
                "background_color": "#F9F4EE",
                "padding": {
                    "unit": "px",
                    "top": "92",
                    "right": "0",
                    "bottom": "85",
                    "left": "0",
                    "isLinked": false
                },
                "padding_tablet": {
                    "unit": "px",
                    "top": "60",
                    "right": "20",
                    "bottom": "50",
                    "left": "20",
                    "isLinked": false
                },
                "padding_mobile": {
                    "unit": "px",
                    "top": "40",
                    "right": "15",
                    "bottom": "40",
                    "left": "15",
                    "isLinked": false
                }
            },
            "elements": [
                {
                    "id": "150c920f",
                    "settings": {
                        "_column_size": 100,
                        "_inline_size": null,
                        "padding": {
                            "unit": "px",
                            "top": "0",
                            "right": "0",
                            "bottom": "0",
                            "left": "0",
                            "isLinked": false
                        },
                        "space_between_widgets": 0
                    },
                    "elements": [
                        {
                            "id": "122f0b12",
                            "settings": {
                                "title": "Latest Post",
                                "align": "center",
                                "title_color": "#1A1A1A",
                                "typography_typography": "custom",
                                "typography_font_family": "Playfair Display",
                                "typography_font_size": {
                                    "unit": "em",
                                    "size": 2.167,
                                    "sizes": []
                                },
                                "typography_font_weight": "700",
                                "typography_line_height": {
                                    "unit": "em",
                                    "size": 1,
                                    "sizes": []
                                },
                                "typography_letter_spacing": {
                                    "unit": "px",
                                    "size": 0,
                                    "sizes": []
                                },
                                "_margin": {
                                    "unit": "px",
                                    "top": "0",
                                    "right": "0",
                                    "bottom": "0",
                                    "left": "0",
                                    "isLinked": false
                                },
                                "_padding": {
                                    "unit": "px",
                                    "top": "0",
                                    "right": "0",
                                    "bottom": "0",
                                    "left": "0",
                                    "isLinked": false
                                },
                                "_background_background": "classic",
                                "_background_position": "top center",
                                "_background_repeat": "no-repeat",
                                "typography_font_size_mobile": {
                                    "unit": "em",
                                    "size": 2,
                                    "sizes": []
                                },
                                "_padding_tablet": {
                                    "unit": "px",
                                    "top": "0",
                                    "right": "0",
                                    "bottom": "0",
                                    "left": "0",
                                    "isLinked": false
                                },
                                "_padding_mobile": {
                                    "unit": "px",
                                    "top": "0",
                                    "right": "0",
                                    "bottom": "0",
                                    "left": "0",
                                    "isLinked": false
                                },
                                "_animation": "slideInUp",
                                "align_mobile": "center",
                                "_margin_tablet": {
                                    "unit": "px",
                                    "top": "0",
                                    "right": "0",
                                    "bottom": "0",
                                    "left": "0",
                                    "isLinked": false
                                },
                                "_margin_mobile": {
                                    "unit": "px",
                                    "top": "0",
                                    "right": "0",
                                    "bottom": "0",
                                    "left": "0",
                                    "isLinked": false
                                }
                            },
                            "elements": [],
                            "isInner": false,
                            "widgetType": "heading",
                            "elType": "widget"
                        },
                        {
                            "id": "194c9c10",
                            "settings": {
                                "title": "Find the Best and Easiest Recipes ",
                                "title_color": "#1A1A1A",
                                "typography_typography": "custom",
                                "typography_font_family": "Playfair Display",
                                "typography_font_size": {
                                    "unit": "em",
                                    "size": 1,
                                    "sizes": []
                                },
                                "typography_font_weight": "700",
                                "typography_line_height": {
                                    "unit": "px",
                                    "size": 28,
                                    "sizes": []
                                },
                                "typography_letter_spacing": {
                                    "unit": "px",
                                    "size": 0,
                                    "sizes": []
                                },
                                "_margin": {
                                    "unit": "px",
                                    "top": "20",
                                    "right": "0",
                                    "bottom": "0",
                                    "left": "0",
                                    "isLinked": false
                                },
                                "header_size": "h5",
                                "link": {
                                    "url": "",
                                    "is_external": "",
                                    "nofollow": ""
                                },
                                "align_mobile": "center",
                                "_margin_mobile": {
                                    "unit": "px",
                                    "top": "15",
                                    "right": "0",
                                    "bottom": "0",
                                    "left": "0",
                                    "isLinked": false
                                },
                                "align": "center",
                                "_animation": "fadeInUp",
                                "_animation_delay": 300
                            },
                            "elements": [],
                            "isInner": false,
                            "widgetType": "heading",
                            "elType": "widget"
                        },
                        {
                            "id": "2d9bcbd2",
                            "settings": {
                                "classic_meta_separator": "",
                                "classic_read_more_text": "Read More \u00bb",
                                "cards_meta_separator": "\u2022",
                                "cards_read_more_text": "Read More \u00bb",
                                "full_content_meta_separator": "\/\/\/",
                                "pagination_page_limit": "5",
                                "pagination_prev_label": "&laquo; Previous",
                                "pagination_next_label": "Next &raquo;",
                                "classic_thumbnail_size_size": "full",
                                "classic_meta_data": [],
                                "classic_show_read_more": "",
                                "classic_box_border_width": {
                                    "unit": "px",
                                    "top": "0",
                                    "right": "0",
                                    "bottom": "0",
                                    "left": "0",
                                    "isLinked": false
                                },
                                "classic_img_border_radius": {
                                    "unit": "px",
                                    "top": "8",
                                    "right": "8",
                                    "bottom": "8",
                                    "left": "8",
                                    "isLinked": true
                                },
                                "classic_title_color": "#1A1A1A",
                                "classic_title_typography_typography": "custom",
                                "classic_title_typography_font_family": "Playfair Display",
                                "classic_title_typography_font_size": {
                                    "unit": "em",
                                    "size": 1.1,
                                    "sizes": []
                                },
                                "classic_title_typography_font_weight": "700",
                                "classic_title_spacing": {
                                    "unit": "px",
                                    "size": 22,
                                    "sizes": []
                                },
                                "classic_meta_color": "#969696",
                                "classic_meta_typography_typography": "custom",
                                "classic_meta_typography_font_family": "Roboto",
                                "classic_meta_typography_font_size": {
                                    "unit": "em",
                                    "size": 0.722,
                                    "sizes": []
                                },
                                "classic_meta_typography_letter_spacing": {
                                    "unit": "px",
                                    "size": -0.2,
                                    "sizes": []
                                },
                                "classic_meta_spacing": {
                                    "unit": "px",
                                    "size": 4,
                                    "sizes": []
                                },
                                "posts_include": [
                                    "terms"
                                ],
                                "posts_include_term_ids": [
                                    "33"
                                ],
                                "posts_exclude": [
                                    "terms"
                                ],
                                "classic_posts_per_page": 3,
                                "classic_box_padding": {
                                    "unit": "px",
                                    "top": "0",
                                    "right": "0",
                                    "bottom": "0",
                                    "left": "0",
                                    "isLinked": false
                                },
                                "classic_content_padding": {
                                    "unit": "px",
                                    "top": "8",
                                    "right": "15",
                                    "bottom": "0",
                                    "left": "15",
                                    "isLinked": false
                                },
                                "classic_alignment": "center",
                                "classic_excerpt_color": "#6E6E6E",
                                "classic_excerpt_typography_typography": "custom",
                                "classic_excerpt_typography_font_family": "Lora",
                                "classic_excerpt_typography_font_size": {
                                    "unit": "em",
                                    "size": 0.889,
                                    "sizes": []
                                },
                                "classic_columns_tablet": "3",
                                "classic_item_ratio": {
                                    "unit": "px",
                                    "size": 0.74,
                                    "sizes": []
                                },
                                "_margin": {
                                    "unit": "px",
                                    "top": "40",
                                    "right": "0",
                                    "bottom": "0",
                                    "left": "0",
                                    "isLinked": false
                                },
                                "_animation": "fadeInUp",
                                "classic_title_typography_text_decoration": "none"
                            },
                            "elements": [],
                            "isInner": false,
                            "widgetType": "posts",
                            "elType": "widget"
                        }
                    ],
                    "isInner": false,
                    "elType": "column"
                }
            ],
            "isInner": false,
            "elType": "section"
        },
        {
            "id": "711fde9c",
            "settings": {
                "content_width": {
                    "unit": "px",
                    "size": 525,
                    "sizes": []
                },
                "height": "min-height",
                "custom_height": {
                    "unit": "px",
                    "size": 452,
                    "sizes": []
                },
                "background_background": "classic",
                "background_color": "#FFFFFF",
                "background_image": {
                    "url": "http:\/\/template-kit.axiomthemes.com\/food-blog\/wp-content\/uploads\/sites\/3\/2020\/02\/ella-olsson-rD3YrnhTmf0-unsplash.jpg",
                    "id": 2301
                },
                "background_position": "center center",
                "background_repeat": "no-repeat",
                "background_size": "cover",
                "background_overlay_background": "classic",
                "background_overlay_color": "#000000",
                "background_overlay_opacity": {
                    "unit": "px",
                    "size": 0.2,
                    "sizes": []
                },
                "padding": {
                    "unit": "px",
                    "top": "0",
                    "right": "0",
                    "bottom": "0",
                    "left": "0",
                    "isLinked": false
                },
                "custom_height_tablet": {
                    "unit": "px",
                    "size": 400,
                    "sizes": []
                },
                "custom_height_mobile": {
                    "unit": "px",
                    "size": 400,
                    "sizes": []
                },
                "padding_mobile": {
                    "unit": "px",
                    "top": "0",
                    "right": "15",
                    "bottom": "0",
                    "left": "15",
                    "isLinked": false
                },
                "margin": {
                    "unit": "px",
                    "top": "0",
                    "right": 0,
                    "bottom": "0",
                    "left": 0,
                    "isLinked": false
                }
            },
            "elements": [
                {
                    "id": "3ba378dc",
                    "settings": {
                        "_column_size": 100,
                        "_inline_size": null,
                        "space_between_widgets": 0,
                        "padding": {
                            "unit": "px",
                            "top": "0",
                            "right": "0",
                            "bottom": "0",
                            "left": "0",
                            "isLinked": false
                        },
                        "margin_mobile": {
                            "unit": "px",
                            "top": "0",
                            "right": "0",
                            "bottom": "0",
                            "left": "0",
                            "isLinked": false
                        },
                        "padding_mobile": {
                            "unit": "px",
                            "top": "0",
                            "right": "0",
                            "bottom": "0",
                            "left": "0",
                            "isLinked": false
                        }
                    },
                    "elements": [
                        {
                            "id": "5d6bf71c",
                            "settings": {
                                "title": "Food Bloggers",
                                "align": "center",
                                "title_color": "#FFFFFF",
                                "typography_typography": "custom",
                                "typography_font_family": "Playfair Display",
                                "typography_font_size": {
                                    "unit": "em",
                                    "size": 2.167,
                                    "sizes": []
                                },
                                "typography_font_weight": "700",
                                "typography_line_height": {
                                    "unit": "em",
                                    "size": 1,
                                    "sizes": []
                                },
                                "typography_letter_spacing": {
                                    "unit": "px",
                                    "size": 0,
                                    "sizes": []
                                },
                                "_margin": {
                                    "unit": "px",
                                    "top": "0",
                                    "right": "0",
                                    "bottom": "0",
                                    "left": "0",
                                    "isLinked": false
                                },
                                "_padding": {
                                    "unit": "px",
                                    "top": "56",
                                    "right": "0",
                                    "bottom": "0",
                                    "left": "0",
                                    "isLinked": false
                                },
                                "_background_background": "classic",
                                "_background_image": {
                                    "url": "http:\/\/template-kit.axiomthemes.com\/food-blog\/wp-content\/uploads\/sites\/3\/2020\/01\/title-decoration-light.png",
                                    "id": 667
                                },
                                "_background_position": "top center",
                                "_background_repeat": "no-repeat",
                                "typography_font_size_mobile": {
                                    "unit": "em",
                                    "size": 1.5,
                                    "sizes": []
                                },
                                "_padding_tablet": {
                                    "unit": "px",
                                    "top": "40",
                                    "right": "0",
                                    "bottom": "0",
                                    "left": "0",
                                    "isLinked": false
                                },
                                "_padding_mobile": {
                                    "unit": "px",
                                    "top": "30",
                                    "right": "0",
                                    "bottom": "0",
                                    "left": "0",
                                    "isLinked": false
                                },
                                "_animation": "fadeInUp"
                            },
                            "elements": [],
                            "isInner": false,
                            "widgetType": "heading",
                            "elType": "widget"
                        },
                        {
                            "id": "57fed75b",
                            "settings": {
                                "editor": "<p>Nam ut rutrum ex, venenatis sollicitudin urna. Aliquam erat volutpat. Ut bibendum lacus vestibulum maximus.<\/p>",
                                "align": "center",
                                "text_color": "#FFFFFF",
                                "typography_typography": "custom",
                                "typography_font_family": "Lora",
                                "typography_font_size": {
                                    "unit": "em",
                                    "size": 1,
                                    "sizes": []
                                },
                                "typography_line_height": {
                                    "unit": "px",
                                    "size": 26,
                                    "sizes": []
                                },
                                "typography_letter_spacing": {
                                    "unit": "px",
                                    "size": 0,
                                    "sizes": []
                                },
                                "_margin": {
                                    "unit": "px",
                                    "top": "20",
                                    "right": "0",
                                    "bottom": "0",
                                    "left": "0",
                                    "isLinked": false
                                },
                                "_padding": {
                                    "unit": "px",
                                    "top": "0",
                                    "right": "0",
                                    "bottom": "0",
                                    "left": "0",
                                    "isLinked": false
                                },
                                "_animation_delay": 300,
                                "align_mobile": "center",
                                "_margin_tablet": {
                                    "unit": "px",
                                    "top": "10",
                                    "right": "0",
                                    "bottom": "0",
                                    "left": "0",
                                    "isLinked": false
                                },
                                "_padding_tablet": {
                                    "unit": "px",
                                    "top": "0",
                                    "right": "0",
                                    "bottom": "0",
                                    "left": "0",
                                    "isLinked": false
                                },
                                "_animation": "fadeInUp",
                                "_margin_mobile": {
                                    "unit": "px",
                                    "top": "15",
                                    "right": "0",
                                    "bottom": "0",
                                    "left": "0",
                                    "isLinked": false
                                },
                                "_padding_mobile": {
                                    "unit": "px",
                                    "top": "0",
                                    "right": "0",
                                    "bottom": "0",
                                    "left": "0",
                                    "isLinked": false
                                }
                            },
                            "elements": [],
                            "isInner": false,
                            "widgetType": "text-editor",
                            "elType": "widget"
                        },
                        {
                            "id": "221f353e",
                            "settings": {
                                "structure": "20",
                                "margin": {
                                    "unit": "px",
                                    "top": "17",
                                    "right": 0,
                                    "bottom": "0",
                                    "left": 0,
                                    "isLinked": false
                                },
                                "padding": {
                                    "unit": "px",
                                    "top": "0",
                                    "right": "0",
                                    "bottom": "0",
                                    "left": "0",
                                    "isLinked": false
                                }
                            },
                            "elements": [
                                {
                                    "id": "32b88e55",
                                    "settings": {
                                        "_column_size": 50,
                                        "_inline_size": 49,
                                        "margin": {
                                            "unit": "px",
                                            "top": "0",
                                            "right": "10",
                                            "bottom": "0",
                                            "left": "0",
                                            "isLinked": false
                                        },
                                        "padding": {
                                            "unit": "px",
                                            "top": "0",
                                            "right": "0",
                                            "bottom": "0",
                                            "left": "0",
                                            "isLinked": false
                                        },
                                        "animation": "fadeInLeft",
                                        "_inline_size_mobile": 50
                                    },
                                    "elements": [
                                        {
                                            "id": "2bc12d7d",
                                            "settings": {
                                                "text": "About Us",
                                                "align": "right",
                                                "typography_typography": "custom",
                                                "typography_font_family": "Playfair Display",
                                                "typography_font_size": {
                                                    "unit": "em",
                                                    "size": 0.8,
                                                    "sizes": []
                                                },
                                                "button_text_color": "#FFFFFF",
                                                "background_color": "#DE4141",
                                                "border_radius": {
                                                    "unit": "px",
                                                    "top": "6",
                                                    "right": "6",
                                                    "bottom": "6",
                                                    "left": "6",
                                                    "isLinked": true
                                                },
                                                "text_padding": {
                                                    "unit": "px",
                                                    "top": "17",
                                                    "right": "36",
                                                    "bottom": "17",
                                                    "left": "36",
                                                    "isLinked": false
                                                },
                                                "_margin": {
                                                    "unit": "px",
                                                    "top": "0",
                                                    "right": "0",
                                                    "bottom": "0",
                                                    "left": "0",
                                                    "isLinked": false
                                                },
                                                "typography_font_weight": "700",
                                                "hover_color": "#FFFFFF",
                                                "button_background_hover_color": "#BD2C2B",
                                                "typography_letter_spacing": {
                                                    "unit": "px",
                                                    "size": 0,
                                                    "sizes": []
                                                },
                                                "_padding": {
                                                    "unit": "px",
                                                    "top": "0",
                                                    "right": "0",
                                                    "bottom": "0",
                                                    "left": "5",
                                                    "isLinked": false
                                                },
                                                "typography_text_decoration": "none"
                                            },
                                            "elements": [],
                                            "isInner": false,
                                            "widgetType": "button",
                                            "elType": "widget"
                                        }
                                    ],
                                    "isInner": true,
                                    "elType": "column"
                                },
                                {
                                    "id": "5196862d",
                                    "settings": {
                                        "_column_size": 50,
                                        "_inline_size": 51,
                                        "margin": {
                                            "unit": "px",
                                            "top": "0",
                                            "right": "0",
                                            "bottom": "0",
                                            "left": "0",
                                            "isLinked": false
                                        },
                                        "padding": {
                                            "unit": "px",
                                            "top": "0",
                                            "right": "0",
                                            "bottom": "0",
                                            "left": "0",
                                            "isLinked": false
                                        },
                                        "animation": "fadeInRight",
                                        "_inline_size_mobile": 50
                                    },
                                    "elements": [
                                        {
                                            "id": "522190bc",
                                            "settings": {
                                                "text": "Contact Us",
                                                "align": "left",
                                                "typography_typography": "custom",
                                                "typography_font_family": "Playfair Display",
                                                "typography_font_size": {
                                                    "unit": "em",
                                                    "size": 0.8,
                                                    "sizes": []
                                                },
                                                "button_text_color": "#1A1A1A",
                                                "background_color": "#FFFFFF",
                                                "border_radius": {
                                                    "unit": "px",
                                                    "top": "6",
                                                    "right": "6",
                                                    "bottom": "6",
                                                    "left": "6",
                                                    "isLinked": true
                                                },
                                                "text_padding": {
                                                    "unit": "px",
                                                    "top": "17",
                                                    "right": "40",
                                                    "bottom": "17",
                                                    "left": "40",
                                                    "isLinked": false
                                                },
                                                "_margin": {
                                                    "unit": "px",
                                                    "top": "0",
                                                    "right": "0",
                                                    "bottom": "0",
                                                    "left": "-5",
                                                    "isLinked": false
                                                },
                                                "typography_font_weight": "700",
                                                "hover_color": "#FFFFFF",
                                                "button_background_hover_color": "#1A1A1A",
                                                "typography_letter_spacing": {
                                                    "unit": "px",
                                                    "size": 0,
                                                    "sizes": []
                                                },
                                                "_padding": {
                                                    "unit": "px",
                                                    "top": "0",
                                                    "right": "0",
                                                    "bottom": "0",
                                                    "left": "5",
                                                    "isLinked": false
                                                },
                                                "typography_text_decoration": "none"
                                            },
                                            "elements": [],
                                            "isInner": false,
                                            "widgetType": "button",
                                            "elType": "widget"
                                        }
                                    ],
                                    "isInner": true,
                                    "elType": "column"
                                }
                            ],
                            "isInner": true,
                            "elType": "section"
                        }
                    ],
                    "isInner": false,
                    "elType": "column"
                }
            ],
            "isInner": false,
            "elType": "section"
        }
    ]
}