{
    "version": "0.4",
    "title": "Global Kit Styles",
    "type": "section",
    "metadata": {
        "template_type": "global-styles",
        "include_in_zip": "1",
        "elementor_pro_required": null,
        "additional_template_information": [
            "These are the global theme styles configured through the Elementor Theme Styles area."
        ],
        "wp_page_template": "default"
    },
    "content": [],
    "page_settings": {
        "body_typography_typography": "custom",
        "body_typography_font_family": "Lora",
        "body_typography_text_decoration": "none",
        "link_normal_color": "#DE4141",
        "link_normal_typography_typography": "custom",
        "link_hover_typography_typography": "custom",
        "body_background_background": "classic",
        "body_background_color": "#FFFFFF",
        "body_color": "#6E6E6E",
        "body_typography_font_size": {
            "unit": "em",
            "size": "",
            "sizes": []
        },
        "h1_color": "#1A1A1A",
        "h1_typography_typography": "custom",
        "h1_typography_font_family": "Playfair Display",
        "h1_typography_font_weight": "700",
        "h2_color": "#1A1A1A",
        "h2_typography_typography": "custom",
        "h2_typography_font_family": "Playfair Display",
        "h2_typography_font_weight": "700",
        "h3_color": "#1A1A1A",
        "h3_typography_typography": "custom",
        "h3_typography_font_family": "Playfair Display",
        "h3_typography_font_weight": "700",
        "h4_color": "#1A1A1A",
        "h4_typography_typography": "custom",
        "h4_typography_font_family": "Playfair Display",
        "h4_typography_font_weight": "700",
        "h5_color": "#1A1A1A",
        "h5_typography_typography": "custom",
        "h5_typography_font_family": "Playfair Display",
        "h5_typography_font_weight": "700",
        "h6_color": "#1A1A1A",
        "h6_typography_typography": "custom",
        "h6_typography_font_family": "Playfair Display",
        "h6_typography_font_weight": "700",
        "button_typography_typography": "custom",
        "button_typography_font_family": "Playfair Display",
        "button_typography_font_weight": "700",
        "button_text_color": "#FFFFFF",
        "button_background_color": "#DE4141",
        "button_border_radius": {
            "unit": "px",
            "top": "6",
            "right": "6",
            "bottom": "6",
            "left": "6",
            "isLinked": "1"
        },
        "button_hover_text_color": "#FFFFFF",
        "button_hover_background_color": "#BD2C2B",
        "button_hover_border_radius": {
            "unit": "px",
            "top": "6",
            "right": "6",
            "bottom": "6",
            "left": "6",
            "isLinked": "1"
        },
        "button_padding": {
            "unit": "px",
            "top": "18",
            "right": "40",
            "bottom": "16",
            "left": "40",
            "isLinked": ""
        },
        "form_field_typography_typography": "custom",
        "image_border_radius": {
            "unit": "px",
            "top": "8",
            "right": "8",
            "bottom": "8",
            "left": "8",
            "isLinked": "1"
        }
    }
}