{
    "version": "0.4",
    "title": "Header 2",
    "type": "section",
    "metadata": {
        "template_type": "section-header",
        "include_in_zip": "1",
        "elementor_pro_required": "1",
        "wp_page_template": "elementor_canvas"
    },
    "content": [
        {
            "id": "766471c",
            "settings": {
                "content_width": {
                    "unit": "px",
                    "size": 1170,
                    "sizes": []
                },
                "background_background": "classic",
                "background_color": "#FFFFFF",
                "padding": {
                    "unit": "px",
                    "top": "42",
                    "right": "0",
                    "bottom": "40",
                    "left": "0",
                    "isLinked": false
                },
                "structure": "30",
                "padding_mobile": {
                    "unit": "px",
                    "top": "40",
                    "right": "15",
                    "bottom": "40",
                    "left": "15",
                    "isLinked": false
                },
                "custom_height": {
                    "unit": "px",
                    "size": 0,
                    "sizes": []
                }
            },
            "elements": [
                {
                    "id": "1ab0926a",
                    "settings": {
                        "_column_size": 33,
                        "_inline_size": 16,
                        "margin": {
                            "unit": "px",
                            "top": "0",
                            "right": "0",
                            "bottom": "0",
                            "left": "0",
                            "isLinked": false
                        },
                        "padding": {
                            "unit": "px",
                            "top": "0",
                            "right": "0",
                            "bottom": "0",
                            "left": "0",
                            "isLinked": false
                        },
                        "space_between_widgets": 0,
                        "content_position": "center",
                        "padding_tablet": {
                            "unit": "px",
                            "top": "0",
                            "right": "0",
                            "bottom": "0",
                            "left": "20",
                            "isLinked": false
                        },
                        "padding_mobile": {
                            "unit": "px",
                            "top": "0",
                            "right": "0",
                            "bottom": "0",
                            "left": "0",
                            "isLinked": false
                        },
                        "animation": "slideInLeft",
                        "_inline_size_tablet": 29
                    },
                    "elements": [
                        {
                            "id": "bb1ced1",
                            "settings": {
                                "image": {
                                    "url": "http:\/\/template-kit.axiomthemes.com\/food-blog\/wp-content\/uploads\/sites\/3\/2020\/01\/logo.png",
                                    "id": 143
                                },
                                "image_size": "full",
                                "align": "left",
                                "align_mobile": "center",
                                "_margin": {
                                    "unit": "px",
                                    "top": "0",
                                    "right": "0",
                                    "bottom": "-12",
                                    "left": "0",
                                    "isLinked": false
                                },
                                "_padding": {
                                    "unit": "px",
                                    "top": "0",
                                    "right": "0",
                                    "bottom": "0",
                                    "left": "0",
                                    "isLinked": false
                                }
                            },
                            "elements": [],
                            "isInner": false,
                            "widgetType": "image",
                            "elType": "widget"
                        }
                    ],
                    "isInner": false,
                    "elType": "column"
                },
                {
                    "id": "31c02246",
                    "settings": {
                        "_column_size": 33,
                        "_inline_size": 63.554,
                        "content_position": "center",
                        "margin": {
                            "unit": "px",
                            "top": "0",
                            "right": "0",
                            "bottom": "0",
                            "left": "0",
                            "isLinked": false
                        },
                        "padding": {
                            "unit": "px",
                            "top": "0",
                            "right": "0",
                            "bottom": "0",
                            "left": "0",
                            "isLinked": false
                        },
                        "animation": "fadeInUp",
                        "_inline_size_tablet": 42
                    },
                    "elements": [
                        {
                            "id": "685f430b",
                            "settings": {
                                "align_items": "right",
                                "pointer": "none",
                                "text_align": "center",
                                "menu_typography_typography": "custom",
                                "menu_typography_font_family": "Playfair Display",
                                "menu_typography_font_size": {
                                    "unit": "em",
                                    "size": 0.944,
                                    "sizes": []
                                },
                                "menu_typography_font_weight": "700",
                                "color_menu_item": "#1A1A1A",
                                "color_menu_item_hover": "#7ECF6F",
                                "color_menu_item_active": "#7ECF6F",
                                "color_dropdown_item": "#1A1A1A",
                                "background_color_dropdown_item": "#FFFFFF",
                                "dropdown_typography_typography": "custom",
                                "dropdown_typography_font_family": "Playfair Display",
                                "dropdown_typography_font_size": {
                                    "unit": "em",
                                    "size": 1.2,
                                    "sizes": []
                                },
                                "dropdown_typography_font_weight": "700",
                                "_margin_mobile": {
                                    "unit": "px",
                                    "top": "20",
                                    "right": "0",
                                    "bottom": "0",
                                    "left": "0",
                                    "isLinked": false
                                },
                                "padding_horizontal_menu_item": {
                                    "unit": "px",
                                    "size": 0,
                                    "sizes": []
                                },
                                "menu_space_between": {
                                    "unit": "px",
                                    "size": 39,
                                    "sizes": []
                                },
                                "menu_typography_text_decoration": "none",
                                "indicator": "chevron",
                                "full_width": "stretch",
                                "toggle_align": "right",
                                "menu_typography_text_transform": "none",
                                "menu_typography_line_height": {
                                    "unit": "em",
                                    "size": 1,
                                    "sizes": []
                                },
                                "menu_typography_letter_spacing": {
                                    "unit": "px",
                                    "size": 0,
                                    "sizes": []
                                },
                                "color_dropdown_item_hover": "#7ECF6F",
                                "background_color_dropdown_item_hover": "#FFFFFF",
                                "color_dropdown_item_active": "#7ECF6F",
                                "background_color_dropdown_item_active": "#FFFFFF",
                                "dropdown_typography_text_transform": "none",
                                "dropdown_typography_letter_spacing": {
                                    "unit": "px",
                                    "size": 0,
                                    "sizes": []
                                },
                                "dropdown_border_width": {
                                    "unit": "px",
                                    "top": "0",
                                    "right": "0",
                                    "bottom": "0",
                                    "left": "0",
                                    "isLinked": true
                                },
                                "dropdown_border_radius": {
                                    "unit": "px",
                                    "top": "0",
                                    "right": "0",
                                    "bottom": "0",
                                    "left": "0",
                                    "isLinked": true
                                },
                                "padding_horizontal_dropdown_item": {
                                    "unit": "px",
                                    "size": 30,
                                    "sizes": []
                                },
                                "padding_horizontal_dropdown_item_tablet": {
                                    "unit": "px",
                                    "size": 20,
                                    "sizes": []
                                },
                                "padding_vertical_dropdown_item": {
                                    "unit": "px",
                                    "size": 17,
                                    "sizes": []
                                },
                                "padding_vertical_dropdown_item_tablet": {
                                    "unit": "px",
                                    "size": 17,
                                    "sizes": []
                                },
                                "dropdown_divider_border": "solid",
                                "dropdown_divider_color": "#7ECF6F",
                                "dropdown_divider_width": {
                                    "unit": "px",
                                    "size": 1,
                                    "sizes": []
                                },
                                "dropdown_top_distance": {
                                    "unit": "px",
                                    "size": 38,
                                    "sizes": []
                                },
                                "dropdown_top_distance_mobile": {
                                    "unit": "px",
                                    "size": 21,
                                    "sizes": []
                                },
                                "toggle_color": "#1A1A1A",
                                "toggle_background_color": "rgba(2, 1, 1, 0)",
                                "toggle_color_hover": "#7ECF6F",
                                "toggle_background_color_hover": "rgba(0, 0, 0, 0)",
                                "toggle_size": {
                                    "unit": "px",
                                    "size": 25,
                                    "sizes": []
                                },
                                "toggle_border_width": {
                                    "unit": "px",
                                    "size": 0,
                                    "sizes": []
                                },
                                "toggle_border_radius": {
                                    "unit": "px",
                                    "size": 0,
                                    "sizes": []
                                }
                            },
                            "elements": [],
                            "isInner": false,
                            "widgetType": "nav-menu",
                            "elType": "widget"
                        }
                    ],
                    "isInner": false,
                    "elType": "column"
                },
                {
                    "id": "7548ac39",
                    "settings": {
                        "_column_size": 33,
                        "_inline_size": 20,
                        "content_position": "center",
                        "padding": {
                            "unit": "px",
                            "top": "0",
                            "right": "0",
                            "bottom": "0",
                            "left": "0",
                            "isLinked": false
                        },
                        "padding_tablet": {
                            "unit": "px",
                            "top": "0",
                            "right": "0",
                            "bottom": "0",
                            "left": "0",
                            "isLinked": false
                        },
                        "padding_mobile": {
                            "unit": "px",
                            "top": "0",
                            "right": "0",
                            "bottom": "0",
                            "left": "0",
                            "isLinked": false
                        },
                        "animation": "bounceInRight",
                        "margin": {
                            "unit": "px",
                            "top": "0",
                            "right": "-3",
                            "bottom": "0",
                            "left": "7",
                            "isLinked": false
                        },
                        "_inline_size_tablet": 29,
                        "_inline_size_mobile": 100
                    },
                    "elements": [
                        {
                            "id": "124913f",
                            "settings": {
                                "structure": "20",
                                "margin": {
                                    "unit": "px",
                                    "top": "0",
                                    "right": 0,
                                    "bottom": "0",
                                    "left": 0,
                                    "isLinked": false
                                },
                                "padding": {
                                    "unit": "px",
                                    "top": "0",
                                    "right": "0",
                                    "bottom": "0",
                                    "left": "0",
                                    "isLinked": false
                                },
                                "animation": "fadeInRight",
                                "margin_tablet": {
                                    "unit": "px",
                                    "top": "0",
                                    "right": 0,
                                    "bottom": "0",
                                    "left": 0,
                                    "isLinked": false
                                },
                                "margin_mobile": {
                                    "unit": "px",
                                    "top": "10",
                                    "right": 0,
                                    "bottom": "0",
                                    "left": 0,
                                    "isLinked": false
                                },
                                "padding_tablet": {
                                    "unit": "px",
                                    "top": "0",
                                    "right": "0",
                                    "bottom": "0",
                                    "left": "0",
                                    "isLinked": false
                                },
                                "content_width": {
                                    "unit": "px",
                                    "size": 320,
                                    "sizes": []
                                }
                            },
                            "elements": [
                                {
                                    "id": "28c0665f",
                                    "settings": {
                                        "_column_size": 50,
                                        "_inline_size": 40,
                                        "_inline_size_tablet": 28,
                                        "_inline_size_mobile": 36,
                                        "padding": {
                                            "unit": "px",
                                            "top": "0",
                                            "right": "0",
                                            "bottom": "0",
                                            "left": "0",
                                            "isLinked": false
                                        }
                                    },
                                    "elements": [
                                        {
                                            "id": "69b985f6",
                                            "settings": {
                                                "image": {
                                                    "url": "http:\/\/template-kit.axiomthemes.com\/food-blog\/wp-content\/uploads\/sites\/3\/2020\/01\/telephone-icon-circle.png",
                                                    "id": 884
                                                },
                                                "align": "right",
                                                "image_size": "full",
                                                "align_tablet": "right"
                                            },
                                            "elements": [],
                                            "isInner": false,
                                            "widgetType": "image",
                                            "elType": "widget"
                                        }
                                    ],
                                    "isInner": true,
                                    "elType": "column"
                                },
                                {
                                    "id": "7ea72e13",
                                    "settings": {
                                        "_column_size": 50,
                                        "_inline_size": 60,
                                        "_inline_size_tablet": 72,
                                        "_inline_size_mobile": 50,
                                        "content_position": "center",
                                        "margin": {
                                            "unit": "px",
                                            "top": "0",
                                            "right": "0",
                                            "bottom": "0",
                                            "left": "0",
                                            "isLinked": false
                                        },
                                        "padding": {
                                            "unit": "px",
                                            "top": "0",
                                            "right": "0",
                                            "bottom": "0",
                                            "left": "5",
                                            "isLinked": false
                                        },
                                        "margin_mobile": {
                                            "unit": "px",
                                            "top": "0",
                                            "right": "0",
                                            "bottom": "0",
                                            "left": "0",
                                            "isLinked": false
                                        },
                                        "padding_tablet": {
                                            "unit": "px",
                                            "top": "0",
                                            "right": "20",
                                            "bottom": "0",
                                            "left": "10",
                                            "isLinked": false
                                        }
                                    },
                                    "elements": [
                                        {
                                            "id": "57e13495",
                                            "settings": {
                                                "title": "+1 234 567 89 90",
                                                "title_color": "#1A1A1A",
                                                "typography_typography": "custom",
                                                "typography_font_family": "Playfair Display",
                                                "typography_font_size": {
                                                    "unit": "em",
                                                    "size": 0.944,
                                                    "sizes": []
                                                },
                                                "typography_font_weight": "700",
                                                "typography_letter_spacing": {
                                                    "unit": "px",
                                                    "size": 0,
                                                    "sizes": []
                                                },
                                                "_margin": {
                                                    "unit": "px",
                                                    "top": "0",
                                                    "right": "0",
                                                    "bottom": "0",
                                                    "left": "0",
                                                    "isLinked": false
                                                },
                                                "header_size": "h4",
                                                "link": {
                                                    "url": "tel:+1 234 567 89 90",
                                                    "is_external": "",
                                                    "nofollow": ""
                                                },
                                                "align_mobile": "left",
                                                "_animation_delay": 300,
                                                "align": "right",
                                                "align_tablet": "left"
                                            },
                                            "elements": [],
                                            "isInner": false,
                                            "widgetType": "heading",
                                            "elType": "widget"
                                        }
                                    ],
                                    "isInner": true,
                                    "elType": "column"
                                }
                            ],
                            "isInner": true,
                            "elType": "section"
                        }
                    ],
                    "isInner": false,
                    "elType": "column"
                }
            ],
            "isInner": false,
            "elType": "section"
        }
    ]
}