{
    "version": "0.4",
    "title": "Header",
    "type": "header",
    "metadata": {
        "template_type": "section-header",
        "include_in_zip": "1",
        "elementor_pro_required": "1",
        "elementor_library_type": "header",
        "elementor_pro_conditions": [
            "include\/general"
        ],
        "additional_template_information": [
            "This is a \"Header\" template for Elementor Pro.",
            "This template will display on: Entire Site."
        ],
        "wp_page_template": "default"
    },
    "content": [
        {
            "id": "633584ff",
            "settings": {
                "content_width": {
                    "unit": "px",
                    "size": 1170,
                    "sizes": []
                },
                "background_background": "classic",
                "background_color": "#FFFFFF",
                "padding": {
                    "unit": "px",
                    "top": "40",
                    "right": "0",
                    "bottom": "38",
                    "left": "0",
                    "isLinked": false
                },
                "structure": "30",
                "padding_mobile": {
                    "unit": "px",
                    "top": "40",
                    "right": "15",
                    "bottom": "40",
                    "left": "15",
                    "isLinked": false
                }
            },
            "elements": [
                {
                    "id": "389c2516",
                    "settings": {
                        "_column_size": 33,
                        "_inline_size": 16,
                        "margin": {
                            "unit": "px",
                            "top": "0",
                            "right": "0",
                            "bottom": "0",
                            "left": "0",
                            "isLinked": false
                        },
                        "padding": {
                            "unit": "px",
                            "top": "0",
                            "right": "0",
                            "bottom": "0",
                            "left": "0",
                            "isLinked": false
                        },
                        "space_between_widgets": 0,
                        "content_position": "center",
                        "padding_tablet": {
                            "unit": "px",
                            "top": "0",
                            "right": "0",
                            "bottom": "0",
                            "left": "20",
                            "isLinked": false
                        },
                        "padding_mobile": {
                            "unit": "px",
                            "top": "0",
                            "right": "0",
                            "bottom": "0",
                            "left": "0",
                            "isLinked": false
                        },
                        "animation": "slideInLeft"
                    },
                    "elements": [
                        {
                            "id": "149908cf",
                            "settings": {
                                "image": {
                                    "url": "http:\/\/template-kit.axiomthemes.com\/food-blog\/wp-content\/uploads\/sites\/3\/2020\/01\/logo.png",
                                    "id": 143
                                },
                                "image_size": "full",
                                "align": "left",
                                "align_mobile": "center",
                                "_margin": {
                                    "unit": "px",
                                    "top": "0",
                                    "right": "0",
                                    "bottom": "-12",
                                    "left": "0",
                                    "isLinked": false
                                },
                                "_padding": {
                                    "unit": "px",
                                    "top": "0",
                                    "right": "0",
                                    "bottom": "0",
                                    "left": "0",
                                    "isLinked": false
                                }
                            },
                            "elements": [],
                            "isInner": false,
                            "widgetType": "image",
                            "elType": "widget"
                        }
                    ],
                    "isInner": false,
                    "elType": "column"
                },
                {
                    "id": "617602c3",
                    "settings": {
                        "_column_size": 33,
                        "_inline_size": 69.554,
                        "content_position": "center",
                        "margin": {
                            "unit": "px",
                            "top": "0",
                            "right": "0",
                            "bottom": "0",
                            "left": "0",
                            "isLinked": false
                        },
                        "padding": {
                            "unit": "px",
                            "top": "0",
                            "right": "0",
                            "bottom": "0",
                            "left": "0",
                            "isLinked": false
                        },
                        "animation": "fadeInUp",
                        "_inline_size_tablet": 61
                    },
                    "elements": [
                        {
                            "id": "4382d482",
                            "settings": {
                                "align_items": "left",
                                "pointer": "none",
                                "text_align": "center",
                                "menu_typography_typography": "custom",
                                "menu_typography_font_family": "Playfair Display",
                                "menu_typography_font_size": {
                                    "unit": "em",
                                    "size": 0.944,
                                    "sizes": []
                                },
                                "menu_typography_font_weight": "700",
                                "color_menu_item": "#1A1A1A",
                                "color_menu_item_hover": "#DE4141",
                                "color_menu_item_active": "#DE4141",
                                "color_dropdown_item": "#1A1A1A",
                                "background_color_dropdown_item": "#F9F4EE",
                                "dropdown_typography_typography": "custom",
                                "dropdown_typography_font_family": "Playfair Display",
                                "dropdown_typography_font_size": {
                                    "unit": "em",
                                    "size": 1.2,
                                    "sizes": []
                                },
                                "dropdown_typography_font_weight": "700",
                                "_margin_mobile": {
                                    "unit": "px",
                                    "top": "20",
                                    "right": "0",
                                    "bottom": "0",
                                    "left": "0",
                                    "isLinked": false
                                },
                                "padding_horizontal_menu_item": {
                                    "unit": "px",
                                    "size": 0,
                                    "sizes": []
                                },
                                "menu_space_between": {
                                    "unit": "px",
                                    "size": 39,
                                    "sizes": []
                                },
                                "menu_typography_text_decoration": "none",
                                "indicator": "chevron",
                                "full_width": "stretch",
                                "menu_typography_text_transform": "none",
                                "menu_typography_line_height": {
                                    "unit": "em",
                                    "size": 1,
                                    "sizes": []
                                },
                                "menu_typography_letter_spacing": {
                                    "unit": "px",
                                    "size": 0,
                                    "sizes": []
                                },
                                "color_dropdown_item_hover": "#DE4141",
                                "background_color_dropdown_item_hover": "#F9F4EE",
                                "color_dropdown_item_active": "#DE4141",
                                "background_color_dropdown_item_active": "#F9F4EE",
                                "dropdown_typography_text_transform": "none",
                                "dropdown_typography_letter_spacing": {
                                    "unit": "px",
                                    "size": 0,
                                    "sizes": []
                                },
                                "dropdown_border_width": {
                                    "unit": "px",
                                    "top": "0",
                                    "right": "0",
                                    "bottom": "0",
                                    "left": "0",
                                    "isLinked": true
                                },
                                "dropdown_border_radius": {
                                    "unit": "px",
                                    "top": "0",
                                    "right": "0",
                                    "bottom": "0",
                                    "left": "0",
                                    "isLinked": true
                                },
                                "padding_horizontal_dropdown_item": {
                                    "unit": "px",
                                    "size": 30,
                                    "sizes": []
                                },
                                "padding_vertical_dropdown_item": {
                                    "unit": "px",
                                    "size": 17,
                                    "sizes": []
                                },
                                "dropdown_divider_border": "solid",
                                "dropdown_divider_color": "#EDE0D1",
                                "dropdown_divider_width": {
                                    "unit": "px",
                                    "size": 1,
                                    "sizes": []
                                },
                                "dropdown_top_distance": {
                                    "unit": "px",
                                    "size": 10,
                                    "sizes": []
                                },
                                "toggle_align": "right",
                                "padding_horizontal_dropdown_item_tablet": {
                                    "unit": "px",
                                    "size": 20,
                                    "sizes": []
                                },
                                "padding_vertical_dropdown_item_tablet": {
                                    "unit": "px",
                                    "size": 17,
                                    "sizes": []
                                },
                                "dropdown_top_distance_mobile": {
                                    "unit": "px",
                                    "size": 21,
                                    "sizes": []
                                },
                                "toggle_color": "#1A1A1A",
                                "toggle_background_color": "rgba(2, 1, 1, 0)",
                                "toggle_color_hover": "#7ECF6F",
                                "toggle_background_color_hover": "rgba(0, 0, 0, 0)",
                                "toggle_size": {
                                    "unit": "px",
                                    "size": 25,
                                    "sizes": []
                                },
                                "toggle_border_width": {
                                    "unit": "px",
                                    "size": 0,
                                    "sizes": []
                                },
                                "toggle_border_radius": {
                                    "unit": "px",
                                    "size": 0,
                                    "sizes": []
                                }
                            },
                            "elements": [],
                            "isInner": false,
                            "widgetType": "nav-menu",
                            "elType": "widget"
                        }
                    ],
                    "isInner": false,
                    "elType": "column"
                },
                {
                    "id": "5ee96362",
                    "settings": {
                        "_column_size": 33,
                        "_inline_size": 14,
                        "content_position": "center",
                        "padding": {
                            "unit": "px",
                            "top": "0",
                            "right": "0",
                            "bottom": "0",
                            "left": "0",
                            "isLinked": false
                        },
                        "padding_tablet": {
                            "unit": "px",
                            "top": "0",
                            "right": "20",
                            "bottom": "0",
                            "left": "0",
                            "isLinked": false
                        },
                        "padding_mobile": {
                            "unit": "px",
                            "top": "0",
                            "right": "0",
                            "bottom": "0",
                            "left": "0",
                            "isLinked": false
                        },
                        "animation": "bounceInRight",
                        "_inline_size_tablet": 23
                    },
                    "elements": [
                        {
                            "id": "5f0fd874",
                            "settings": {
                                "social_icon_list": [
                                    {
                                        "social_icon": {
                                            "value": "fab fa-facebook-f",
                                            "library": "fa-brands"
                                        },
                                        "_id": "31ebe39",
                                        "link": {
                                            "url": "",
                                            "is_external": "true",
                                            "nofollow": ""
                                        },
                                        "item_icon_color": "default",
                                        "item_icon_primary_color": "",
                                        "item_icon_secondary_color": ""
                                    },
                                    {
                                        "social_icon": {
                                            "value": "fab fa-twitter",
                                            "library": "fa-brands"
                                        },
                                        "_id": "2a8a71f",
                                        "link": {
                                            "url": "",
                                            "is_external": "true",
                                            "nofollow": ""
                                        },
                                        "item_icon_color": "default",
                                        "item_icon_primary_color": "",
                                        "item_icon_secondary_color": ""
                                    },
                                    {
                                        "social_icon": {
                                            "value": "fab fa-instagram",
                                            "library": "fa-brands"
                                        },
                                        "_id": "feb185c",
                                        "link": {
                                            "url": "",
                                            "is_external": "true",
                                            "nofollow": ""
                                        },
                                        "item_icon_color": "default",
                                        "item_icon_primary_color": "",
                                        "item_icon_secondary_color": ""
                                    }
                                ],
                                "align": "right",
                                "align_mobile": "center",
                                "icon_color": "custom",
                                "icon_primary_color": "#F9F4EE",
                                "icon_secondary_color": "#1A1A1A",
                                "icon_size": {
                                    "unit": "px",
                                    "size": 16,
                                    "sizes": []
                                },
                                "icon_padding": {
                                    "unit": "em",
                                    "size": 0.7,
                                    "sizes": []
                                },
                                "icon_spacing": {
                                    "unit": "px",
                                    "size": 11,
                                    "sizes": []
                                },
                                "border_radius": {
                                    "unit": "%",
                                    "top": "50",
                                    "right": "50",
                                    "bottom": "50",
                                    "left": "50",
                                    "isLinked": true
                                },
                                "hover_animation": "float",
                                "_margin": {
                                    "unit": "px",
                                    "top": "0",
                                    "right": "0",
                                    "bottom": "0",
                                    "left": "0",
                                    "isLinked": false
                                },
                                "_margin_mobile": {
                                    "unit": "px",
                                    "top": "20",
                                    "right": "0",
                                    "bottom": "0",
                                    "left": "0",
                                    "isLinked": false
                                }
                            },
                            "elements": [],
                            "isInner": false,
                            "widgetType": "social-icons",
                            "elType": "widget"
                        }
                    ],
                    "isInner": false,
                    "elType": "column"
                }
            ],
            "isInner": false,
            "elType": "section"
        }
    ]
}