{
    "version": "0.4",
    "title": "Home 1",
    "type": "section",
    "metadata": {
        "template_type": "single-home",
        "include_in_zip": "1",
        "elementor_pro_required": "1",
        "wp_page_template": "elementor_header_footer"
    },
    "content": [
        {
            "id": "22cef976",
            "settings": {
                "stretch_section": "section-stretched",
                "content_width": {
                    "unit": "px",
                    "size": 1170,
                    "sizes": []
                },
                "height": "min-height",
                "custom_height": {
                    "unit": "px",
                    "size": 830,
                    "sizes": []
                },
                "column_position": "bottom",
                "background_background": "classic",
                "margin": {
                    "unit": "px",
                    "top": "0",
                    "right": 0,
                    "bottom": "0",
                    "left": 0,
                    "isLinked": false
                },
                "padding": {
                    "unit": "px",
                    "top": "0",
                    "right": "0",
                    "bottom": "0",
                    "left": "0",
                    "isLinked": false
                },
                "custom_height_tablet": {
                    "unit": "px",
                    "size": 550,
                    "sizes": []
                },
                "custom_height_mobile": {
                    "unit": "px",
                    "size": 276,
                    "sizes": []
                },
                "padding_tablet": {
                    "unit": "px",
                    "top": "0",
                    "right": "0",
                    "bottom": "0",
                    "left": "0",
                    "isLinked": false
                },
                "padding_mobile": {
                    "unit": "px",
                    "top": "0",
                    "right": "15",
                    "bottom": "0",
                    "left": "15",
                    "isLinked": false
                },
                "animation": "slideInUp",
                "animation_delay": 500,
                "background_image": {
                    "url": "http:\/\/template-kit.axiomthemes.com\/food-blog\/wp-content\/uploads\/sites\/3\/2020\/01\/alex-loup-aV9qf-Zy3E0-unsplash-scaled.jpg",
                    "id": 1547
                },
                "background_position": "center center",
                "background_repeat": "no-repeat",
                "background_size": "cover"
            },
            "elements": [
                {
                    "id": "7ebf0488",
                    "settings": {
                        "_column_size": 100,
                        "padding": {
                            "unit": "px",
                            "top": "0",
                            "right": "0",
                            "bottom": "0",
                            "left": "0",
                            "isLinked": false
                        }
                    },
                    "elements": [
                        {
                            "id": "6046a503",
                            "settings": {
                                "content_width": {
                                    "unit": "px",
                                    "size": 570,
                                    "sizes": []
                                },
                                "custom_height_inner": {
                                    "unit": "px",
                                    "size": 311,
                                    "sizes": []
                                },
                                "margin": {
                                    "unit": "px",
                                    "top": "0",
                                    "right": 0,
                                    "bottom": "0",
                                    "left": 0,
                                    "isLinked": false
                                },
                                "padding": {
                                    "unit": "px",
                                    "top": "0",
                                    "right": "0",
                                    "bottom": "150",
                                    "left": "0",
                                    "isLinked": false
                                },
                                "padding_tablet": {
                                    "unit": "px",
                                    "top": "0",
                                    "right": "0",
                                    "bottom": "125",
                                    "left": "0",
                                    "isLinked": false
                                },
                                "padding_mobile": {
                                    "unit": "px",
                                    "top": "0",
                                    "right": "0",
                                    "bottom": "50",
                                    "left": "0",
                                    "isLinked": false
                                }
                            },
                            "elements": [
                                {
                                    "id": "41a5c9b6",
                                    "settings": {
                                        "_column_size": 100,
                                        "_inline_size": null,
                                        "space_between_widgets": 0,
                                        "background_background": "classic",
                                        "background_color": "#FFFFFF",
                                        "border_radius": {
                                            "unit": "px",
                                            "top": "12",
                                            "right": "12",
                                            "bottom": "12",
                                            "left": "12",
                                            "isLinked": true
                                        },
                                        "padding": {
                                            "unit": "px",
                                            "top": "64",
                                            "right": "50",
                                            "bottom": "80",
                                            "left": "50",
                                            "isLinked": false
                                        },
                                        "padding_mobile": {
                                            "unit": "px",
                                            "top": "30",
                                            "right": "20",
                                            "bottom": "40",
                                            "left": "20",
                                            "isLinked": false
                                        },
                                        "margin_mobile": {
                                            "unit": "px",
                                            "top": "0",
                                            "right": "0",
                                            "bottom": "0",
                                            "left": "0",
                                            "isLinked": false
                                        }
                                    },
                                    "elements": [
                                        {
                                            "id": "2d8fd1ab",
                                            "settings": {
                                                "text": "Recipes",
                                                "align": "center",
                                                "typography_typography": "custom",
                                                "typography_font_family": "Playfair Display",
                                                "typography_font_size": {
                                                    "unit": "em",
                                                    "size": 0.8,
                                                    "sizes": []
                                                },
                                                "typography_font_weight": "700",
                                                "button_text_color": "#DE4141",
                                                "background_color": "#F9F4EE",
                                                "border_radius": {
                                                    "unit": "px",
                                                    "top": "7",
                                                    "right": "7",
                                                    "bottom": "7",
                                                    "left": "7",
                                                    "isLinked": true
                                                },
                                                "text_padding": {
                                                    "unit": "px",
                                                    "top": "7",
                                                    "right": "12",
                                                    "bottom": "7",
                                                    "left": "12",
                                                    "isLinked": false
                                                },
                                                "_margin": {
                                                    "unit": "px",
                                                    "top": "0",
                                                    "right": "0",
                                                    "bottom": "0",
                                                    "left": "0",
                                                    "isLinked": false
                                                },
                                                "_padding": {
                                                    "unit": "px",
                                                    "top": "0",
                                                    "right": "0",
                                                    "bottom": "0",
                                                    "left": "0",
                                                    "isLinked": false
                                                },
                                                "hover_color": "#1A1A1A",
                                                "typography_text_decoration": "none"
                                            },
                                            "elements": [],
                                            "isInner": false,
                                            "widgetType": "button",
                                            "elType": "widget"
                                        },
                                        {
                                            "id": "7412ad96",
                                            "settings": {
                                                "title": "Tarte with Meringue and Lemon Cream",
                                                "align": "center",
                                                "title_color": "#1A1A1A",
                                                "typography_typography": "custom",
                                                "typography_font_family": "Playfair Display",
                                                "typography_font_size": {
                                                    "unit": "em",
                                                    "size": 2.222,
                                                    "sizes": []
                                                },
                                                "typography_font_weight": "700",
                                                "typography_line_height": {
                                                    "unit": "em",
                                                    "size": 1,
                                                    "sizes": []
                                                },
                                                "typography_letter_spacing": {
                                                    "unit": "px",
                                                    "size": 0,
                                                    "sizes": []
                                                },
                                                "_margin": {
                                                    "unit": "px",
                                                    "top": "22",
                                                    "right": "0",
                                                    "bottom": "0",
                                                    "left": "0",
                                                    "isLinked": false
                                                },
                                                "header_size": "h1",
                                                "link": {
                                                    "url": "#",
                                                    "is_external": "",
                                                    "nofollow": ""
                                                },
                                                "typography_font_size_mobile": {
                                                    "unit": "em",
                                                    "size": 1.6,
                                                    "sizes": []
                                                },
                                                "typography_line_height_mobile": {
                                                    "unit": "em",
                                                    "size": 1.2,
                                                    "sizes": []
                                                },
                                                "_margin_mobile": {
                                                    "unit": "px",
                                                    "top": "10",
                                                    "right": "0",
                                                    "bottom": "0",
                                                    "left": "0",
                                                    "isLinked": false
                                                },
                                                "typography_text_decoration": "none"
                                            },
                                            "elements": [],
                                            "isInner": false,
                                            "widgetType": "heading",
                                            "elType": "widget"
                                        }
                                    ],
                                    "isInner": true,
                                    "elType": "column"
                                }
                            ],
                            "isInner": true,
                            "elType": "section"
                        }
                    ],
                    "isInner": false,
                    "elType": "column"
                }
            ],
            "isInner": false,
            "elType": "section"
        },
        {
            "id": "75111b4",
            "settings": {
                "content_width": {
                    "unit": "px",
                    "size": 1170,
                    "sizes": []
                },
                "structure": "50",
                "background_background": "classic",
                "background_color": "#F9F4EE",
                "padding": {
                    "unit": "px",
                    "top": "100",
                    "right": "0",
                    "bottom": "100",
                    "left": "0",
                    "isLinked": false
                },
                "padding_tablet": {
                    "unit": "px",
                    "top": "60",
                    "right": "20",
                    "bottom": "60",
                    "left": "20",
                    "isLinked": false
                },
                "padding_mobile": {
                    "unit": "px",
                    "top": "50",
                    "right": "15",
                    "bottom": "50",
                    "left": "15",
                    "isLinked": false
                }
            },
            "elements": [
                {
                    "id": "45f2298d",
                    "settings": {
                        "_column_size": 20,
                        "_inline_size": null,
                        "space_between_widgets": 0,
                        "background_background": "classic",
                        "background_color": "#FFFFFF",
                        "border_radius": {
                            "unit": "px",
                            "top": "12",
                            "right": "12",
                            "bottom": "12",
                            "left": "12",
                            "isLinked": true
                        },
                        "margin": {
                            "unit": "px",
                            "top": "0",
                            "right": "16",
                            "bottom": "0",
                            "left": "0",
                            "isLinked": false
                        },
                        "padding": {
                            "unit": "px",
                            "top": "42",
                            "right": "40",
                            "bottom": "40",
                            "left": "40",
                            "isLinked": false
                        },
                        "margin_mobile": {
                            "unit": "px",
                            "top": "0",
                            "right": "0",
                            "bottom": "0",
                            "left": "0",
                            "isLinked": false
                        },
                        "padding_tablet": {
                            "unit": "px",
                            "top": "25",
                            "right": "20",
                            "bottom": "25",
                            "left": "20",
                            "isLinked": false
                        },
                        "padding_mobile": {
                            "unit": "px",
                            "top": "40",
                            "right": "20",
                            "bottom": "40",
                            "left": "20",
                            "isLinked": false
                        },
                        "animation": "slideInUp"
                    },
                    "elements": [
                        {
                            "id": "3c52ba0c",
                            "settings": {
                                "image": {
                                    "url": "http:\/\/template-kit.axiomthemes.com\/food-blog\/wp-content\/uploads\/sites\/3\/2020\/01\/salad-icon.png",
                                    "id": 49
                                }
                            },
                            "elements": [],
                            "isInner": false,
                            "widgetType": "image",
                            "elType": "widget"
                        },
                        {
                            "id": "4ff65b86",
                            "settings": {
                                "title": "Chicken Recipes",
                                "align": "center",
                                "title_color": "#1A1A1A",
                                "typography_typography": "custom",
                                "typography_font_family": "Playfair Display",
                                "typography_font_size": {
                                    "unit": "em",
                                    "size": 0.889,
                                    "sizes": []
                                },
                                "typography_font_weight": "700",
                                "typography_line_height": {
                                    "unit": "em",
                                    "size": 1,
                                    "sizes": []
                                },
                                "typography_letter_spacing": {
                                    "unit": "px",
                                    "size": 0,
                                    "sizes": []
                                },
                                "_margin": {
                                    "unit": "px",
                                    "top": "22",
                                    "right": "0",
                                    "bottom": "0",
                                    "left": "0",
                                    "isLinked": false
                                },
                                "link": {
                                    "url": "#",
                                    "is_external": "",
                                    "nofollow": ""
                                },
                                "header_size": "h4"
                            },
                            "elements": [],
                            "isInner": false,
                            "widgetType": "heading",
                            "elType": "widget"
                        }
                    ],
                    "isInner": false,
                    "elType": "column"
                },
                {
                    "id": "17fa9ab8",
                    "settings": {
                        "_column_size": 20,
                        "_inline_size": null,
                        "space_between_widgets": 0,
                        "background_background": "classic",
                        "background_color": "#FFFFFF",
                        "border_radius": {
                            "unit": "px",
                            "top": "12",
                            "right": "12",
                            "bottom": "12",
                            "left": "12",
                            "isLinked": true
                        },
                        "margin": {
                            "unit": "px",
                            "top": "0",
                            "right": "12",
                            "bottom": "0",
                            "left": "4",
                            "isLinked": false
                        },
                        "padding": {
                            "unit": "px",
                            "top": "42",
                            "right": "40",
                            "bottom": "40",
                            "left": "40",
                            "isLinked": false
                        },
                        "margin_mobile": {
                            "unit": "px",
                            "top": "20",
                            "right": "0",
                            "bottom": "0",
                            "left": "0",
                            "isLinked": false
                        },
                        "padding_tablet": {
                            "unit": "px",
                            "top": "25",
                            "right": "20",
                            "bottom": "25",
                            "left": "20",
                            "isLinked": false
                        },
                        "padding_mobile": {
                            "unit": "px",
                            "top": "40",
                            "right": "20",
                            "bottom": "40",
                            "left": "20",
                            "isLinked": false
                        },
                        "animation": "slideInUp",
                        "animation_delay": 100
                    },
                    "elements": [
                        {
                            "id": "7b8c687a",
                            "settings": {
                                "image": {
                                    "url": "http:\/\/template-kit.axiomthemes.com\/food-blog\/wp-content\/uploads\/sites\/3\/2020\/01\/cupcake-icon.png",
                                    "id": 59
                                }
                            },
                            "elements": [],
                            "isInner": false,
                            "widgetType": "image",
                            "elType": "widget"
                        },
                        {
                            "id": "7e9a5d66",
                            "settings": {
                                "title": "Pasta Recipes",
                                "align": "center",
                                "title_color": "#1A1A1A",
                                "typography_typography": "custom",
                                "typography_font_family": "Playfair Display",
                                "typography_font_size": {
                                    "unit": "em",
                                    "size": 0.889,
                                    "sizes": []
                                },
                                "typography_font_weight": "700",
                                "typography_line_height": {
                                    "unit": "em",
                                    "size": 1,
                                    "sizes": []
                                },
                                "typography_letter_spacing": {
                                    "unit": "px",
                                    "size": 0,
                                    "sizes": []
                                },
                                "_margin": {
                                    "unit": "px",
                                    "top": "18",
                                    "right": "0",
                                    "bottom": "0",
                                    "left": "0",
                                    "isLinked": false
                                },
                                "link": {
                                    "url": "#",
                                    "is_external": "",
                                    "nofollow": ""
                                },
                                "header_size": "h4"
                            },
                            "elements": [],
                            "isInner": false,
                            "widgetType": "heading",
                            "elType": "widget"
                        }
                    ],
                    "isInner": false,
                    "elType": "column"
                },
                {
                    "id": "16db5502",
                    "settings": {
                        "_column_size": 20,
                        "_inline_size": null,
                        "space_between_widgets": 0,
                        "background_background": "classic",
                        "background_color": "#FFFFFF",
                        "border_radius": {
                            "unit": "px",
                            "top": "12",
                            "right": "12",
                            "bottom": "12",
                            "left": "12",
                            "isLinked": true
                        },
                        "margin": {
                            "unit": "px",
                            "top": "0",
                            "right": "8",
                            "bottom": "0",
                            "left": "8",
                            "isLinked": false
                        },
                        "padding": {
                            "unit": "px",
                            "top": "42",
                            "right": "40",
                            "bottom": "40",
                            "left": "40",
                            "isLinked": false
                        },
                        "margin_mobile": {
                            "unit": "px",
                            "top": "20",
                            "right": "0",
                            "bottom": "0",
                            "left": "0",
                            "isLinked": false
                        },
                        "padding_tablet": {
                            "unit": "px",
                            "top": "25",
                            "right": "20",
                            "bottom": "25",
                            "left": "20",
                            "isLinked": false
                        },
                        "padding_mobile": {
                            "unit": "px",
                            "top": "40",
                            "right": "20",
                            "bottom": "40",
                            "left": "20",
                            "isLinked": false
                        },
                        "animation": "slideInUp",
                        "animation_delay": 200
                    },
                    "elements": [
                        {
                            "id": "5cacd39",
                            "settings": {
                                "image": {
                                    "url": "http:\/\/template-kit.axiomthemes.com\/food-blog\/wp-content\/uploads\/sites\/3\/2020\/01\/stew-icon.png",
                                    "id": 60
                                }
                            },
                            "elements": [],
                            "isInner": false,
                            "widgetType": "image",
                            "elType": "widget"
                        },
                        {
                            "id": "5c960f8d",
                            "settings": {
                                "title": "Shrimp Recipes",
                                "align": "center",
                                "title_color": "#1A1A1A",
                                "typography_typography": "custom",
                                "typography_font_family": "Playfair Display",
                                "typography_font_size": {
                                    "unit": "em",
                                    "size": 0.889,
                                    "sizes": []
                                },
                                "typography_font_weight": "700",
                                "typography_line_height": {
                                    "unit": "em",
                                    "size": 1,
                                    "sizes": []
                                },
                                "typography_letter_spacing": {
                                    "unit": "px",
                                    "size": 0,
                                    "sizes": []
                                },
                                "_margin": {
                                    "unit": "px",
                                    "top": "22",
                                    "right": "0",
                                    "bottom": "0",
                                    "left": "0",
                                    "isLinked": false
                                },
                                "link": {
                                    "url": "#",
                                    "is_external": "",
                                    "nofollow": ""
                                },
                                "header_size": "h4"
                            },
                            "elements": [],
                            "isInner": false,
                            "widgetType": "heading",
                            "elType": "widget"
                        }
                    ],
                    "isInner": false,
                    "elType": "column"
                },
                {
                    "id": "4cd2a2b4",
                    "settings": {
                        "_column_size": 20,
                        "_inline_size": null,
                        "space_between_widgets": 0,
                        "background_background": "classic",
                        "background_color": "#FFFFFF",
                        "border_radius": {
                            "unit": "px",
                            "top": "12",
                            "right": "12",
                            "bottom": "12",
                            "left": "12",
                            "isLinked": true
                        },
                        "margin": {
                            "unit": "px",
                            "top": "0",
                            "right": "4",
                            "bottom": "0",
                            "left": "12",
                            "isLinked": false
                        },
                        "padding": {
                            "unit": "px",
                            "top": "42",
                            "right": "40",
                            "bottom": "40",
                            "left": "40",
                            "isLinked": false
                        },
                        "margin_mobile": {
                            "unit": "px",
                            "top": "20",
                            "right": "0",
                            "bottom": "0",
                            "left": "0",
                            "isLinked": false
                        },
                        "padding_tablet": {
                            "unit": "px",
                            "top": "25",
                            "right": "20",
                            "bottom": "25",
                            "left": "20",
                            "isLinked": false
                        },
                        "padding_mobile": {
                            "unit": "px",
                            "top": "40",
                            "right": "20",
                            "bottom": "40",
                            "left": "20",
                            "isLinked": false
                        },
                        "animation": "slideInUp",
                        "animation_delay": 300
                    },
                    "elements": [
                        {
                            "id": "2e0bfde1",
                            "settings": {
                                "image": {
                                    "url": "http:\/\/template-kit.axiomthemes.com\/food-blog\/wp-content\/uploads\/sites\/3\/2020\/01\/rice-icon.png",
                                    "id": 61
                                }
                            },
                            "elements": [],
                            "isInner": false,
                            "widgetType": "image",
                            "elType": "widget"
                        },
                        {
                            "id": "2e1b546f",
                            "settings": {
                                "title": "Vegan Recipes",
                                "align": "center",
                                "title_color": "#1A1A1A",
                                "typography_typography": "custom",
                                "typography_font_family": "Playfair Display",
                                "typography_font_size": {
                                    "unit": "em",
                                    "size": 0.889,
                                    "sizes": []
                                },
                                "typography_font_weight": "700",
                                "typography_line_height": {
                                    "unit": "em",
                                    "size": 1,
                                    "sizes": []
                                },
                                "typography_letter_spacing": {
                                    "unit": "px",
                                    "size": 0,
                                    "sizes": []
                                },
                                "_margin": {
                                    "unit": "px",
                                    "top": "18",
                                    "right": "0",
                                    "bottom": "0",
                                    "left": "0",
                                    "isLinked": false
                                },
                                "link": {
                                    "url": "#",
                                    "is_external": "",
                                    "nofollow": ""
                                },
                                "header_size": "h4"
                            },
                            "elements": [],
                            "isInner": false,
                            "widgetType": "heading",
                            "elType": "widget"
                        }
                    ],
                    "isInner": false,
                    "elType": "column"
                },
                {
                    "id": "57ea2992",
                    "settings": {
                        "_column_size": 20,
                        "_inline_size": null,
                        "space_between_widgets": 0,
                        "background_background": "classic",
                        "background_color": "#FFFFFF",
                        "border_radius": {
                            "unit": "px",
                            "top": "12",
                            "right": "12",
                            "bottom": "12",
                            "left": "12",
                            "isLinked": true
                        },
                        "margin": {
                            "unit": "px",
                            "top": "0",
                            "right": "0",
                            "bottom": "0",
                            "left": "16",
                            "isLinked": false
                        },
                        "padding": {
                            "unit": "px",
                            "top": "42",
                            "right": "40",
                            "bottom": "40",
                            "left": "40",
                            "isLinked": false
                        },
                        "margin_mobile": {
                            "unit": "px",
                            "top": "20",
                            "right": "0",
                            "bottom": "0",
                            "left": "0",
                            "isLinked": false
                        },
                        "padding_tablet": {
                            "unit": "px",
                            "top": "25",
                            "right": "20",
                            "bottom": "25",
                            "left": "20",
                            "isLinked": false
                        },
                        "padding_mobile": {
                            "unit": "px",
                            "top": "40",
                            "right": "20",
                            "bottom": "40",
                            "left": "20",
                            "isLinked": false
                        },
                        "animation": "slideInUp",
                        "animation_delay": 400
                    },
                    "elements": [
                        {
                            "id": "6d5589c4",
                            "settings": {
                                "image": {
                                    "url": "http:\/\/template-kit.axiomthemes.com\/food-blog\/wp-content\/uploads\/sites\/3\/2020\/01\/food-icon.png",
                                    "id": 62
                                }
                            },
                            "elements": [],
                            "isInner": false,
                            "widgetType": "image",
                            "elType": "widget"
                        },
                        {
                            "id": "4f09ffda",
                            "settings": {
                                "title": "Pastry Recipes",
                                "align": "center",
                                "title_color": "#1A1A1A",
                                "typography_typography": "custom",
                                "typography_font_family": "Playfair Display",
                                "typography_font_size": {
                                    "unit": "em",
                                    "size": 0.889,
                                    "sizes": []
                                },
                                "typography_font_weight": "700",
                                "typography_line_height": {
                                    "unit": "em",
                                    "size": 1,
                                    "sizes": []
                                },
                                "typography_letter_spacing": {
                                    "unit": "px",
                                    "size": 0,
                                    "sizes": []
                                },
                                "_margin": {
                                    "unit": "px",
                                    "top": "20",
                                    "right": "0",
                                    "bottom": "0",
                                    "left": "0",
                                    "isLinked": false
                                },
                                "link": {
                                    "url": "#",
                                    "is_external": "",
                                    "nofollow": ""
                                },
                                "header_size": "h4"
                            },
                            "elements": [],
                            "isInner": false,
                            "widgetType": "heading",
                            "elType": "widget"
                        }
                    ],
                    "isInner": false,
                    "elType": "column"
                }
            ],
            "isInner": false,
            "elType": "section"
        },
        {
            "id": "1940b390",
            "settings": {
                "content_width": {
                    "unit": "px",
                    "size": 520,
                    "sizes": []
                },
                "background_background": "classic",
                "background_color": "#FFFFFF",
                "padding": {
                    "unit": "px",
                    "top": "98",
                    "right": "0",
                    "bottom": "40",
                    "left": "0",
                    "isLinked": false
                },
                "padding_tablet": {
                    "unit": "px",
                    "top": "60",
                    "right": "0",
                    "bottom": "25",
                    "left": "0",
                    "isLinked": false
                },
                "padding_mobile": {
                    "unit": "px",
                    "top": "40",
                    "right": "15",
                    "bottom": "20",
                    "left": "15",
                    "isLinked": false
                }
            },
            "elements": [
                {
                    "id": "56e0774c",
                    "settings": {
                        "_column_size": 100,
                        "_inline_size": null,
                        "margin": {
                            "unit": "px",
                            "top": "0",
                            "right": "0",
                            "bottom": "0",
                            "left": "0",
                            "isLinked": false
                        },
                        "padding": {
                            "unit": "px",
                            "top": "0",
                            "right": "0",
                            "bottom": "0",
                            "left": "0",
                            "isLinked": false
                        },
                        "space_between_widgets": 0
                    },
                    "elements": [
                        {
                            "id": "1cff7060",
                            "settings": {
                                "title": "Popular Recipes",
                                "align": "center",
                                "title_color": "#1A1A1A",
                                "typography_typography": "custom",
                                "typography_font_family": "Playfair Display",
                                "typography_font_size": {
                                    "unit": "em",
                                    "size": 2.167,
                                    "sizes": []
                                },
                                "typography_font_weight": "700",
                                "typography_line_height": {
                                    "unit": "em",
                                    "size": 1,
                                    "sizes": []
                                },
                                "typography_letter_spacing": {
                                    "unit": "px",
                                    "size": -1,
                                    "sizes": []
                                },
                                "_margin": {
                                    "unit": "px",
                                    "top": "0",
                                    "right": "0",
                                    "bottom": "0",
                                    "left": "0",
                                    "isLinked": false
                                },
                                "_padding": {
                                    "unit": "px",
                                    "top": "56",
                                    "right": "0",
                                    "bottom": "0",
                                    "left": "0",
                                    "isLinked": false
                                },
                                "_background_background": "classic",
                                "_background_image": {
                                    "url": "http:\/\/template-kit.axiomthemes.com\/food-blog\/wp-content\/uploads\/sites\/3\/2020\/01\/title-decoraion.png",
                                    "id": 76
                                },
                                "_background_position": "top center",
                                "_background_repeat": "no-repeat",
                                "typography_font_size_mobile": {
                                    "unit": "em",
                                    "size": 1.5,
                                    "sizes": []
                                },
                                "_padding_tablet": {
                                    "unit": "px",
                                    "top": "40",
                                    "right": "0",
                                    "bottom": "0",
                                    "left": "0",
                                    "isLinked": false
                                },
                                "_padding_mobile": {
                                    "unit": "px",
                                    "top": "30",
                                    "right": "0",
                                    "bottom": "0",
                                    "left": "0",
                                    "isLinked": false
                                },
                                "_animation": "slideInUp"
                            },
                            "elements": [],
                            "isInner": false,
                            "widgetType": "heading",
                            "elType": "widget"
                        },
                        {
                            "id": "34e71b8d",
                            "settings": {
                                "editor": "<p>Nam ut rutrum ex, venenatis sollicitudin urna. Aliquam erat volutpat. Ut bibendum lacus vestibulum maximus.<\/p>",
                                "align": "center",
                                "text_color": "#6E6E6E",
                                "typography_typography": "custom",
                                "typography_font_family": "Lora",
                                "typography_font_size": {
                                    "unit": "em",
                                    "size": 0.889,
                                    "sizes": []
                                },
                                "typography_line_height": {
                                    "unit": "px",
                                    "size": 26,
                                    "sizes": []
                                },
                                "typography_letter_spacing": {
                                    "unit": "px",
                                    "size": 0,
                                    "sizes": []
                                },
                                "_margin": {
                                    "unit": "px",
                                    "top": "25",
                                    "right": "0",
                                    "bottom": "0",
                                    "left": "0",
                                    "isLinked": false
                                },
                                "_padding": {
                                    "unit": "px",
                                    "top": "0",
                                    "right": "0",
                                    "bottom": "0",
                                    "left": "0",
                                    "isLinked": false
                                },
                                "_animation": "slideInUp",
                                "_animation_delay": 300
                            },
                            "elements": [],
                            "isInner": false,
                            "widgetType": "text-editor",
                            "elType": "widget"
                        }
                    ],
                    "isInner": false,
                    "elType": "column"
                }
            ],
            "isInner": false,
            "elType": "section"
        },
        {
            "id": "765df310",
            "settings": {
                "content_width": {
                    "unit": "px",
                    "size": 1170,
                    "sizes": []
                },
                "background_background": "classic",
                "background_color": "#FFFFFF",
                "padding": {
                    "unit": "px",
                    "top": "0",
                    "right": "0",
                    "bottom": "110",
                    "left": "0",
                    "isLinked": false
                },
                "padding_tablet": {
                    "unit": "px",
                    "top": "0",
                    "right": "20",
                    "bottom": "60",
                    "left": "20",
                    "isLinked": false
                },
                "padding_mobile": {
                    "unit": "px",
                    "top": "0",
                    "right": "15",
                    "bottom": "45",
                    "left": "15",
                    "isLinked": false
                }
            },
            "elements": [
                {
                    "id": "1d059906",
                    "settings": {
                        "_column_size": 100,
                        "_inline_size": null,
                        "padding": {
                            "unit": "px",
                            "top": "0",
                            "right": "0",
                            "bottom": "0",
                            "left": "0",
                            "isLinked": false
                        }
                    },
                    "elements": [
                        {
                            "id": "77d2fad4",
                            "settings": {
                                "classic_meta_separator": "",
                                "classic_read_more_text": "Read More \u00bb",
                                "cards_meta_separator": "\u2022",
                                "cards_read_more_text": "Read More \u00bb",
                                "full_content_meta_separator": "\/\/\/",
                                "pagination_page_limit": "5",
                                "pagination_prev_label": "&laquo; Previous",
                                "pagination_next_label": "Next &raquo;",
                                "classic_columns": "4",
                                "classic_masonry": "yes",
                                "classic_thumbnail_size_size": "full",
                                "classic_show_excerpt": "",
                                "classic_meta_data": [
                                    "date"
                                ],
                                "classic_show_read_more": "",
                                "classic_box_border_width": {
                                    "unit": "px",
                                    "top": "0",
                                    "right": "0",
                                    "bottom": "0",
                                    "left": "0",
                                    "isLinked": false
                                },
                                "classic_img_border_radius": {
                                    "unit": "px",
                                    "top": "8",
                                    "right": "8",
                                    "bottom": "8",
                                    "left": "8",
                                    "isLinked": true
                                },
                                "classic_title_color": "#1A1A1A",
                                "classic_title_typography_typography": "custom",
                                "classic_title_typography_font_family": "Playfair Display",
                                "classic_title_typography_font_size": {
                                    "unit": "em",
                                    "size": 1.08,
                                    "sizes": []
                                },
                                "classic_title_typography_font_weight": "700",
                                "classic_title_spacing": {
                                    "unit": "px",
                                    "size": 14,
                                    "sizes": []
                                },
                                "classic_meta_color": "#969696",
                                "classic_meta_typography_typography": "custom",
                                "classic_meta_typography_font_family": "Roboto",
                                "classic_meta_typography_font_size": {
                                    "unit": "em",
                                    "size": 0.722,
                                    "sizes": []
                                },
                                "classic_meta_typography_letter_spacing": {
                                    "unit": "px",
                                    "size": -0.2,
                                    "sizes": []
                                },
                                "classic_meta_spacing": {
                                    "unit": "px",
                                    "size": 6,
                                    "sizes": []
                                },
                                "posts_include": [
                                    "terms"
                                ],
                                "posts_include_term_ids": [],
                                "classic_posts_per_page": 12,
                                "posts_exclude": [
                                    "terms"
                                ],
                                "_animation": "fadeInUp",
                                "classic_title_typography_text_decoration": "none"
                            },
                            "elements": [],
                            "isInner": false,
                            "widgetType": "posts",
                            "elType": "widget"
                        }
                    ],
                    "isInner": false,
                    "elType": "column"
                }
            ],
            "isInner": false,
            "elType": "section"
        },
        {
            "id": "3a3e8fbf",
            "settings": {
                "content_width": {
                    "unit": "px",
                    "size": 450,
                    "sizes": []
                },
                "custom_height": {
                    "unit": "px",
                    "size": 828,
                    "sizes": []
                },
                "background_background": "classic",
                "background_image": {
                    "url": "http:\/\/template-kit.axiomthemes.com\/food-blog\/wp-content\/uploads\/sites\/3\/2020\/02\/ella-olsson-rD3YrnhTmf0-unsplash.jpg",
                    "id": 2301
                },
                "padding": {
                    "unit": "px",
                    "top": "361",
                    "right": "0",
                    "bottom": "260",
                    "left": "0",
                    "isLinked": false
                },
                "padding_tablet": {
                    "unit": "px",
                    "top": "100",
                    "right": "0",
                    "bottom": "100",
                    "left": "0",
                    "isLinked": false
                },
                "padding_mobile": {
                    "unit": "px",
                    "top": "50",
                    "right": "15",
                    "bottom": "50",
                    "left": "15",
                    "isLinked": false
                },
                "animation": "fadeInUp",
                "background_position": "center center",
                "background_repeat": "no-repeat",
                "background_size": "cover",
                "background_overlay_background": "classic",
                "background_overlay_color": "#000000",
                "background_overlay_opacity": {
                    "unit": "px",
                    "size": 0.15,
                    "sizes": []
                }
            },
            "elements": [
                {
                    "id": "1484d0e0",
                    "settings": {
                        "_column_size": 100,
                        "_inline_size": null,
                        "space_between_widgets": 0,
                        "padding": {
                            "unit": "px",
                            "top": "0",
                            "right": "0",
                            "bottom": "0",
                            "left": "0",
                            "isLinked": false
                        }
                    },
                    "elements": [
                        {
                            "id": "656e8e75",
                            "settings": {
                                "content_width": {
                                    "unit": "px",
                                    "size": 74,
                                    "sizes": []
                                },
                                "margin": {
                                    "unit": "px",
                                    "top": "0",
                                    "right": 0,
                                    "bottom": "0",
                                    "left": 0,
                                    "isLinked": false
                                },
                                "padding": {
                                    "unit": "px",
                                    "top": "0",
                                    "right": "0",
                                    "bottom": "0",
                                    "left": "0",
                                    "isLinked": false
                                }
                            },
                            "elements": [
                                {
                                    "id": "247d4849",
                                    "settings": {
                                        "_column_size": 100,
                                        "_inline_size": null,
                                        "padding": {
                                            "unit": "px",
                                            "top": "0",
                                            "right": "0",
                                            "bottom": "0",
                                            "left": "0",
                                            "isLinked": false
                                        }
                                    },
                                    "elements": [
                                        {
                                            "id": "3e388c5f",
                                            "settings": {
                                                "selected_icon": {
                                                    "value": "fas fa-play",
                                                    "library": "fa-solid"
                                                },
                                                "view": "stacked",
                                                "link": {
                                                    "url": "#",
                                                    "is_external": "",
                                                    "nofollow": "",
                                                    "custom_attributes": ""
                                                },
                                                "primary_color": "#FFFFFF",
                                                "secondary_color": "#1A1A1A",
                                                "hover_primary_color": "#1A1A1A",
                                                "hover_secondary_color": "#FFFFFF",
                                                "hover_animation": "float",
                                                "size": {
                                                    "unit": "px",
                                                    "size": 15,
                                                    "sizes": []
                                                },
                                                "icon_padding": {
                                                    "unit": "px",
                                                    "size": 30,
                                                    "sizes": []
                                                }
                                            },
                                            "elements": [],
                                            "isInner": false,
                                            "widgetType": "icon",
                                            "elType": "widget"
                                        }
                                    ],
                                    "isInner": true,
                                    "elType": "column"
                                }
                            ],
                            "isInner": true,
                            "elType": "section"
                        },
                        {
                            "id": "1c9b22e6",
                            "settings": {
                                "title": "Parmesan Chicken Salad Preparation Tutorial",
                                "align": "center",
                                "title_color": "#FFFFFF",
                                "typography_typography": "custom",
                                "typography_font_family": "Playfair Display",
                                "typography_font_size": {
                                    "unit": "em",
                                    "size": 2.167,
                                    "sizes": []
                                },
                                "typography_font_weight": "700",
                                "typography_line_height": {
                                    "unit": "em",
                                    "size": 1,
                                    "sizes": []
                                },
                                "typography_letter_spacing": {
                                    "unit": "px",
                                    "size": 0,
                                    "sizes": []
                                },
                                "_margin": {
                                    "unit": "px",
                                    "top": "55",
                                    "right": "0",
                                    "bottom": "0",
                                    "left": "0",
                                    "isLinked": false
                                },
                                "typography_font_size_mobile": {
                                    "unit": "em",
                                    "size": 1.5,
                                    "sizes": []
                                },
                                "_margin_mobile": {
                                    "unit": "px",
                                    "top": "30",
                                    "right": "0",
                                    "bottom": "0",
                                    "left": "0",
                                    "isLinked": false
                                }
                            },
                            "elements": [],
                            "isInner": false,
                            "widgetType": "heading",
                            "elType": "widget"
                        }
                    ],
                    "isInner": false,
                    "elType": "column"
                }
            ],
            "isInner": false,
            "elType": "section"
        }
    ],
    "page_settings": {
        "hide_title": "yes",
        "template": "elementor_header_footer"
    }
}