{
    "version": "0.4",
    "title": "Archive",
    "type": "archive",
    "metadata": {
        "template_type": "archive-blog",
        "include_in_zip": "1",
        "elementor_pro_required": "1",
        "elementor_library_type": "archive",
        "elementor_pro_conditions": [
            "include\/archive"
        ],
        "additional_template_information": [
            "This is a \"Archive\" template for Elementor Pro.",
            "This template will display on: All Archives."
        ],
        "wp_page_template": "default"
    },
    "content": [
        {
            "id": "201c4060",
            "settings": {
                "content_width": {
                    "unit": "px",
                    "size": 640,
                    "sizes": []
                },
                "background_background": "classic",
                "padding": {
                    "unit": "px",
                    "top": "60",
                    "right": "0",
                    "bottom": "50",
                    "left": "0",
                    "isLinked": false
                },
                "__globals__": {
                    "background_color": "globals\/colors?id=24ddbf7"
                },
                "padding_tablet": {
                    "unit": "px",
                    "top": "40",
                    "right": "10",
                    "bottom": "30",
                    "left": "10",
                    "isLinked": false
                }
            },
            "elements": [
                {
                    "id": "4c51c8fe",
                    "settings": {
                        "_column_size": 100,
                        "_inline_size": null
                    },
                    "elements": [
                        {
                            "id": "762c6733",
                            "settings": {
                                "__dynamic__": {
                                    "title": "[elementor-tag id=\"\" name=\"archive-title\" settings=\"%7B%22include_context%22%3A%22yes%22%2C%22before%22%3A%22%22%2C%22after%22%3A%22%22%2C%22fallback%22%3A%22%22%7D\"]"
                                },
                                "title": "Add Your Heading Text Here",
                                "align": "center",
                                "__globals__": {
                                    "title_color": "globals\/colors?id=secondary"
                                }
                            },
                            "elements": [],
                            "isInner": false,
                            "widgetType": "theme-archive-title",
                            "elType": "widget"
                        },
                        {
                            "id": "1f0fae03",
                            "settings": {
                                "align": "center"
                            },
                            "elements": [],
                            "isInner": false,
                            "widgetType": "text-editor",
                            "elType": "widget"
                        }
                    ],
                    "isInner": false,
                    "elType": "column"
                }
            ],
            "isInner": false,
            "elType": "section"
        },
        {
            "id": "19fc15bd",
            "settings": {
                "gap": "no",
                "padding": {
                    "unit": "px",
                    "top": "60",
                    "right": "0",
                    "bottom": "100",
                    "left": "0",
                    "isLinked": false
                },
                "padding_tablet": {
                    "unit": "px",
                    "top": "40",
                    "right": "20",
                    "bottom": "40",
                    "left": "20",
                    "isLinked": false
                }
            },
            "elements": [
                {
                    "id": "3f18131",
                    "settings": {
                        "_column_size": 100,
                        "_inline_size": null
                    },
                    "elements": [
                        {
                            "id": "189285e7",
                            "settings": {
                                "archive_classic_thumbnail_size_size": "large",
                                "archive_classic_item_ratio": {
                                    "unit": "px",
                                    "size": 1.2,
                                    "sizes": []
                                },
                                "archive_classic_excerpt_length": 20,
                                "archive_classic_meta_data": [
                                    "date"
                                ],
                                "archive_classic_meta_separator": "\/",
                                "archive_classic_read_more_text": "Read More",
                                "archive_cards_meta_separator": "\u2022",
                                "archive_cards_read_more_text": "Read More \u00bb",
                                "archive_full_content_meta_separator": "\/\/\/",
                                "archive_classic_column_gap": {
                                    "unit": "px",
                                    "size": 40,
                                    "sizes": []
                                },
                                "archive_classic_row_gap": {
                                    "unit": "px",
                                    "size": 40,
                                    "sizes": []
                                },
                                "archive_classic_alignment": "center",
                                "archive_classic_title_typography_typography": "custom",
                                "archive_classic_title_typography_font_family": "Source Serif Pro",
                                "archive_classic_title_typography_font_size": {
                                    "unit": "px",
                                    "size": 24,
                                    "sizes": []
                                },
                                "archive_classic_title_typography_font_size_tablet": {
                                    "unit": "px",
                                    "size": 22,
                                    "sizes": []
                                },
                                "archive_classic_title_typography_font_weight": "700",
                                "archive_classic_title_typography_line_height": {
                                    "unit": "em",
                                    "size": 1.2,
                                    "sizes": []
                                },
                                "archive_classic_title_typography_line_height_tablet": {
                                    "unit": "em",
                                    "size": 1.2,
                                    "sizes": []
                                },
                                "archive_classic_title_typography_line_height_mobile": {
                                    "unit": "em",
                                    "size": 1.3,
                                    "sizes": []
                                },
                                "archive_classic_title_spacing": {
                                    "unit": "px",
                                    "size": 16,
                                    "sizes": []
                                },
                                "archive_classic_meta_color": "#91918D",
                                "archive_classic_meta_separator_color": "#E0E0E0",
                                "pagination_type": "numbers_and_prev_next",
                                "pagination_page_limit": "5",
                                "pagination_prev_label": "&laquo; Previous",
                                "pagination_next_label": "Next &raquo;",
                                "pagination_spacing_top": {
                                    "unit": "px",
                                    "size": 60,
                                    "sizes": []
                                },
                                "pagination_spacing_top_tablet": {
                                    "unit": "px",
                                    "size": 40,
                                    "sizes": []
                                },
                                "nothing_found_message": "It seems we can't find what you're looking for.",
                                "__globals__": {
                                    "archive_classic_title_typography_typography": "globals\/typography?id=7004bcb",
                                    "archive_classic_meta_color": "",
                                    "archive_classic_meta_typography_typography": "globals\/typography?id=secondary",
                                    "archive_classic_excerpt_typography_typography": "globals\/typography?id=text",
                                    "archive_classic_read_more_typography_typography": "globals\/typography?id=accent",
                                    "archive_classic_read_more_color": "globals\/colors?id=primary"
                                }
                            },
                            "elements": [],
                            "isInner": false,
                            "widgetType": "archive-posts",
                            "elType": "widget"
                        }
                    ],
                    "isInner": false,
                    "elType": "column"
                }
            ],
            "isInner": false,
            "elType": "section"
        }
    ]
}