{
    "version": "0.4",
    "title": "Author",
    "type": "archive",
    "metadata": {
        "template_type": "archive-blog",
        "include_in_zip": "1",
        "elementor_pro_required": "1",
        "elementor_library_type": "archive",
        "elementor_pro_conditions": [
            "include\/archive\/author"
        ],
        "additional_template_information": [
            "This is a \"Archive\" template for Elementor Pro.",
            "This template will display on: Author Archive."
        ],
        "wp_page_template": "default"
    },
    "content": [
        {
            "id": "3cbd1f4b",
            "settings": {
                "content_width": {
                    "unit": "px",
                    "size": 640,
                    "sizes": []
                },
                "background_background": "classic",
                "padding": {
                    "unit": "px",
                    "top": "50",
                    "right": "0",
                    "bottom": "50",
                    "left": "0",
                    "isLinked": false
                },
                "__globals__": {
                    "background_color": ""
                },
                "background_color": "#F8EEDC",
                "padding_tablet": {
                    "unit": "px",
                    "top": "40",
                    "right": "10",
                    "bottom": "30",
                    "left": "10",
                    "isLinked": false
                }
            },
            "elements": [
                {
                    "id": "29ac766",
                    "settings": {
                        "_column_size": 100,
                        "_inline_size": null
                    },
                    "elements": [
                        {
                            "id": "254a57b8",
                            "settings": {
                                "width": {
                                    "unit": "px",
                                    "size": 100,
                                    "sizes": []
                                },
                                "image_border_radius": {
                                    "unit": "%",
                                    "top": "100",
                                    "right": "100",
                                    "bottom": "100",
                                    "left": "100",
                                    "isLinked": true
                                },
                                "__dynamic__": {
                                    "image": "[elementor-tag id=\"c080204\" name=\"author-profile-picture\" settings=\"%7B%7D\"]"
                                },
                                "image_size": "full"
                            },
                            "elements": [],
                            "isInner": false,
                            "widgetType": "image",
                            "elType": "widget"
                        },
                        {
                            "id": "38f56f65",
                            "settings": {
                                "__dynamic__": {
                                    "title": "[elementor-tag id=\"\" name=\"archive-title\" settings=\"%7B%22include_context%22%3A%22%22%7D\"]"
                                },
                                "title": "Add Your Heading Text Here",
                                "align": "center",
                                "__globals__": {
                                    "title_color": "globals\/colors?id=secondary"
                                }
                            },
                            "elements": [],
                            "isInner": false,
                            "widgetType": "theme-archive-title",
                            "elType": "widget"
                        },
                        {
                            "id": "61eadf63",
                            "settings": {
                                "align": "center",
                                "__dynamic__": {
                                    "editor": "[elementor-tag id=\"de2c2f8\" name=\"archive-description\" settings=\"%7B%7D\"]"
                                },
                                "_margin": {
                                    "unit": "px",
                                    "top": "0",
                                    "right": "0",
                                    "bottom": "10",
                                    "left": "0",
                                    "isLinked": false
                                }
                            },
                            "elements": [],
                            "isInner": false,
                            "widgetType": "text-editor",
                            "elType": "widget"
                        },
                        {
                            "id": "6b0028ad",
                            "settings": {
                                "title": "Follow & Subscribe",
                                "align": "center",
                                "header_size": "h3",
                                "_margin": {
                                    "unit": "px",
                                    "top": "0",
                                    "right": "0",
                                    "bottom": "-10",
                                    "left": "0",
                                    "isLinked": false
                                },
                                "__globals__": {
                                    "title_color": "globals\/colors?id=text",
                                    "typography_typography": "globals\/typography?id=secondary"
                                },
                                "title_color": "#2D2D2A"
                            },
                            "elements": [],
                            "isInner": false,
                            "widgetType": "heading",
                            "elType": "widget"
                        },
                        {
                            "id": "29dfea90",
                            "settings": {
                                "social_icon_list": [
                                    {
                                        "_id": "3dbc062",
                                        "social_icon": {
                                            "value": "fab fa-instagram",
                                            "library": "fa-brands"
                                        }
                                    },
                                    {
                                        "_id": "4ad8f02",
                                        "social_icon": {
                                            "value": "fab fa-pinterest",
                                            "library": "fa-brands"
                                        }
                                    },
                                    {
                                        "social_icon": {
                                            "value": "fab fa-facebook-f",
                                            "library": "fa-brands"
                                        },
                                        "_id": "3a8ee3a",
                                        "item_icon_color": "custom",
                                        "item_icon_primary_color": "#FFFFFF00",
                                        "__globals__": {
                                            "item_icon_primary_color": "",
                                            "item_icon_secondary_color": "globals\/colors?id=secondary"
                                        }
                                    },
                                    {
                                        "social_icon": {
                                            "value": "fab fa-twitter",
                                            "library": "fa-brands"
                                        },
                                        "_id": "fce5699",
                                        "item_icon_color": "custom",
                                        "item_icon_primary_color": "#02010100",
                                        "__globals__": {
                                            "item_icon_secondary_color": "globals\/colors?id=secondary"
                                        }
                                    },
                                    {
                                        "social_icon": {
                                            "value": "fab fa-youtube",
                                            "library": "fa-brands"
                                        },
                                        "_id": "d5f6c22",
                                        "item_icon_color": "custom",
                                        "item_icon_primary_color": "#02010100",
                                        "__globals__": {
                                            "item_icon_secondary_color": "globals\/colors?id=secondary"
                                        }
                                    }
                                ],
                                "icon_color": "custom",
                                "icon_primary_color": "#02010100",
                                "icon_size": {
                                    "unit": "px",
                                    "size": 15,
                                    "sizes": []
                                },
                                "__globals__": {
                                    "icon_secondary_color": "globals\/colors?id=secondary",
                                    "hover_secondary_color": "globals\/colors?id=primary"
                                }
                            },
                            "elements": [],
                            "isInner": false,
                            "widgetType": "social-icons",
                            "elType": "widget"
                        }
                    ],
                    "isInner": false,
                    "elType": "column"
                }
            ],
            "isInner": false,
            "elType": "section"
        },
        {
            "id": "4aff7827",
            "settings": {
                "gap": "no",
                "padding": {
                    "unit": "px",
                    "top": "60",
                    "right": "0",
                    "bottom": "80",
                    "left": "0",
                    "isLinked": false
                },
                "padding_tablet": {
                    "unit": "px",
                    "top": "40",
                    "right": "20",
                    "bottom": "40",
                    "left": "20",
                    "isLinked": false
                }
            },
            "elements": [
                {
                    "id": "6a4c6132",
                    "settings": {
                        "_column_size": 100,
                        "_inline_size": null
                    },
                    "elements": [
                        {
                            "id": "475cb4ca",
                            "settings": {
                                "archive_classic_columns": "2",
                                "archive_classic_thumbnail": "left",
                                "archive_classic_thumbnail_size_size": "large",
                                "archive_classic_item_ratio": {
                                    "unit": "px",
                                    "size": 1,
                                    "sizes": []
                                },
                                "archive_classic_item_ratio_mobile": {
                                    "unit": "px",
                                    "size": "",
                                    "sizes": []
                                },
                                "archive_classic_image_width": {
                                    "unit": "%",
                                    "size": 50,
                                    "sizes": []
                                },
                                "archive_classic_image_width_mobile": {
                                    "unit": "%",
                                    "size": 40,
                                    "sizes": []
                                },
                                "archive_classic_excerpt_length": 13,
                                "archive_classic_meta_data": [
                                    "date"
                                ],
                                "archive_classic_meta_separator": "\/",
                                "archive_classic_read_more_text": "Read More",
                                "archive_cards_meta_separator": "\u2022",
                                "archive_cards_read_more_text": "Read More \u00bb",
                                "archive_full_content_meta_separator": "\/\/\/",
                                "archive_classic_column_gap": {
                                    "unit": "px",
                                    "size": 40,
                                    "sizes": []
                                },
                                "archive_classic_row_gap": {
                                    "unit": "px",
                                    "size": 40,
                                    "sizes": []
                                },
                                "archive_classic_image_spacing": {
                                    "unit": "px",
                                    "size": 30,
                                    "sizes": []
                                },
                                "archive_classic_title_spacing": {
                                    "unit": "px",
                                    "size": 15,
                                    "sizes": []
                                },
                                "archive_classic_meta_spacing": {
                                    "unit": "px",
                                    "size": 15,
                                    "sizes": []
                                },
                                "archive_classic_excerpt_spacing": {
                                    "unit": "px",
                                    "size": 15,
                                    "sizes": []
                                },
                                "pagination_type": "numbers_and_prev_next",
                                "pagination_page_limit": "5",
                                "pagination_prev_label": "&laquo; Previous",
                                "pagination_next_label": "Next &raquo;",
                                "pagination_spacing_top": {
                                    "unit": "px",
                                    "size": 60,
                                    "sizes": []
                                },
                                "pagination_spacing_top_tablet": {
                                    "unit": "px",
                                    "size": 40,
                                    "sizes": []
                                },
                                "pagination_spacing_top_mobile": {
                                    "unit": "px",
                                    "size": 20,
                                    "sizes": []
                                },
                                "nothing_found_message": "It seems we can't find what you're looking for.",
                                "__globals__": {
                                    "archive_classic_title_typography_typography": "globals\/typography?id=7004bcb",
                                    "archive_classic_meta_typography_typography": "globals\/typography?id=secondary"
                                }
                            },
                            "elements": [],
                            "isInner": false,
                            "widgetType": "archive-posts",
                            "elType": "widget"
                        }
                    ],
                    "isInner": false,
                    "elType": "column"
                }
            ],
            "isInner": false,
            "elType": "section"
        }
    ]
}