{
    "version": "0.4",
    "title": "Category",
    "type": "archive",
    "metadata": {
        "template_type": "archive-category",
        "include_in_zip": "1",
        "elementor_pro_required": "1",
        "elementor_library_type": "archive",
        "elementor_pro_conditions": [
            "include\/archive\/category"
        ],
        "additional_template_information": [
            "This is a \"Archive\" template for Elementor Pro.",
            "This template will display on: Categories."
        ],
        "wp_page_template": "default"
    },
    "content": [
        {
            "id": "4d7dfc9d",
            "settings": {
                "content_width": {
                    "unit": "px",
                    "size": 640,
                    "sizes": []
                },
                "background_background": "classic",
                "padding": {
                    "unit": "px",
                    "top": "60",
                    "right": "0",
                    "bottom": "50",
                    "left": "0",
                    "isLinked": false
                },
                "__globals__": {
                    "background_color": "globals\/colors?id=24ddbf7"
                },
                "padding_tablet": {
                    "unit": "px",
                    "top": "40",
                    "right": "10",
                    "bottom": "30",
                    "left": "10",
                    "isLinked": false
                }
            },
            "elements": [
                {
                    "id": "26d026e5",
                    "settings": {
                        "_column_size": 100,
                        "_inline_size": null
                    },
                    "elements": [
                        {
                            "id": "412e56e1",
                            "settings": {
                                "__dynamic__": {
                                    "title": "[elementor-tag id=\"\" name=\"archive-title\" settings=\"%7B%7D\"]"
                                },
                                "title": "Add Your Heading Text Here",
                                "align": "center",
                                "__globals__": {
                                    "title_color": "globals\/colors?id=secondary"
                                }
                            },
                            "elements": [],
                            "isInner": false,
                            "widgetType": "theme-archive-title",
                            "elType": "widget"
                        },
                        {
                            "id": "13044209",
                            "settings": {
                                "align": "center"
                            },
                            "elements": [],
                            "isInner": false,
                            "widgetType": "text-editor",
                            "elType": "widget"
                        }
                    ],
                    "isInner": false,
                    "elType": "column"
                }
            ],
            "isInner": false,
            "elType": "section"
        },
        {
            "id": "75bf6657",
            "settings": {
                "gap": "no",
                "structure": "20",
                "padding": {
                    "unit": "px",
                    "top": "60",
                    "right": "0",
                    "bottom": "100",
                    "left": "0",
                    "isLinked": false
                },
                "padding_tablet": {
                    "unit": "px",
                    "top": "40",
                    "right": "20",
                    "bottom": "40",
                    "left": "20",
                    "isLinked": false
                }
            },
            "elements": [
                {
                    "id": "63e4d10c",
                    "settings": {
                        "_column_size": 50,
                        "_inline_size": 69.665,
                        "padding": {
                            "unit": "px",
                            "top": "0",
                            "right": "40",
                            "bottom": "0",
                            "left": "0",
                            "isLinked": false
                        },
                        "padding_tablet": {
                            "unit": "px",
                            "top": "0",
                            "right": "30",
                            "bottom": "0",
                            "left": "0",
                            "isLinked": false
                        },
                        "padding_mobile": {
                            "unit": "px",
                            "top": "0",
                            "right": "0",
                            "bottom": "0",
                            "left": "0",
                            "isLinked": true
                        }
                    },
                    "elements": [
                        {
                            "id": "49eef31e",
                            "settings": {
                                "archive_classic_thumbnail_size_size": "large",
                                "archive_classic_item_ratio": {
                                    "unit": "px",
                                    "size": 1,
                                    "sizes": []
                                },
                                "archive_classic_excerpt_length": 20,
                                "archive_classic_meta_data": [
                                    "date"
                                ],
                                "archive_classic_meta_separator": "\/",
                                "archive_classic_read_more_text": "Read More",
                                "archive_cards_meta_separator": "\u2022",
                                "archive_cards_read_more_text": "Read More \u00bb",
                                "archive_full_content_meta_separator": "\/\/\/",
                                "archive_classic_column_gap": {
                                    "unit": "px",
                                    "size": 40,
                                    "sizes": []
                                },
                                "archive_classic_row_gap": {
                                    "unit": "px",
                                    "size": 40,
                                    "sizes": []
                                },
                                "archive_classic_alignment": "center",
                                "archive_classic_title_typography_typography": "custom",
                                "archive_classic_title_typography_font_family": "Source Serif Pro",
                                "archive_classic_title_typography_font_size": {
                                    "unit": "px",
                                    "size": 24,
                                    "sizes": []
                                },
                                "archive_classic_title_typography_font_size_tablet": {
                                    "unit": "px",
                                    "size": 22,
                                    "sizes": []
                                },
                                "archive_classic_title_typography_font_weight": "700",
                                "archive_classic_title_typography_line_height": {
                                    "unit": "em",
                                    "size": 1.2,
                                    "sizes": []
                                },
                                "archive_classic_title_typography_line_height_tablet": {
                                    "unit": "em",
                                    "size": 1.2,
                                    "sizes": []
                                },
                                "archive_classic_title_typography_line_height_mobile": {
                                    "unit": "em",
                                    "size": 1.3,
                                    "sizes": []
                                },
                                "archive_classic_title_spacing": {
                                    "unit": "px",
                                    "size": 16,
                                    "sizes": []
                                },
                                "archive_classic_meta_color": "#91918D",
                                "archive_classic_meta_separator_color": "#E0E0E0",
                                "pagination_type": "numbers_and_prev_next",
                                "pagination_page_limit": "5",
                                "pagination_prev_label": "&laquo; Previous",
                                "pagination_next_label": "Next &raquo;",
                                "pagination_spacing_top": {
                                    "unit": "px",
                                    "size": 60,
                                    "sizes": []
                                },
                                "pagination_spacing_top_tablet": {
                                    "unit": "px",
                                    "size": 40,
                                    "sizes": []
                                },
                                "nothing_found_message": "It seems we can't find what you're looking for.",
                                "__globals__": {
                                    "archive_classic_title_typography_typography": "globals\/typography?id=7004bcb",
                                    "archive_classic_meta_color": "",
                                    "archive_classic_meta_typography_typography": "globals\/typography?id=secondary",
                                    "archive_classic_excerpt_typography_typography": "globals\/typography?id=text",
                                    "archive_classic_read_more_typography_typography": "globals\/typography?id=accent",
                                    "archive_classic_read_more_color": "globals\/colors?id=primary"
                                },
                                "archive_classic_columns": "2",
                                "archive_classic_show_excerpt": "",
                                "archive_classic_show_read_more": ""
                            },
                            "elements": [],
                            "isInner": false,
                            "widgetType": "archive-posts",
                            "elType": "widget"
                        }
                    ],
                    "isInner": false,
                    "elType": "column"
                },
                {
                    "id": "23591e5f",
                    "settings": {
                        "_column_size": 50,
                        "_inline_size": 30.335,
                        "padding": {
                            "unit": "px",
                            "top": "0",
                            "right": "0",
                            "bottom": "0",
                            "left": "42",
                            "isLinked": false
                        },
                        "padding_tablet": {
                            "unit": "px",
                            "top": "0",
                            "right": "0",
                            "bottom": "0",
                            "left": "0",
                            "isLinked": true
                        },
                        "hide_mobile": "hidden-phone"
                    },
                    "elements": [
                        {
                            "id": "28072647",
                            "settings": {
                                "title": "About Me",
                                "align": "center",
                                "header_size": "h3",
                                "_margin": {
                                    "unit": "px",
                                    "top": "0",
                                    "right": "0",
                                    "bottom": "14",
                                    "left": "0",
                                    "isLinked": false
                                },
                                "__globals__": {
                                    "title_color": "globals\/colors?id=secondary",
                                    "typography_typography": "globals\/typography?id=7004bcb"
                                }
                            },
                            "elements": [],
                            "isInner": false,
                            "widgetType": "heading",
                            "elType": "widget"
                        },
                        {
                            "id": "33fc9e2",
                            "settings": {
                                "image": {
                                    "url": "https:\/\/kit.baliniz.com\/cookblog\/wp-content\/uploads\/sites\/5\/2020\/12\/image-of-young-smiling-woman-reading-book-while-si-CFXP539.jpg",
                                    "id": 126
                                },
                                "width": {
                                    "unit": "%",
                                    "size": 57,
                                    "sizes": []
                                },
                                "image_border_radius": {
                                    "unit": "%",
                                    "top": "100",
                                    "right": "100",
                                    "bottom": "100",
                                    "left": "100",
                                    "isLinked": true
                                },
                                "_margin": {
                                    "unit": "px",
                                    "top": "0",
                                    "right": "0",
                                    "bottom": "10",
                                    "left": "0",
                                    "isLinked": false
                                }
                            },
                            "elements": [],
                            "isInner": false,
                            "widgetType": "image",
                            "elType": "widget"
                        },
                        {
                            "id": "3773db8c",
                            "settings": {
                                "title": "Hi, I\u2019m Kylee",
                                "align": "center",
                                "__globals__": {
                                    "typography_typography": "globals\/typography?id=2f54874",
                                    "title_color": "globals\/colors?id=secondary"
                                },
                                "_margin": {
                                    "unit": "px",
                                    "top": "0",
                                    "right": "0",
                                    "bottom": "-10",
                                    "left": "0",
                                    "isLinked": false
                                }
                            },
                            "elements": [],
                            "isInner": false,
                            "widgetType": "heading",
                            "elType": "widget"
                        },
                        {
                            "id": "55a27f0b",
                            "settings": {
                                "view": "inline",
                                "icon_list": [
                                    {
                                        "text": "Ubud, Bali",
                                        "selected_icon": {
                                            "value": "icon icon-map-marker1",
                                            "library": "ekiticons"
                                        },
                                        "_id": "d43ee3c"
                                    }
                                ],
                                "icon_align": "center",
                                "icon_self_align": "center",
                                "text_color": "#91918D",
                                "__globals__": {
                                    "text_color": "",
                                    "icon_typography_typography": "globals\/typography?id=secondary",
                                    "icon_color": "globals\/colors?id=primary"
                                }
                            },
                            "elements": [],
                            "isInner": false,
                            "widgetType": "icon-list",
                            "elType": "widget"
                        },
                        {
                            "id": "6542f865",
                            "settings": {
                                "editor": "<p>A wonderful serenity has taken possession of my entire soul, like these sweet mornings of spring.<\/p>",
                                "align": "center",
                                "__globals__": {
                                    "typography_typography": "globals\/typography?id=text"
                                }
                            },
                            "elements": [],
                            "isInner": false,
                            "widgetType": "text-editor",
                            "elType": "widget"
                        },
                        {
                            "id": "3dd88b27",
                            "settings": {
                                "title": "Follow & Subscribe",
                                "align": "center",
                                "header_size": "h3",
                                "_margin": {
                                    "unit": "px",
                                    "top": "0",
                                    "right": "0",
                                    "bottom": "-5",
                                    "left": "0",
                                    "isLinked": false
                                },
                                "__globals__": {
                                    "title_color": "globals\/colors?id=secondary",
                                    "typography_typography": "globals\/typography?id=secondary"
                                },
                                "title_color": "#2D2D2A"
                            },
                            "elements": [],
                            "isInner": false,
                            "widgetType": "heading",
                            "elType": "widget"
                        },
                        {
                            "id": "5d0e90c7",
                            "settings": {
                                "social_icon_list": [
                                    {
                                        "social_icon": {
                                            "value": "fab fa-facebook-f",
                                            "library": "fa-brands"
                                        },
                                        "_id": "b6b775a"
                                    },
                                    {
                                        "social_icon": {
                                            "value": "fab fa-twitter",
                                            "library": "fa-brands"
                                        },
                                        "_id": "5f435a1"
                                    },
                                    {
                                        "social_icon": {
                                            "value": "fab fa-youtube",
                                            "library": "fa-brands"
                                        },
                                        "_id": "e406401"
                                    },
                                    {
                                        "_id": "a7e183f",
                                        "social_icon": {
                                            "value": "fab fa-instagram",
                                            "library": "fa-brands"
                                        }
                                    },
                                    {
                                        "_id": "2fea286",
                                        "social_icon": {
                                            "value": "fab fa-pinterest",
                                            "library": "fa-brands"
                                        }
                                    }
                                ],
                                "shape": "square",
                                "columns": "5",
                                "icon_color": "custom",
                                "icon_size": {
                                    "unit": "px",
                                    "size": 15,
                                    "sizes": []
                                },
                                "icon_padding": {
                                    "unit": "em",
                                    "size": 0.8,
                                    "sizes": []
                                },
                                "icon_spacing": {
                                    "unit": "px",
                                    "size": 10,
                                    "sizes": []
                                },
                                "row_gap": {
                                    "unit": "px",
                                    "size": 10,
                                    "sizes": []
                                },
                                "__globals__": {
                                    "icon_secondary_color": "globals\/colors?id=secondary",
                                    "icon_primary_color": "",
                                    "hover_secondary_color": "",
                                    "hover_primary_color": "globals\/colors?id=primary"
                                },
                                "icon_primary_color": "#EAEAEA",
                                "icon_secondary_color": "#2D2D2A",
                                "columns_tablet": "5",
                                "align_tablet": "center",
                                "icon_size_tablet": {
                                    "unit": "px",
                                    "size": 14,
                                    "sizes": []
                                },
                                "icon_padding_tablet": {
                                    "unit": "em",
                                    "size": 0.7,
                                    "sizes": []
                                },
                                "border_radius": {
                                    "unit": "%",
                                    "top": "100",
                                    "right": "100",
                                    "bottom": "100",
                                    "left": "100",
                                    "isLinked": true
                                },
                                "hover_primary_color": "#E24E1B",
                                "hover_secondary_color": "#FFFFFF"
                            },
                            "elements": [],
                            "isInner": false,
                            "widgetType": "social-icons",
                            "elType": "widget"
                        },
                        {
                            "id": "282b352c",
                            "settings": {
                                "space": {
                                    "unit": "px",
                                    "size": 30,
                                    "sizes": []
                                },
                                "space_tablet": {
                                    "unit": "px",
                                    "size": 10,
                                    "sizes": []
                                }
                            },
                            "elements": [],
                            "isInner": false,
                            "widgetType": "spacer",
                            "elType": "widget"
                        },
                        {
                            "id": "4c44d5c5",
                            "settings": {
                                "gap": "no",
                                "background_color": "#FAF3DC",
                                "margin": {
                                    "unit": "px",
                                    "top": "0",
                                    "right": 0,
                                    "bottom": "50",
                                    "left": 0,
                                    "isLinked": false
                                },
                                "padding": {
                                    "unit": "px",
                                    "top": "0",
                                    "right": "30",
                                    "bottom": "30",
                                    "left": "30",
                                    "isLinked": false
                                },
                                "border_border": "solid",
                                "border_width": {
                                    "unit": "px",
                                    "top": "4",
                                    "right": "4",
                                    "bottom": "4",
                                    "left": "4",
                                    "isLinked": true
                                },
                                "box_shadow_box_shadow": {
                                    "horizontal": 6,
                                    "vertical": 6,
                                    "blur": 0,
                                    "spread": 0,
                                    "color": "rgba(0, 0, 0, 0.05)"
                                },
                                "__globals__": {
                                    "border_color": "globals\/colors?id=primary"
                                },
                                "margin_tablet": {
                                    "unit": "px",
                                    "top": "0",
                                    "right": 0,
                                    "bottom": "30",
                                    "left": 0,
                                    "isLinked": false
                                },
                                "padding_tablet": {
                                    "unit": "px",
                                    "top": "0",
                                    "right": "20",
                                    "bottom": "20",
                                    "left": "20",
                                    "isLinked": false
                                }
                            },
                            "elements": [
                                {
                                    "id": "1d26c6b2",
                                    "settings": {
                                        "_column_size": 100,
                                        "_inline_size": null
                                    },
                                    "elements": [
                                        {
                                            "id": "46e07d16",
                                            "settings": {
                                                "selected_icon": {
                                                    "value": "far fa-envelope",
                                                    "library": "fa-regular"
                                                },
                                                "view": "stacked",
                                                "size": {
                                                    "unit": "px",
                                                    "size": 20,
                                                    "sizes": []
                                                },
                                                "icon_padding": {
                                                    "unit": "px",
                                                    "size": 14,
                                                    "sizes": []
                                                },
                                                "_margin": {
                                                    "unit": "px",
                                                    "top": "-26",
                                                    "right": "0",
                                                    "bottom": "0",
                                                    "left": "0",
                                                    "isLinked": false
                                                },
                                                "__globals__": {
                                                    "primary_color": "globals\/colors?id=secondary",
                                                    "secondary_color": ""
                                                },
                                                "primary_color": "#2D2D2A",
                                                "secondary_color": "#FFFFFF",
                                                "_offset_x": {
                                                    "size": 0,
                                                    "unit": "px"
                                                },
                                                "_offset_y": {
                                                    "size": -55,
                                                    "unit": "px"
                                                }
                                            },
                                            "elements": [],
                                            "isInner": false,
                                            "widgetType": "icon",
                                            "elType": "widget"
                                        },
                                        {
                                            "id": "4200d189",
                                            "settings": {
                                                "title": "Get our best recipes & expert tips right into your inbox!",
                                                "align": "center",
                                                "header_size": "h3",
                                                "__globals__": {
                                                    "title_color": "globals\/colors?id=secondary",
                                                    "typography_typography": "globals\/typography?id=7004bcb"
                                                },
                                                "title_color": "#2D2D2A"
                                            },
                                            "elements": [],
                                            "isInner": false,
                                            "widgetType": "heading",
                                            "elType": "widget"
                                        },
                                        {
                                            "id": "7892c56b",
                                            "settings": {
                                                "editor": "Join over 10k subscribers",
                                                "align": "center",
                                                "_margin": {
                                                    "unit": "px",
                                                    "top": "0",
                                                    "right": "0",
                                                    "bottom": "10",
                                                    "left": "0",
                                                    "isLinked": false
                                                },
                                                "__globals__": {
                                                    "typography_typography": "globals\/typography?id=text"
                                                }
                                            },
                                            "elements": [],
                                            "isInner": false,
                                            "widgetType": "text-editor",
                                            "elType": "widget"
                                        },
                                        {
                                            "id": "2a17528f",
                                            "settings": {
                                                "form_name": "New Form",
                                                "form_fields": [
                                                    {
                                                        "custom_id": "email_subscribe",
                                                        "field_type": "email",
                                                        "required": "true",
                                                        "field_label": "Email Address",
                                                        "placeholder": "Your email address",
                                                        "_id": "66a929d",
                                                        "rows": "4",
                                                        "file_sizes": "",
                                                        "file_types": "",
                                                        "allow_multiple_upload": "",
                                                        "max_files": "",
                                                        "acceptance_text": "",
                                                        "checked_by_default": "",
                                                        "field_min": "",
                                                        "field_max": "",
                                                        "min_date": "",
                                                        "max_date": "",
                                                        "use_native_date": "",
                                                        "use_native_time": "",
                                                        "previous_button": "",
                                                        "next_button": ""
                                                    }
                                                ],
                                                "show_labels": "",
                                                "button_text": "subscribe",
                                                "email_content": "[all-fields]",
                                                "email_content_2": "[all-fields]",
                                                "success_message": "The form was sent successfully.",
                                                "error_message": "An error occured.",
                                                "required_field_message": "This field is required.",
                                                "invalid_message": "There's something wrong. The form is invalid.",
                                                "column_gap": {
                                                    "unit": "px",
                                                    "size": 15,
                                                    "sizes": []
                                                },
                                                "row_gap": {
                                                    "unit": "px",
                                                    "size": 15,
                                                    "sizes": []
                                                },
                                                "field_text_color": "#2D2D2A",
                                                "field_border_width": {
                                                    "unit": "px",
                                                    "top": "1",
                                                    "right": "1",
                                                    "bottom": "1",
                                                    "left": "1",
                                                    "isLinked": "1"
                                                },
                                                "field_border_radius": {
                                                    "unit": "px",
                                                    "top": "",
                                                    "right": "",
                                                    "bottom": "",
                                                    "left": "",
                                                    "isLinked": "1"
                                                },
                                                "button_border_radius": {
                                                    "unit": "px",
                                                    "top": "",
                                                    "right": "",
                                                    "bottom": "",
                                                    "left": "",
                                                    "isLinked": "1"
                                                },
                                                "input_size": "md",
                                                "field_border_color": "#e2e2e2",
                                                "submit_actions": [
                                                    "mailchimp"
                                                ],
                                                "step_next_label": "Next",
                                                "step_previous_label": "Previous",
                                                "button_text_padding": {
                                                    "unit": "px",
                                                    "top": "13",
                                                    "right": "13",
                                                    "bottom": "13",
                                                    "left": "13",
                                                    "isLinked": true
                                                },
                                                "__globals__": {
                                                    "field_text_color": "globals\/colors?id=secondary",
                                                    "field_typography_typography": "globals\/typography?id=6fe8ce6",
                                                    "button_typography_typography": "globals\/typography?id=accent",
                                                    "button_background_color": "globals\/colors?id=primary",
                                                    "button_background_hover_color": "globals\/colors?id=c7c80f8"
                                                },
                                                "button_icon_indent": {
                                                    "unit": "px",
                                                    "size": 8,
                                                    "sizes": []
                                                },
                                                "_padding": {
                                                    "unit": "%",
                                                    "top": "",
                                                    "right": "",
                                                    "bottom": "",
                                                    "left": "",
                                                    "isLinked": true
                                                }
                                            },
                                            "elements": [],
                                            "isInner": false,
                                            "widgetType": "form",
                                            "elType": "widget"
                                        },
                                        {
                                            "id": "46074850",
                                            "settings": {
                                                "editor": "<p>Unsubscribe anytime you want.<\/p>",
                                                "align": "center",
                                                "text_color": "#B0B0B0",
                                                "__globals__": {
                                                    "typography_typography": "globals\/typography?id=947cc1a"
                                                },
                                                "_margin": {
                                                    "unit": "px",
                                                    "top": "-6",
                                                    "right": "0",
                                                    "bottom": "0",
                                                    "left": "0",
                                                    "isLinked": false
                                                }
                                            },
                                            "elements": [],
                                            "isInner": false,
                                            "widgetType": "text-editor",
                                            "elType": "widget"
                                        }
                                    ],
                                    "isInner": true,
                                    "elType": "column"
                                }
                            ],
                            "isInner": true,
                            "elType": "section"
                        },
                        {
                            "id": "51a95c99",
                            "settings": {
                                "title": "Categories",
                                "align": "center",
                                "header_size": "h3",
                                "_margin": {
                                    "unit": "px",
                                    "top": "0",
                                    "right": "0",
                                    "bottom": "0",
                                    "left": "0",
                                    "isLinked": false
                                },
                                "__globals__": {
                                    "title_color": "globals\/colors?id=secondary",
                                    "typography_typography": "globals\/typography?id=7004bcb"
                                }
                            },
                            "elements": [],
                            "isInner": false,
                            "widgetType": "heading",
                            "elType": "widget"
                        },
                        {
                            "id": "6fddf9b5",
                            "settings": {
                                "icon_list": [
                                    {
                                        "_id": "bb6f2f7",
                                        "text": "Culture",
                                        "icons": {
                                            "value": "icon icon-tag",
                                            "library": "ekiticons"
                                        },
                                        "link": "4"
                                    },
                                    {
                                        "_id": "47e3e91",
                                        "text": "Food",
                                        "icons": {
                                            "value": "icon icon-tag",
                                            "library": "ekiticons"
                                        },
                                        "link": "2"
                                    },
                                    {
                                        "text": "Recipe",
                                        "icons": {
                                            "value": "icon icon-tag",
                                            "library": "ekiticons"
                                        },
                                        "link": "3",
                                        "_id": "0cc4e33"
                                    },
                                    {
                                        "_id": "ad9a45a",
                                        "text": "Kitchen",
                                        "icons": {
                                            "value": "icon icon-tag",
                                            "library": "ekiticons"
                                        },
                                        "link": "6"
                                    },
                                    {
                                        "_id": "91264d9",
                                        "text": "Review",
                                        "icons": {
                                            "value": "icon icon-tag",
                                            "library": "ekiticons"
                                        },
                                        "link": "7"
                                    }
                                ],
                                "space_between": {
                                    "unit": "px",
                                    "size": 20,
                                    "sizes": []
                                },
                                "divider": "yes",
                                "divider_style": "dashed",
                                "divider_color": "#EEEEEE",
                                "icon_size": {
                                    "unit": "px",
                                    "size": "",
                                    "sizes": []
                                },
                                "text_indent": {
                                    "unit": "px",
                                    "size": 12,
                                    "sizes": []
                                },
                                "_margin": {
                                    "unit": "px",
                                    "top": "0",
                                    "right": "0",
                                    "bottom": "40",
                                    "left": "0",
                                    "isLinked": false
                                },
                                "__globals__": {
                                    "text_color": "globals\/colors?id=secondary",
                                    "icon_typography_typography": "globals\/typography?id=accent",
                                    "text_color_hover": "globals\/colors?id=primary"
                                }
                            },
                            "elements": [],
                            "isInner": false,
                            "widgetType": "elementskit-category-list",
                            "elType": "widget"
                        },
                        {
                            "id": "52a7517d",
                            "settings": {
                                "image": {
                                    "url": "https:\/\/kit.baliniz.com\/cookblog\/wp-content\/uploads\/sites\/5\/2020\/12\/ads.jpg",
                                    "id": 351
                                }
                            },
                            "elements": [],
                            "isInner": false,
                            "widgetType": "image",
                            "elType": "widget"
                        }
                    ],
                    "isInner": false,
                    "elType": "column"
                }
            ],
            "isInner": false,
            "elType": "section"
        }
    ]
}