{
    "version": "0.4",
    "title": "Footer 2",
    "type": "footer",
    "metadata": {
        "template_type": "section-footer",
        "include_in_zip": "1",
        "elementor_pro_required": "1",
        "elementor_library_type": "footer",
        "additional_template_information": [
            "This is a \"Footer\" template for Elementor Pro."
        ],
        "wp_page_template": "default"
    },
    "content": [
        {
            "id": "63b605e3",
            "settings": {
                "background_background": "classic",
                "padding": {
                    "unit": "px",
                    "top": "40",
                    "right": "0",
                    "bottom": "0",
                    "left": "0",
                    "isLinked": false
                },
                "border_width": {
                    "unit": "px",
                    "top": "0",
                    "right": "40",
                    "bottom": "0",
                    "left": "40",
                    "isLinked": false
                },
                "border_color": "#FFFFFF",
                "background_size": "initial",
                "background_bg_width": {
                    "unit": "px",
                    "size": 198,
                    "sizes": []
                },
                "background_overlay_size": "initial",
                "background_overlay_bg_width": {
                    "unit": "px",
                    "size": 198,
                    "sizes": []
                },
                "background_overlay_opacity": {
                    "unit": "px",
                    "size": 0.1,
                    "sizes": []
                },
                "layout": "full_width",
                "gap": "no",
                "background_color": "#DEF0E5",
                "__globals__": {
                    "background_color": ""
                },
                "padding_tablet": {
                    "unit": "px",
                    "top": "40",
                    "right": "0",
                    "bottom": "0",
                    "left": "0",
                    "isLinked": false
                },
                "padding_mobile": {
                    "unit": "px",
                    "top": "30",
                    "right": "0",
                    "bottom": "0",
                    "left": "0",
                    "isLinked": false
                }
            },
            "elements": [
                {
                    "id": "3a19ad8c",
                    "settings": {
                        "_column_size": 100,
                        "_inline_size": null
                    },
                    "elements": [
                        {
                            "id": "436aede",
                            "settings": {
                                "gap": "no"
                            },
                            "elements": [
                                {
                                    "id": "50fb88fb",
                                    "settings": {
                                        "_column_size": 100
                                    },
                                    "elements": [
                                        {
                                            "id": "795ba97",
                                            "settings": {
                                                "title": "Follow me on",
                                                "align": "center",
                                                "_margin": {
                                                    "unit": "px",
                                                    "top": "0",
                                                    "right": "0",
                                                    "bottom": "-8",
                                                    "left": "0",
                                                    "isLinked": false
                                                },
                                                "__globals__": {
                                                    "title_color": "globals\/colors?id=secondary",
                                                    "typography_typography": "globals\/typography?id=secondary"
                                                },
                                                "title_color": "#2D2D2A"
                                            },
                                            "elements": [],
                                            "isInner": false,
                                            "widgetType": "heading",
                                            "elType": "widget"
                                        },
                                        {
                                            "id": "44e316ea",
                                            "settings": {
                                                "icon_list": [
                                                    {
                                                        "text": "INSTAGRAM",
                                                        "selected_icon": {
                                                            "value": "fab fa-instagram",
                                                            "library": "fa-brands"
                                                        },
                                                        "_id": "b7c3873"
                                                    }
                                                ],
                                                "icon_align": "center",
                                                "icon_size": {
                                                    "unit": "px",
                                                    "size": 32,
                                                    "sizes": []
                                                },
                                                "icon_typography_typography": "custom",
                                                "icon_typography_font_family": "Josefin Sans",
                                                "icon_typography_font_size": {
                                                    "unit": "px",
                                                    "size": 32,
                                                    "sizes": []
                                                },
                                                "icon_typography_font_weight": "400",
                                                "__globals__": {
                                                    "icon_color": "globals\/colors?id=primary",
                                                    "icon_typography_typography": ""
                                                },
                                                "icon_color": "#E24E1B",
                                                "icon_typography_letter_spacing": {
                                                    "unit": "px",
                                                    "size": 0.4,
                                                    "sizes": []
                                                },
                                                "_margin": {
                                                    "unit": "px",
                                                    "top": "0",
                                                    "right": "0",
                                                    "bottom": "20",
                                                    "left": "0",
                                                    "isLinked": false
                                                }
                                            },
                                            "elements": [],
                                            "isInner": false,
                                            "widgetType": "icon-list",
                                            "elType": "widget"
                                        }
                                    ],
                                    "isInner": true,
                                    "elType": "column"
                                }
                            ],
                            "isInner": true,
                            "elType": "section"
                        },
                        {
                            "id": "57ab6ed8",
                            "settings": {
                                "layout": "full_width",
                                "structure": "60",
                                "gap": "no"
                            },
                            "elements": [
                                {
                                    "id": "3d1fbd4c",
                                    "settings": {
                                        "_column_size": 16,
                                        "_inline_size": null,
                                        "_inline_size_mobile": 50
                                    },
                                    "elements": [
                                        {
                                            "id": "6c1db7b5",
                                            "settings": {
                                                "image": {
                                                    "url": "https:\/\/kit.baliniz.com\/cookblog\/wp-content\/uploads\/sites\/5\/2020\/12\/akemy-mory-NrECDaCzPBI-unsplash.jpg",
                                                    "id": 676
                                                },
                                                "image_size": "custom",
                                                "image_custom_dimension": {
                                                    "width": "1024",
                                                    "height": "1024"
                                                }
                                            },
                                            "elements": [],
                                            "isInner": false,
                                            "widgetType": "image",
                                            "elType": "widget"
                                        }
                                    ],
                                    "isInner": true,
                                    "elType": "column"
                                },
                                {
                                    "id": "6d0e28af",
                                    "settings": {
                                        "_column_size": 16,
                                        "_inline_size": null,
                                        "_inline_size_mobile": 50
                                    },
                                    "elements": [
                                        {
                                            "id": "41d3a1d0",
                                            "settings": {
                                                "image": {
                                                    "url": "https:\/\/kit.baliniz.com\/cookblog\/wp-content\/uploads\/sites\/5\/2020\/12\/leti-kugler-I-ykyShydj0-unsplash.jpg",
                                                    "id": 671
                                                },
                                                "image_size": "custom",
                                                "image_custom_dimension": {
                                                    "width": "1024",
                                                    "height": "1024"
                                                }
                                            },
                                            "elements": [],
                                            "isInner": false,
                                            "widgetType": "image",
                                            "elType": "widget"
                                        }
                                    ],
                                    "isInner": true,
                                    "elType": "column"
                                },
                                {
                                    "id": "39bf903b",
                                    "settings": {
                                        "_column_size": 16,
                                        "_inline_size": null,
                                        "_inline_size_mobile": 50
                                    },
                                    "elements": [
                                        {
                                            "id": "6a81f133",
                                            "settings": {
                                                "image": {
                                                    "url": "https:\/\/kit.baliniz.com\/cookblog\/wp-content\/uploads\/sites\/5\/2020\/12\/image-JNEEVVV.jpg",
                                                    "id": 571
                                                },
                                                "image_size": "custom",
                                                "image_custom_dimension": {
                                                    "width": "1024",
                                                    "height": "1024"
                                                }
                                            },
                                            "elements": [],
                                            "isInner": false,
                                            "widgetType": "image",
                                            "elType": "widget"
                                        }
                                    ],
                                    "isInner": true,
                                    "elType": "column"
                                },
                                {
                                    "id": "77857fdb",
                                    "settings": {
                                        "_column_size": 16,
                                        "_inline_size": null,
                                        "_inline_size_mobile": 50
                                    },
                                    "elements": [
                                        {
                                            "id": "2c2f03a8",
                                            "settings": {
                                                "image": {
                                                    "url": "https:\/\/kit.baliniz.com\/cookblog\/wp-content\/uploads\/sites\/5\/2020\/12\/brooke-lark-aGjP08-HbYY-unsplash.jpg",
                                                    "id": 659
                                                },
                                                "image_size": "custom",
                                                "image_custom_dimension": {
                                                    "width": "1024",
                                                    "height": "1024"
                                                }
                                            },
                                            "elements": [],
                                            "isInner": false,
                                            "widgetType": "image",
                                            "elType": "widget"
                                        }
                                    ],
                                    "isInner": true,
                                    "elType": "column"
                                },
                                {
                                    "id": "7d4c1a33",
                                    "settings": {
                                        "_column_size": 16,
                                        "_inline_size": null,
                                        "_inline_size_mobile": 50
                                    },
                                    "elements": [
                                        {
                                            "id": "164e448d",
                                            "settings": {
                                                "image": {
                                                    "url": "https:\/\/kit.baliniz.com\/cookblog\/wp-content\/uploads\/sites\/5\/2020\/12\/akemy-mory-tUhCuctc_LU-unsplash.jpg",
                                                    "id": 674
                                                },
                                                "image_size": "custom",
                                                "image_custom_dimension": {
                                                    "width": "1024",
                                                    "height": "1024"
                                                }
                                            },
                                            "elements": [],
                                            "isInner": false,
                                            "widgetType": "image",
                                            "elType": "widget"
                                        }
                                    ],
                                    "isInner": true,
                                    "elType": "column"
                                },
                                {
                                    "id": "50c997a9",
                                    "settings": {
                                        "_column_size": 16,
                                        "_inline_size": null,
                                        "_inline_size_mobile": 50
                                    },
                                    "elements": [
                                        {
                                            "id": "6ccada60",
                                            "settings": {
                                                "image": {
                                                    "url": "https:\/\/kit.baliniz.com\/cookblog\/wp-content\/uploads\/sites\/5\/2020\/12\/akemy-mory-JJe38LKq9E8-unsplash.jpg",
                                                    "id": 675
                                                },
                                                "image_size": "custom",
                                                "image_custom_dimension": {
                                                    "width": "1024",
                                                    "height": "1024"
                                                }
                                            },
                                            "elements": [],
                                            "isInner": false,
                                            "widgetType": "image",
                                            "elType": "widget"
                                        }
                                    ],
                                    "isInner": true,
                                    "elType": "column"
                                }
                            ],
                            "isInner": true,
                            "elType": "section"
                        }
                    ],
                    "isInner": false,
                    "elType": "column"
                }
            ],
            "isInner": false,
            "elType": "section"
        },
        {
            "id": "3ce82c32",
            "settings": {
                "gap": "no",
                "content_position": "middle",
                "structure": "30",
                "padding": {
                    "unit": "px",
                    "top": "30",
                    "right": "0",
                    "bottom": "30",
                    "left": "0",
                    "isLinked": false
                },
                "padding_tablet": {
                    "unit": "px",
                    "top": "20",
                    "right": "0",
                    "bottom": "20",
                    "left": "0",
                    "isLinked": false
                }
            },
            "elements": [
                {
                    "id": "6f380b76",
                    "settings": {
                        "_column_size": 33,
                        "_inline_size": 28
                    },
                    "elements": [
                        {
                            "id": "76cb5154",
                            "settings": {
                                "editor": "\u00a9 2020 Cookblog. All rights reserved.",
                                "typography_typography": "custom",
                                "typography_font_family": "Josefin Sans",
                                "typography_font_size": {
                                    "unit": "px",
                                    "size": 12,
                                    "sizes": []
                                },
                                "typography_font_weight": "400",
                                "__globals__": {
                                    "text_color": "globals\/colors?id=text",
                                    "typography_typography": ""
                                },
                                "text_color": "#5C6066",
                                "align_mobile": "center"
                            },
                            "elements": [],
                            "isInner": false,
                            "widgetType": "text-editor",
                            "elType": "widget"
                        }
                    ],
                    "isInner": false,
                    "elType": "column"
                },
                {
                    "id": "65b62f63",
                    "settings": {
                        "_column_size": 33,
                        "_inline_size": 43.332,
                        "padding_mobile": {
                            "unit": "px",
                            "top": "10",
                            "right": "0",
                            "bottom": "10",
                            "left": "0",
                            "isLinked": false
                        }
                    },
                    "elements": [
                        {
                            "id": "13fb3e33",
                            "settings": {
                                "view": "inline",
                                "icon_list": [
                                    {
                                        "text": "About",
                                        "selected_icon": {
                                            "value": "",
                                            "library": ""
                                        },
                                        "_id": "753064d",
                                        "link": {
                                            "url": "#",
                                            "is_external": "",
                                            "nofollow": "",
                                            "custom_attributes": ""
                                        }
                                    },
                                    {
                                        "text": "Partnership",
                                        "selected_icon": {
                                            "value": "",
                                            "library": ""
                                        },
                                        "_id": "c44e84c",
                                        "link": {
                                            "url": "#",
                                            "is_external": "",
                                            "nofollow": "",
                                            "custom_attributes": ""
                                        }
                                    },
                                    {
                                        "text": "Privacy & Policy",
                                        "selected_icon": {
                                            "value": "",
                                            "library": ""
                                        },
                                        "link": {
                                            "url": "#",
                                            "is_external": "",
                                            "nofollow": "",
                                            "custom_attributes": ""
                                        },
                                        "_id": "fadf030"
                                    },
                                    {
                                        "text": "Contact",
                                        "selected_icon": {
                                            "value": "",
                                            "library": ""
                                        },
                                        "_id": "02aebf6",
                                        "link": {
                                            "url": "#",
                                            "is_external": "",
                                            "nofollow": "",
                                            "custom_attributes": ""
                                        }
                                    }
                                ],
                                "space_between": {
                                    "unit": "px",
                                    "size": 32,
                                    "sizes": []
                                },
                                "icon_align": "center",
                                "icon_size": {
                                    "unit": "px",
                                    "size": "",
                                    "sizes": []
                                },
                                "icon_typography_typography": "custom",
                                "icon_typography_font_family": "Josefin Sans",
                                "icon_typography_font_size": {
                                    "unit": "px",
                                    "size": 12,
                                    "sizes": []
                                },
                                "icon_typography_font_weight": "500",
                                "icon_typography_line_height": {
                                    "unit": "em",
                                    "size": 1.5,
                                    "sizes": []
                                },
                                "__globals__": {
                                    "icon_typography_typography": "",
                                    "text_color_hover": "globals\/colors?id=primary",
                                    "text_color": "globals\/colors?id=secondary"
                                },
                                "space_between_mobile": {
                                    "unit": "px",
                                    "size": 15,
                                    "sizes": []
                                }
                            },
                            "elements": [],
                            "isInner": false,
                            "widgetType": "icon-list",
                            "elType": "widget"
                        }
                    ],
                    "isInner": false,
                    "elType": "column"
                },
                {
                    "id": "79cb4f37",
                    "settings": {
                        "_column_size": 33,
                        "_inline_size": 28
                    },
                    "elements": [
                        {
                            "id": "4410a7ce",
                            "settings": {
                                "social_icon_list": [
                                    {
                                        "social_icon": {
                                            "value": "fab fa-facebook-f",
                                            "library": "fa-brands"
                                        },
                                        "_id": "3a8ee3a",
                                        "item_icon_color": "custom",
                                        "item_icon_primary_color": "#FFFFFF00",
                                        "__globals__": {
                                            "item_icon_primary_color": "",
                                            "item_icon_secondary_color": "globals\/colors?id=secondary"
                                        }
                                    },
                                    {
                                        "social_icon": {
                                            "value": "fab fa-twitter",
                                            "library": "fa-brands"
                                        },
                                        "_id": "fce5699",
                                        "item_icon_color": "custom",
                                        "item_icon_primary_color": "#02010100",
                                        "__globals__": {
                                            "item_icon_secondary_color": "globals\/colors?id=secondary"
                                        }
                                    },
                                    {
                                        "social_icon": {
                                            "value": "fab fa-youtube",
                                            "library": "fa-brands"
                                        },
                                        "_id": "d5f6c22",
                                        "item_icon_color": "custom",
                                        "item_icon_primary_color": "#02010100",
                                        "__globals__": {
                                            "item_icon_secondary_color": "globals\/colors?id=secondary"
                                        }
                                    },
                                    {
                                        "_id": "4ad8f02",
                                        "social_icon": {
                                            "value": "fab fa-pinterest",
                                            "library": "fa-brands"
                                        }
                                    }
                                ],
                                "icon_color": "custom",
                                "icon_primary_color": "#02010100",
                                "icon_size": {
                                    "unit": "px",
                                    "size": 15,
                                    "sizes": []
                                },
                                "__globals__": {
                                    "icon_secondary_color": "globals\/colors?id=secondary",
                                    "hover_secondary_color": "globals\/colors?id=primary"
                                },
                                "align": "right",
                                "align_mobile": "center"
                            },
                            "elements": [],
                            "isInner": false,
                            "widgetType": "social-icons",
                            "elType": "widget"
                        }
                    ],
                    "isInner": false,
                    "elType": "column"
                }
            ],
            "isInner": false,
            "elType": "section"
        }
    ]
}