{
    "version": "0.4",
    "title": "Footer",
    "type": "footer",
    "metadata": {
        "template_type": "section-footer",
        "include_in_zip": "1",
        "elementor_pro_required": "1",
        "elementor_library_type": "footer",
        "elementor_pro_conditions": [
            "include\/general"
        ],
        "additional_template_information": [
            "This is a \"Footer\" template for Elementor Pro.",
            "This template will display on: Entire Site."
        ],
        "wp_page_template": "default"
    },
    "content": [
        {
            "id": "512956ac",
            "settings": {
                "background_background": "classic",
                "padding": {
                    "unit": "px",
                    "top": "50",
                    "right": "0",
                    "bottom": "40",
                    "left": "0",
                    "isLinked": false
                },
                "border_width": {
                    "unit": "px",
                    "top": "0",
                    "right": "40",
                    "bottom": "0",
                    "left": "40",
                    "isLinked": false
                },
                "border_color": "#FFFFFF",
                "background_size": "initial",
                "background_bg_width": {
                    "unit": "px",
                    "size": 198,
                    "sizes": []
                },
                "background_overlay_size": "initial",
                "background_overlay_bg_width": {
                    "unit": "px",
                    "size": 198,
                    "sizes": []
                },
                "background_overlay_opacity": {
                    "unit": "px",
                    "size": 0.1,
                    "sizes": []
                },
                "layout": "full_width",
                "gap": "no",
                "background_color": "#DEF0E5",
                "__globals__": {
                    "background_color": ""
                },
                "padding_mobile": {
                    "unit": "px",
                    "top": "40",
                    "right": "20",
                    "bottom": "30",
                    "left": "20",
                    "isLinked": false
                }
            },
            "elements": [
                {
                    "id": "602afea2",
                    "settings": {
                        "_column_size": 100,
                        "_inline_size": null
                    },
                    "elements": [
                        {
                            "id": "647770cf",
                            "settings": {
                                "gap": "no"
                            },
                            "elements": [
                                {
                                    "id": "7fa7c615",
                                    "settings": {
                                        "_column_size": 100
                                    },
                                    "elements": [
                                        {
                                            "id": "fb13ce9",
                                            "settings": {
                                                "title": "Stay Connected",
                                                "align": "center",
                                                "typography_typography": "custom",
                                                "typography_font_family": "Josefin Sans",
                                                "_margin": {
                                                    "unit": "px",
                                                    "top": "0",
                                                    "right": "0",
                                                    "bottom": "-8",
                                                    "left": "0",
                                                    "isLinked": false
                                                },
                                                "__globals__": {
                                                    "title_color": "globals\/colors?id=text",
                                                    "typography_typography": ""
                                                },
                                                "title_color": "#2D2D2A",
                                                "typography_font_size": {
                                                    "unit": "px",
                                                    "size": 16,
                                                    "sizes": []
                                                },
                                                "typography_font_weight": "500",
                                                "typography_font_size_mobile": {
                                                    "unit": "px",
                                                    "size": 13,
                                                    "sizes": []
                                                }
                                            },
                                            "elements": [],
                                            "isInner": false,
                                            "widgetType": "heading",
                                            "elType": "widget"
                                        },
                                        {
                                            "id": "e45baf8",
                                            "settings": {
                                                "title": "Follow me on Social Media",
                                                "header_size": "h3",
                                                "align": "center",
                                                "typography_typography": "custom",
                                                "typography_font_family": "Source Serif Pro",
                                                "typography_font_size": {
                                                    "unit": "px",
                                                    "size": 40,
                                                    "sizes": []
                                                },
                                                "typography_font_size_mobile": {
                                                    "unit": "px",
                                                    "size": 32,
                                                    "sizes": []
                                                },
                                                "typography_font_weight": "700",
                                                "__globals__": {
                                                    "title_color": "globals\/colors?id=secondary"
                                                }
                                            },
                                            "elements": [],
                                            "isInner": false,
                                            "widgetType": "heading",
                                            "elType": "widget"
                                        }
                                    ],
                                    "isInner": true,
                                    "elType": "column"
                                }
                            ],
                            "isInner": true,
                            "elType": "section"
                        },
                        {
                            "id": "6676e13a",
                            "settings": {
                                "structure": "60",
                                "gap": "extended",
                                "margin": {
                                    "unit": "px",
                                    "top": "20",
                                    "right": 0,
                                    "bottom": "20",
                                    "left": 0,
                                    "isLinked": false
                                }
                            },
                            "elements": [
                                {
                                    "id": "26a5aaee",
                                    "settings": {
                                        "_column_size": 16,
                                        "_inline_size": null,
                                        "_inline_size_mobile": 50,
                                        "padding_mobile": {
                                            "unit": "px",
                                            "top": "0",
                                            "right": "10",
                                            "bottom": "10",
                                            "left": "0",
                                            "isLinked": false
                                        }
                                    },
                                    "elements": [
                                        {
                                            "id": "352d5ae1",
                                            "settings": {
                                                "image": {
                                                    "url": "https:\/\/kit.baliniz.com\/cookblog\/wp-content\/uploads\/sites\/5\/2020\/12\/akemy-mory-NrECDaCzPBI-unsplash.jpg",
                                                    "id": 676
                                                },
                                                "image_size": "custom",
                                                "image_custom_dimension": {
                                                    "width": "1024",
                                                    "height": "1024"
                                                },
                                                "hover_animation": "grow"
                                            },
                                            "elements": [],
                                            "isInner": false,
                                            "widgetType": "image",
                                            "elType": "widget"
                                        }
                                    ],
                                    "isInner": true,
                                    "elType": "column"
                                },
                                {
                                    "id": "5e54ccf3",
                                    "settings": {
                                        "_column_size": 16,
                                        "_inline_size": null,
                                        "_inline_size_mobile": 50,
                                        "padding_mobile": {
                                            "unit": "px",
                                            "top": "0",
                                            "right": "0",
                                            "bottom": "10",
                                            "left": "10",
                                            "isLinked": false
                                        }
                                    },
                                    "elements": [
                                        {
                                            "id": "59e2e161",
                                            "settings": {
                                                "image": {
                                                    "url": "https:\/\/kit.baliniz.com\/cookblog\/wp-content\/uploads\/sites\/5\/2020\/12\/leti-kugler-I-ykyShydj0-unsplash.jpg",
                                                    "id": 671
                                                },
                                                "image_size": "custom",
                                                "image_custom_dimension": {
                                                    "width": "1024",
                                                    "height": "1024"
                                                },
                                                "hover_animation": "grow"
                                            },
                                            "elements": [],
                                            "isInner": false,
                                            "widgetType": "image",
                                            "elType": "widget"
                                        }
                                    ],
                                    "isInner": true,
                                    "elType": "column"
                                },
                                {
                                    "id": "74bdf7a6",
                                    "settings": {
                                        "_column_size": 16,
                                        "_inline_size": null,
                                        "_inline_size_mobile": 50,
                                        "padding_mobile": {
                                            "unit": "px",
                                            "top": "10",
                                            "right": "10",
                                            "bottom": "10",
                                            "left": "0",
                                            "isLinked": false
                                        }
                                    },
                                    "elements": [
                                        {
                                            "id": "3c5505bd",
                                            "settings": {
                                                "image": {
                                                    "url": "https:\/\/kit.baliniz.com\/cookblog\/wp-content\/uploads\/sites\/5\/2020\/12\/image-JNEEVVV.jpg",
                                                    "id": 571
                                                },
                                                "image_size": "custom",
                                                "image_custom_dimension": {
                                                    "width": "1024",
                                                    "height": "1024"
                                                },
                                                "hover_animation": "grow"
                                            },
                                            "elements": [],
                                            "isInner": false,
                                            "widgetType": "image",
                                            "elType": "widget"
                                        }
                                    ],
                                    "isInner": true,
                                    "elType": "column"
                                },
                                {
                                    "id": "2824105b",
                                    "settings": {
                                        "_column_size": 16,
                                        "_inline_size": null,
                                        "_inline_size_mobile": 50,
                                        "padding_mobile": {
                                            "unit": "px",
                                            "top": "10",
                                            "right": "0",
                                            "bottom": "10",
                                            "left": "10",
                                            "isLinked": false
                                        }
                                    },
                                    "elements": [
                                        {
                                            "id": "46f55be7",
                                            "settings": {
                                                "image": {
                                                    "url": "https:\/\/kit.baliniz.com\/cookblog\/wp-content\/uploads\/sites\/5\/2020\/12\/brooke-lark-aGjP08-HbYY-unsplash.jpg",
                                                    "id": 659
                                                },
                                                "image_size": "custom",
                                                "image_custom_dimension": {
                                                    "width": "1024",
                                                    "height": "1024"
                                                },
                                                "hover_animation": "grow"
                                            },
                                            "elements": [],
                                            "isInner": false,
                                            "widgetType": "image",
                                            "elType": "widget"
                                        }
                                    ],
                                    "isInner": true,
                                    "elType": "column"
                                },
                                {
                                    "id": "3a14f322",
                                    "settings": {
                                        "_column_size": 16,
                                        "_inline_size": null,
                                        "_inline_size_mobile": 50,
                                        "padding_mobile": {
                                            "unit": "px",
                                            "top": "10",
                                            "right": "10",
                                            "bottom": "0",
                                            "left": "0",
                                            "isLinked": false
                                        }
                                    },
                                    "elements": [
                                        {
                                            "id": "766f2e8",
                                            "settings": {
                                                "image": {
                                                    "url": "https:\/\/kit.baliniz.com\/cookblog\/wp-content\/uploads\/sites\/5\/2020\/12\/akemy-mory-tUhCuctc_LU-unsplash.jpg",
                                                    "id": 674
                                                },
                                                "image_size": "custom",
                                                "image_custom_dimension": {
                                                    "width": "1024",
                                                    "height": "1024"
                                                },
                                                "hover_animation": "grow"
                                            },
                                            "elements": [],
                                            "isInner": false,
                                            "widgetType": "image",
                                            "elType": "widget"
                                        }
                                    ],
                                    "isInner": true,
                                    "elType": "column"
                                },
                                {
                                    "id": "357c6624",
                                    "settings": {
                                        "_column_size": 16,
                                        "_inline_size": null,
                                        "_inline_size_mobile": 50,
                                        "padding_mobile": {
                                            "unit": "px",
                                            "top": "10",
                                            "right": "0",
                                            "bottom": "0",
                                            "left": "10",
                                            "isLinked": false
                                        }
                                    },
                                    "elements": [
                                        {
                                            "id": "48b97f26",
                                            "settings": {
                                                "image": {
                                                    "url": "https:\/\/kit.baliniz.com\/cookblog\/wp-content\/uploads\/sites\/5\/2020\/12\/akemy-mory-JJe38LKq9E8-unsplash.jpg",
                                                    "id": 675
                                                },
                                                "image_size": "custom",
                                                "image_custom_dimension": {
                                                    "width": "1024",
                                                    "height": "1024"
                                                },
                                                "hover_animation": "grow"
                                            },
                                            "elements": [],
                                            "isInner": false,
                                            "widgetType": "image",
                                            "elType": "widget"
                                        }
                                    ],
                                    "isInner": true,
                                    "elType": "column"
                                }
                            ],
                            "isInner": true,
                            "elType": "section"
                        },
                        {
                            "id": "a50ac40",
                            "settings": {
                                "title": "yes I have other social media",
                                "align": "center",
                                "typography_typography": "custom",
                                "typography_font_family": "Josefin Sans",
                                "_margin": {
                                    "unit": "px",
                                    "top": "0",
                                    "right": "0",
                                    "bottom": "-12",
                                    "left": "0",
                                    "isLinked": false
                                },
                                "__globals__": {
                                    "title_color": "globals\/colors?id=text",
                                    "typography_typography": ""
                                },
                                "typography_font_size": {
                                    "unit": "px",
                                    "size": 12,
                                    "sizes": []
                                },
                                "typography_font_weight": "500",
                                "typography_text_transform": "uppercase",
                                "typography_line_height": {
                                    "unit": "em",
                                    "size": 1.5,
                                    "sizes": []
                                },
                                "typography_letter_spacing": {
                                    "unit": "px",
                                    "size": 0.4,
                                    "sizes": []
                                }
                            },
                            "elements": [],
                            "isInner": false,
                            "widgetType": "heading",
                            "elType": "widget"
                        },
                        {
                            "id": "144b5898",
                            "settings": {
                                "social_icon_list": [
                                    {
                                        "_id": "3dbc062",
                                        "social_icon": {
                                            "value": "fab fa-instagram",
                                            "library": "fa-brands"
                                        }
                                    },
                                    {
                                        "_id": "4ad8f02",
                                        "social_icon": {
                                            "value": "fab fa-pinterest",
                                            "library": "fa-brands"
                                        }
                                    },
                                    {
                                        "social_icon": {
                                            "value": "fab fa-facebook-f",
                                            "library": "fa-brands"
                                        },
                                        "_id": "3a8ee3a",
                                        "item_icon_color": "custom",
                                        "item_icon_primary_color": "#FFFFFF00",
                                        "__globals__": {
                                            "item_icon_primary_color": "",
                                            "item_icon_secondary_color": "globals\/colors?id=secondary"
                                        }
                                    },
                                    {
                                        "social_icon": {
                                            "value": "fab fa-twitter",
                                            "library": "fa-brands"
                                        },
                                        "_id": "fce5699",
                                        "item_icon_color": "custom",
                                        "item_icon_primary_color": "#02010100",
                                        "__globals__": {
                                            "item_icon_secondary_color": "globals\/colors?id=secondary"
                                        }
                                    },
                                    {
                                        "social_icon": {
                                            "value": "fab fa-youtube",
                                            "library": "fa-brands"
                                        },
                                        "_id": "d5f6c22",
                                        "item_icon_color": "custom",
                                        "item_icon_primary_color": "#02010100",
                                        "__globals__": {
                                            "item_icon_secondary_color": "globals\/colors?id=secondary"
                                        }
                                    }
                                ],
                                "icon_color": "custom",
                                "icon_primary_color": "#02010100",
                                "icon_size": {
                                    "unit": "px",
                                    "size": 15,
                                    "sizes": []
                                },
                                "__globals__": {
                                    "icon_secondary_color": "globals\/colors?id=secondary",
                                    "hover_secondary_color": "globals\/colors?id=primary"
                                }
                            },
                            "elements": [],
                            "isInner": false,
                            "widgetType": "social-icons",
                            "elType": "widget"
                        }
                    ],
                    "isInner": false,
                    "elType": "column"
                }
            ],
            "isInner": false,
            "elType": "section"
        },
        {
            "id": "601f9307",
            "settings": {
                "gap": "no",
                "content_position": "middle",
                "structure": "30",
                "padding": {
                    "unit": "px",
                    "top": "30",
                    "right": "0",
                    "bottom": "30",
                    "left": "0",
                    "isLinked": false
                },
                "padding_tablet": {
                    "unit": "px",
                    "top": "20",
                    "right": "0",
                    "bottom": "20",
                    "left": "0",
                    "isLinked": false
                }
            },
            "elements": [
                {
                    "id": "6ca4db03",
                    "settings": {
                        "_column_size": 33,
                        "_inline_size": 28
                    },
                    "elements": [
                        {
                            "id": "4979c4e9",
                            "settings": {
                                "editor": "Food Blog Template Kit by Baliniz",
                                "typography_typography": "custom",
                                "typography_font_family": "Josefin Sans",
                                "typography_font_size": {
                                    "unit": "px",
                                    "size": 12,
                                    "sizes": []
                                },
                                "typography_font_weight": "400",
                                "__globals__": {
                                    "text_color": "globals\/colors?id=text",
                                    "typography_typography": ""
                                },
                                "text_color": "#5C6066",
                                "align_mobile": "center"
                            },
                            "elements": [],
                            "isInner": false,
                            "widgetType": "text-editor",
                            "elType": "widget"
                        }
                    ],
                    "isInner": false,
                    "elType": "column"
                },
                {
                    "id": "6a003ebc",
                    "settings": {
                        "_column_size": 33,
                        "_inline_size": 43.332,
                        "padding_mobile": {
                            "unit": "px",
                            "top": "10",
                            "right": "0",
                            "bottom": "10",
                            "left": "0",
                            "isLinked": false
                        }
                    },
                    "elements": [
                        {
                            "id": "40157caa",
                            "settings": {
                                "view": "inline",
                                "icon_list": [
                                    {
                                        "text": "About",
                                        "selected_icon": {
                                            "value": "",
                                            "library": ""
                                        },
                                        "_id": "753064d",
                                        "link": {
                                            "url": "#",
                                            "is_external": "",
                                            "nofollow": "",
                                            "custom_attributes": ""
                                        }
                                    },
                                    {
                                        "text": "Privacy & Policy",
                                        "selected_icon": {
                                            "value": "",
                                            "library": ""
                                        },
                                        "_id": "c44e84c",
                                        "link": {
                                            "url": "#",
                                            "is_external": "",
                                            "nofollow": "",
                                            "custom_attributes": ""
                                        }
                                    },
                                    {
                                        "text": "Contact",
                                        "selected_icon": {
                                            "value": "",
                                            "library": ""
                                        },
                                        "_id": "02aebf6",
                                        "link": {
                                            "url": "#",
                                            "is_external": "",
                                            "nofollow": "",
                                            "custom_attributes": ""
                                        }
                                    }
                                ],
                                "space_between": {
                                    "unit": "px",
                                    "size": 32,
                                    "sizes": []
                                },
                                "icon_align": "center",
                                "icon_size": {
                                    "unit": "px",
                                    "size": "",
                                    "sizes": []
                                },
                                "icon_typography_typography": "custom",
                                "icon_typography_font_family": "Josefin Sans",
                                "icon_typography_font_size": {
                                    "unit": "px",
                                    "size": 12,
                                    "sizes": []
                                },
                                "icon_typography_font_weight": "500",
                                "icon_typography_line_height": {
                                    "unit": "em",
                                    "size": 1.5,
                                    "sizes": []
                                },
                                "__globals__": {
                                    "icon_typography_typography": "",
                                    "text_color_hover": "globals\/colors?id=primary",
                                    "text_color": "globals\/colors?id=secondary"
                                },
                                "space_between_mobile": {
                                    "unit": "px",
                                    "size": 15,
                                    "sizes": []
                                }
                            },
                            "elements": [],
                            "isInner": false,
                            "widgetType": "icon-list",
                            "elType": "widget"
                        }
                    ],
                    "isInner": false,
                    "elType": "column"
                },
                {
                    "id": "77e8cad8",
                    "settings": {
                        "_column_size": 33,
                        "_inline_size": 28
                    },
                    "elements": [
                        {
                            "id": "73d0f69e",
                            "settings": {
                                "editor": "\u00a9 2020 Cookblog. All rights reserved.",
                                "typography_typography": "custom",
                                "typography_font_family": "Josefin Sans",
                                "typography_font_size": {
                                    "unit": "px",
                                    "size": 12,
                                    "sizes": []
                                },
                                "typography_font_weight": "400",
                                "__globals__": {
                                    "text_color": "globals\/colors?id=text",
                                    "typography_typography": ""
                                },
                                "text_color": "#5C6066",
                                "align_mobile": "center",
                                "align": "right"
                            },
                            "elements": [],
                            "isInner": false,
                            "widgetType": "text-editor",
                            "elType": "widget"
                        }
                    ],
                    "isInner": false,
                    "elType": "column"
                }
            ],
            "isInner": false,
            "elType": "section"
        }
    ]
}