{
    "version": "0.4",
    "title": "Global Kit Styles",
    "type": "section",
    "metadata": {
        "template_type": "global-styles",
        "include_in_zip": "1",
        "elementor_pro_required": null,
        "additional_template_information": [
            "These are the global theme styles configured through the Elementor Theme Styles area."
        ],
        "wp_page_template": "default"
    },
    "content": [],
    "page_settings": {
        "site_name": "CookBlog",
        "site_description": "A Stylish Food Blog Elementor Template Kit",
        "system_colors": [
            {
                "_id": "primary",
                "title": "Primary",
                "color": "#E24E1B"
            },
            {
                "_id": "secondary",
                "title": "Secondary",
                "color": "#2D2D2A"
            },
            {
                "_id": "text",
                "title": "Text",
                "color": "#62625F"
            },
            {
                "_id": "accent",
                "title": "Accent",
                "color": "#174D44"
            }
        ],
        "custom_colors": [
            {
                "_id": "c7c80f8",
                "title": "Darker Primary",
                "color": "#C94418"
            },
            {
                "_id": "24ddbf7",
                "title": "Yellow Background",
                "color": "#F8EEDC"
            }
        ],
        "system_typography": [
            {
                "_id": "primary",
                "title": "Primary",
                "typography_typography": "custom",
                "typography_font_family": "Source Serif Pro",
                "typography_font_weight": "700",
                "typography_font_size": {
                    "unit": "px",
                    "size": 40,
                    "sizes": []
                },
                "typography_font_size_tablet": {
                    "unit": "px",
                    "size": 32,
                    "sizes": []
                },
                "typography_line_height": {
                    "unit": "em",
                    "size": 1.2,
                    "sizes": []
                }
            },
            {
                "_id": "secondary",
                "title": "Secondary",
                "typography_typography": "custom",
                "typography_font_family": "Josefin Sans",
                "typography_font_weight": "400",
                "typography_font_size": {
                    "unit": "px",
                    "size": 13,
                    "sizes": []
                },
                "typography_font_size_tablet": {
                    "unit": "px",
                    "size": 12,
                    "sizes": []
                },
                "typography_text_transform": "uppercase",
                "typography_letter_spacing": {
                    "unit": "px",
                    "size": 0.5,
                    "sizes": []
                }
            },
            {
                "_id": "text",
                "title": "Text",
                "typography_typography": "custom",
                "typography_font_family": "Georgia",
                "typography_font_weight": "400",
                "typography_font_size": {
                    "unit": "px",
                    "size": 16,
                    "sizes": []
                },
                "typography_font_size_mobile": {
                    "unit": "px",
                    "size": 13,
                    "sizes": []
                },
                "typography_line_height": {
                    "unit": "em",
                    "size": 1.5,
                    "sizes": []
                },
                "typography_font_size_tablet": {
                    "unit": "px",
                    "size": 14,
                    "sizes": []
                }
            },
            {
                "_id": "accent",
                "title": "Accent",
                "typography_typography": "custom",
                "typography_font_family": "Josefin Sans",
                "typography_font_weight": "500",
                "typography_font_size": {
                    "unit": "px",
                    "size": 14,
                    "sizes": []
                },
                "typography_font_size_mobile": {
                    "unit": "px",
                    "size": 12,
                    "sizes": []
                },
                "typography_text_transform": "uppercase",
                "typography_line_height": {
                    "unit": "em",
                    "size": 1.5,
                    "sizes": []
                },
                "typography_letter_spacing": {
                    "unit": "px",
                    "size": 0.5,
                    "sizes": []
                }
            }
        ],
        "custom_typography": [
            {
                "_id": "7004bcb",
                "title": "Heading Medium",
                "typography_typography": "custom",
                "typography_font_family": "Source Serif Pro",
                "typography_font_size": {
                    "unit": "px",
                    "size": 24,
                    "sizes": []
                },
                "typography_font_size_tablet": {
                    "unit": "px",
                    "size": 22,
                    "sizes": []
                },
                "typography_font_weight": "700",
                "typography_line_height_mobile": {
                    "unit": "em",
                    "size": 1.3,
                    "sizes": []
                },
                "typography_line_height_tablet": {
                    "unit": "em",
                    "size": 1.2,
                    "sizes": []
                },
                "typography_line_height": {
                    "unit": "em",
                    "size": 1.2,
                    "sizes": []
                }
            },
            {
                "_id": "6fe8ce6",
                "title": "Text Alt",
                "typography_typography": "custom",
                "typography_font_family": "Josefin Sans",
                "typography_font_size": {
                    "unit": "px",
                    "size": 16,
                    "sizes": []
                },
                "typography_font_size_tablet": {
                    "unit": "px",
                    "size": 14,
                    "sizes": []
                },
                "typography_font_size_mobile": {
                    "unit": "px",
                    "size": 13,
                    "sizes": []
                },
                "typography_line_height": {
                    "unit": "em",
                    "size": 1.5,
                    "sizes": []
                }
            },
            {
                "_id": "947cc1a",
                "title": "Text Alt Small",
                "typography_typography": "custom",
                "typography_font_family": "Josefin Sans",
                "typography_font_size": {
                    "unit": "px",
                    "size": 12,
                    "sizes": []
                },
                "typography_line_height": {
                    "unit": "em",
                    "size": 1.5,
                    "sizes": []
                },
                "typography_font_weight": "400"
            },
            {
                "_id": "3b12db2",
                "title": "Heading Newsletter",
                "typography_typography": "custom",
                "typography_font_family": "Source Serif Pro",
                "typography_font_size": {
                    "unit": "px",
                    "size": 28,
                    "sizes": []
                },
                "typography_font_size_tablet": {
                    "unit": "px",
                    "size": 24,
                    "sizes": []
                },
                "typography_font_size_mobile": {
                    "unit": "px",
                    "size": 22,
                    "sizes": []
                },
                "typography_font_weight": "bold",
                "typography_font_style": "italic",
                "typography_line_height": {
                    "unit": "em",
                    "size": 1.2,
                    "sizes": []
                }
            },
            {
                "_id": "4ac9a62",
                "title": "Hero",
                "typography_typography": "custom",
                "typography_font_family": "Source Serif Pro",
                "typography_font_size": {
                    "unit": "px",
                    "size": 52,
                    "sizes": []
                },
                "typography_font_size_tablet": {
                    "unit": "px",
                    "size": 34,
                    "sizes": []
                },
                "typography_font_size_mobile": {
                    "unit": "px",
                    "size": 32,
                    "sizes": []
                },
                "typography_font_weight": "700",
                "typography_line_height": {
                    "unit": "em",
                    "size": 1.2,
                    "sizes": []
                }
            },
            {
                "_id": "b470a79",
                "title": "Hero Text",
                "typography_typography": "custom",
                "typography_font_family": "Georgia",
                "typography_font_size": {
                    "unit": "px",
                    "size": 20,
                    "sizes": []
                },
                "typography_font_size_tablet": {
                    "unit": "px",
                    "size": 16,
                    "sizes": []
                },
                "typography_font_size_mobile": {
                    "unit": "px",
                    "size": 16,
                    "sizes": []
                },
                "typography_line_height": {
                    "unit": "em",
                    "size": 1.5,
                    "sizes": []
                }
            },
            {
                "_id": "cfd4668",
                "title": "Post Title Small",
                "typography_typography": "custom",
                "typography_font_family": "Source Serif Pro",
                "typography_font_size": {
                    "unit": "px",
                    "size": 18,
                    "sizes": []
                },
                "typography_font_size_tablet": {
                    "unit": "px",
                    "size": 16,
                    "sizes": []
                },
                "typography_font_size_mobile": {
                    "unit": "px",
                    "size": 18,
                    "sizes": []
                },
                "typography_font_weight": "600",
                "typography_line_height": {
                    "unit": "em",
                    "size": 1.35,
                    "sizes": []
                }
            },
            {
                "_id": "0f981b4",
                "title": "Post Text",
                "typography_typography": "custom",
                "typography_font_family": "Georgia",
                "typography_font_size": {
                    "unit": "px",
                    "size": 18,
                    "sizes": []
                },
                "typography_font_size_tablet": {
                    "unit": "px",
                    "size": 16,
                    "sizes": []
                },
                "typography_font_weight": "400",
                "typography_line_height": {
                    "unit": "em",
                    "size": 1.5,
                    "sizes": []
                }
            },
            {
                "_id": "32f519b",
                "title": "Box Title",
                "typography_typography": "custom",
                "typography_font_family": "Josefin Sans",
                "typography_font_size": {
                    "unit": "px",
                    "size": 26,
                    "sizes": []
                },
                "typography_font_size_tablet": {
                    "unit": "px",
                    "size": 18,
                    "sizes": []
                },
                "typography_font_size_mobile": {
                    "unit": "px",
                    "size": 20,
                    "sizes": []
                },
                "typography_font_weight": "bold",
                "typography_text_transform": "uppercase"
            },
            {
                "_id": "e46b802",
                "title": "Box Title Big",
                "typography_typography": "custom",
                "typography_font_family": "Josefin Sans",
                "typography_font_size": {
                    "unit": "px",
                    "size": 40,
                    "sizes": []
                },
                "typography_font_size_tablet": {
                    "unit": "px",
                    "size": 32,
                    "sizes": []
                },
                "typography_font_size_mobile": {
                    "unit": "px",
                    "size": 20,
                    "sizes": []
                },
                "typography_font_weight": "bold",
                "typography_text_transform": "uppercase"
            },
            {
                "_id": "2f54874",
                "title": "Heading Medium Alt",
                "typography_typography": "custom",
                "typography_font_family": "Josefin Sans",
                "typography_font_size": {
                    "unit": "px",
                    "size": 24,
                    "sizes": []
                },
                "typography_font_size_tablet": {
                    "unit": "px",
                    "size": 20,
                    "sizes": []
                },
                "typography_font_size_mobile": {
                    "unit": "px",
                    "size": 18,
                    "sizes": []
                },
                "typography_font_weight": "500"
            },
            {
                "_id": "99d9ace",
                "title": "Quote",
                "typography_typography": "custom",
                "typography_font_family": "Georgia",
                "typography_font_size": {
                    "unit": "px",
                    "size": 24,
                    "sizes": []
                },
                "typography_font_size_tablet": {
                    "unit": "px",
                    "size": 18,
                    "sizes": []
                },
                "typography_font_size_mobile": {
                    "unit": "px",
                    "size": 16,
                    "sizes": []
                },
                "typography_font_weight": "400",
                "typography_font_style": "italic",
                "typography_line_height": {
                    "unit": "em",
                    "size": 1.4,
                    "sizes": []
                }
            },
            {
                "_id": "6bce51e",
                "title": "CTA Text",
                "typography_typography": "custom",
                "typography_font_family": "Josefin Sans",
                "typography_font_size": {
                    "unit": "px",
                    "size": 20,
                    "sizes": []
                },
                "typography_font_size_tablet": {
                    "unit": "px",
                    "size": 18,
                    "sizes": []
                },
                "typography_font_size_mobile": {
                    "unit": "px",
                    "size": 16,
                    "sizes": []
                },
                "typography_font_weight": "400",
                "typography_line_height": {
                    "unit": "em",
                    "size": 1.35,
                    "sizes": []
                }
            }
        ],
        "default_generic_fonts": "Sans-serif",
        "page_title_selector": "h1.entry-title",
        "activeItemIndex": 1,
        "__globals__": {
            "body_typography_typography": "globals\/typography?id=text",
            "h1_typography_typography": "globals\/typography?id=primary",
            "h2_typography_typography": "globals\/typography?id=primary",
            "body_color": "globals\/colors?id=text",
            "h1_color": "globals\/colors?id=secondary",
            "h2_color": "globals\/colors?id=secondary",
            "h3_color": "globals\/colors?id=secondary",
            "h4_color": "globals\/colors?id=secondary",
            "h5_color": "globals\/colors?id=secondary",
            "h6_color": "globals\/colors?id=text",
            "h6_typography_typography": "globals\/typography?id=accent",
            "h5_typography_typography": "globals\/typography?id=accent",
            "h4_typography_typography": "globals\/typography?id=secondary",
            "h3_typography_typography": "globals\/typography?id=primary",
            "button_typography_typography": "",
            "button_background_color": "globals\/colors?id=primary",
            "button_hover_background_color": "globals\/colors?id=c7c80f8",
            "form_label_color": "globals\/colors?id=secondary",
            "form_label_typography_typography": "",
            "form_field_text_color": "globals\/colors?id=text",
            "link_normal_color": "globals\/colors?id=primary",
            "link_hover_color": "globals\/colors?id=secondary"
        },
        "body_color": "#62625F",
        "body_typography_typography": "custom",
        "body_typography_font_family": "Georgia",
        "body_typography_font_weight": "400",
        "h1_color": "#2D2D2A",
        "h1_typography_typography": "custom",
        "h1_typography_font_family": "Source Serif Pro",
        "h1_typography_font_weight": "700",
        "h2_color": "#2D2D2A",
        "h2_typography_typography": "custom",
        "h2_typography_font_family": "Source Serif Pro",
        "h2_typography_font_weight": "700",
        "h3_color": "#2D2D2A",
        "h3_typography_typography": "custom",
        "h3_typography_font_family": "Source Serif Pro",
        "h3_typography_font_weight": "700",
        "h4_color": "#2D2D2A",
        "h4_typography_typography": "custom",
        "h4_typography_font_family": "Source Serif Pro",
        "h4_typography_font_weight": "400",
        "h5_color": "#2D2D2A",
        "h5_typography_typography": "custom",
        "h5_typography_font_family": "Josefin Sans",
        "h5_typography_font_weight": "500",
        "h6_color": "#62625F",
        "h6_typography_typography": "custom",
        "h6_typography_font_family": "Josefin Sans",
        "h6_typography_font_weight": "500",
        "button_typography_typography": "custom",
        "button_typography_font_family": "Josefin Sans",
        "button_typography_font_size": {
            "unit": "px",
            "size": 14,
            "sizes": []
        },
        "button_typography_font_weight": "400",
        "button_border_radius": {
            "unit": "px",
            "top": "0",
            "right": "0",
            "bottom": "0",
            "left": "0",
            "isLinked": true
        },
        "button_padding": {
            "unit": "px",
            "top": "22",
            "right": "36",
            "bottom": "20",
            "left": "36",
            "isLinked": false
        },
        "button_hover_background_color": "#2D2D2A",
        "button_hover_border_radius": {
            "unit": "px",
            "top": "0",
            "right": "0",
            "bottom": "0",
            "left": "0",
            "isLinked": true
        },
        "button_typography_text_transform": "uppercase",
        "button_typography_line_height": {
            "unit": "em",
            "size": 1,
            "sizes": []
        },
        "button_text_color": "#FFFFFF",
        "button_background_color": "#E24E1B",
        "button_border_border": "solid",
        "button_border_width": {
            "unit": "px",
            "top": "0",
            "right": "0",
            "bottom": "0",
            "left": "0",
            "isLinked": true
        },
        "form_label_color": "#2D2D2A",
        "form_label_typography_typography": "custom",
        "form_label_typography_font_family": "Josefin Sans",
        "form_label_typography_font_size": {
            "unit": "px",
            "size": 14,
            "sizes": []
        },
        "form_label_typography_font_weight": "400",
        "form_label_typography_text_transform": "uppercase",
        "form_label_typography_line_height": {
            "unit": "em",
            "size": 2,
            "sizes": []
        },
        "form_label_typography_letter_spacing": {
            "unit": "px",
            "size": 0.4,
            "sizes": []
        },
        "form_field_text_color": "#62625F",
        "form_field_border_border": "solid",
        "form_field_border_color": "#E0E0E0",
        "form_field_border_radius": {
            "unit": "px",
            "top": "0",
            "right": "0",
            "bottom": "0",
            "left": "0",
            "isLinked": true
        },
        "h4_typography_text_transform": "none",
        "button_hover_text_color": "#FFFFFF",
        "button_padding_tablet": {
            "unit": "px",
            "top": "18",
            "right": "24",
            "bottom": "16",
            "left": "24",
            "isLinked": false
        }
    }
}