{
    "version": "0.4",
    "title": "Header",
    "type": "header",
    "metadata": {
        "template_type": "section-header",
        "include_in_zip": "1",
        "elementor_pro_required": "1",
        "elementor_library_type": "header",
        "elementor_pro_conditions": [
            "include\/general"
        ],
        "additional_template_information": [
            "This is a \"Header\" template for Elementor Pro.",
            "This template will display on: Entire Site."
        ],
        "wp_page_template": "default"
    },
    "content": [
        {
            "id": "1bce4adb",
            "settings": {
                "structure": "20",
                "gap": "no",
                "content_position": "middle",
                "padding": {
                    "unit": "px",
                    "top": "10",
                    "right": "0",
                    "bottom": "0",
                    "left": "0",
                    "isLinked": false
                },
                "z_index": 1,
                "hide_mobile": "hidden-phone",
                "hide_tablet": "hidden-tablet"
            },
            "elements": [
                {
                    "id": "4f7ca0fc",
                    "settings": {
                        "_column_size": 50,
                        "_inline_size": 20
                    },
                    "elements": [
                        {
                            "id": "304a733e",
                            "settings": {
                                "skin": "minimal",
                                "placeholder": "Find something...",
                                "button_text": "Search",
                                "size": {
                                    "unit": "px",
                                    "size": 40,
                                    "sizes": []
                                },
                                "icon_size_minimal": {
                                    "unit": "px",
                                    "size": 16,
                                    "sizes": []
                                },
                                "input_typography_typography": "custom",
                                "input_typography_font_family": "Josefin Sans",
                                "input_typography_font_weight": "400",
                                "input_background_color": "#02010100",
                                "button_border_width": {
                                    "unit": "px",
                                    "top": "0",
                                    "right": "0",
                                    "bottom": "0",
                                    "left": "0",
                                    "isLinked": true
                                },
                                "border_radius": {
                                    "unit": "px",
                                    "size": 0,
                                    "sizes": []
                                },
                                "__globals__": {
                                    "input_typography_typography": "",
                                    "input_text_color": "globals\/colors?id=secondary"
                                }
                            },
                            "elements": [],
                            "isInner": false,
                            "widgetType": "search-form",
                            "elType": "widget"
                        }
                    ],
                    "isInner": false,
                    "elType": "column"
                },
                {
                    "id": "753c25ea",
                    "settings": {
                        "_column_size": 50,
                        "_inline_size": 80,
                        "align": "flex-end"
                    },
                    "elements": [
                        {
                            "id": "48ad0089",
                            "settings": {
                                "social_icon_list": [
                                    {
                                        "social_icon": {
                                            "value": "icon icon-facebook",
                                            "library": "ekiticons"
                                        },
                                        "_id": "3a8ee3a",
                                        "item_icon_color": "custom",
                                        "item_icon_primary_color": "#FFFFFF00",
                                        "__globals__": {
                                            "item_icon_primary_color": "",
                                            "item_icon_secondary_color": "globals\/colors?id=secondary"
                                        }
                                    },
                                    {
                                        "social_icon": {
                                            "value": "fab fa-twitter",
                                            "library": "fa-brands"
                                        },
                                        "_id": "fce5699",
                                        "item_icon_color": "custom",
                                        "item_icon_primary_color": "#02010100",
                                        "__globals__": {
                                            "item_icon_secondary_color": "globals\/colors?id=secondary"
                                        }
                                    },
                                    {
                                        "social_icon": {
                                            "value": "fab fa-youtube",
                                            "library": "fa-brands"
                                        },
                                        "_id": "d5f6c22",
                                        "item_icon_color": "custom",
                                        "item_icon_primary_color": "#02010100",
                                        "__globals__": {
                                            "item_icon_secondary_color": "globals\/colors?id=secondary"
                                        }
                                    },
                                    {
                                        "_id": "4ad8f02",
                                        "social_icon": {
                                            "value": "fab fa-pinterest",
                                            "library": "fa-brands"
                                        }
                                    }
                                ],
                                "align": "right",
                                "icon_color": "custom",
                                "icon_primary_color": "#02010100",
                                "icon_size": {
                                    "unit": "px",
                                    "size": 16,
                                    "sizes": []
                                },
                                "__globals__": {
                                    "icon_secondary_color": "globals\/colors?id=secondary"
                                }
                            },
                            "elements": [],
                            "isInner": false,
                            "widgetType": "social-icons",
                            "elType": "widget"
                        }
                    ],
                    "isInner": false,
                    "elType": "column"
                }
            ],
            "isInner": false,
            "elType": "section"
        },
        {
            "id": "1c425e99",
            "settings": {
                "gap": "no",
                "z_index": 1,
                "content_position": "middle",
                "structure": "30",
                "padding_mobile": {
                    "unit": "px",
                    "top": "0",
                    "right": "15",
                    "bottom": "0",
                    "left": "15",
                    "isLinked": false
                },
                "z_index_mobile": 9
            },
            "elements": [
                {
                    "id": "59cbafcd",
                    "settings": {
                        "_column_size": 33,
                        "_inline_size": 25,
                        "_inline_size_mobile": 20
                    },
                    "elements": [
                        {
                            "id": "1aae1bb4",
                            "settings": {
                                "align_items": "center",
                                "menu_typography_typography": "custom",
                                "menu_typography_font_family": "Josefin Sans",
                                "menu_typography_font_size": {
                                    "unit": "px",
                                    "size": 14,
                                    "sizes": []
                                },
                                "menu_typography_font_weight": "400",
                                "menu_typography_text_transform": "uppercase",
                                "color_menu_item": "#2D2D2A",
                                "__globals__": {
                                    "menu_typography_typography": "",
                                    "color_menu_item": "globals\/colors?id=secondary",
                                    "color_menu_item_hover": "globals\/colors?id=primary",
                                    "pointer_color_menu_item_hover": "globals\/colors?id=primary",
                                    "color_menu_item_active": "globals\/colors?id=primary",
                                    "pointer_color_menu_item_active": "globals\/colors?id=primary",
                                    "dropdown_typography_typography": "",
                                    "background_color_dropdown_item": "globals\/colors?id=secondary",
                                    "color_dropdown_item": "",
                                    "background_color_dropdown_item_hover": "globals\/colors?id=primary",
                                    "toggle_color": "globals\/colors?id=secondary",
                                    "toggle_color_hover": "globals\/colors?id=primary",
                                    "toggle_background_color": ""
                                },
                                "pointer_width": {
                                    "unit": "px",
                                    "size": 0,
                                    "sizes": []
                                },
                                "padding_vertical_menu_item": {
                                    "unit": "px",
                                    "size": 16,
                                    "sizes": []
                                },
                                "menu_typography_letter_spacing": {
                                    "unit": "px",
                                    "size": 0.4,
                                    "sizes": []
                                },
                                "indicator": "chevron",
                                "color_menu_item_hover": "#E24E1B",
                                "pointer_color_menu_item_hover": "#E24E1B",
                                "color_menu_item_active": "#E24E1B",
                                "pointer_color_menu_item_active": "#E24E1B",
                                "color_dropdown_item": "#FFFFFF",
                                "background_color_dropdown_item": "#2D2D2A",
                                "color_dropdown_item_hover": "#FFFFFF",
                                "background_color_dropdown_item_hover": "#E24E1B",
                                "dropdown_typography_typography": "custom",
                                "dropdown_typography_font_family": "Josefin Sans",
                                "dropdown_typography_font_size": {
                                    "unit": "px",
                                    "size": 12,
                                    "sizes": []
                                },
                                "dropdown_typography_font_weight": "400",
                                "dropdown_typography_text_transform": "uppercase",
                                "dropdown_typography_letter_spacing": {
                                    "unit": "px",
                                    "size": 0.4,
                                    "sizes": []
                                },
                                "padding_horizontal_dropdown_item": {
                                    "unit": "px",
                                    "size": 15,
                                    "sizes": []
                                },
                                "padding_vertical_dropdown_item": {
                                    "unit": "px",
                                    "size": 15,
                                    "sizes": []
                                },
                                "layout": "dropdown",
                                "full_width": "stretch",
                                "toggle_align": "left",
                                "toggle_color": "#2D2D2A",
                                "toggle_background_color": "#FFFFFF00",
                                "toggle_color_hover": "#E24E1B",
                                "hide_desktop": "hidden-desktop"
                            },
                            "elements": [],
                            "isInner": false,
                            "widgetType": "nav-menu",
                            "elType": "widget"
                        }
                    ],
                    "isInner": false,
                    "elType": "column"
                },
                {
                    "id": "8d88f4e",
                    "settings": {
                        "_column_size": 33,
                        "_inline_size": 49.332,
                        "_inline_size_mobile": 60
                    },
                    "elements": [
                        {
                            "id": "3c8f4ecb",
                            "settings": {
                                "__dynamic__": {
                                    "image": "[elementor-tag id=\"\" name=\"site-logo\" settings=\"%7B%7D\"]",
                                    "link": "[elementor-tag id=\"\" name=\"site-url\" settings=\"%7B%7D\"]"
                                },
                                "align_mobile": "center",
                                "width": {
                                    "unit": "px",
                                    "size": 224
                                },
                                "width_mobile": {
                                    "unit": "px",
                                    "size": ""
                                },
                                "image": {
                                    "id": 44,
                                    "url": "https:\/\/kit.baliniz.com\/cookblog\/wp-content\/uploads\/sites\/5\/2020\/12\/placeholder.png"
                                },
                                "_padding": {
                                    "unit": "px",
                                    "top": "10",
                                    "right": "0",
                                    "bottom": "10",
                                    "left": "0",
                                    "isLinked": false
                                },
                                "space_mobile": {
                                    "unit": "%",
                                    "size": 80,
                                    "sizes": []
                                }
                            },
                            "elements": [],
                            "isInner": false,
                            "widgetType": "theme-site-logo",
                            "elType": "widget"
                        }
                    ],
                    "isInner": false,
                    "elType": "column"
                },
                {
                    "id": "2b482012",
                    "settings": {
                        "_column_size": 33,
                        "_inline_size": 25,
                        "_inline_size_mobile": 20,
                        "align": "flex-end"
                    },
                    "elements": [
                        {
                            "id": "8887c72",
                            "settings": {
                                "skin": "full_screen",
                                "placeholder": "Search...",
                                "button_text": "Search",
                                "toggle_align": "right",
                                "overlay_background_color": "#F8EEDC",
                                "input_typography_font_family": "Josefin Sans",
                                "input_typography_font_size": {
                                    "unit": "px",
                                    "size": 14,
                                    "sizes": []
                                },
                                "input_typography_font_size_mobile": {
                                    "unit": "px",
                                    "size": 12,
                                    "sizes": []
                                },
                                "input_typography_font_weight": "500",
                                "input_typography_text_transform": "uppercase",
                                "input_typography_line_height": {
                                    "unit": "em",
                                    "size": 1.5,
                                    "sizes": []
                                },
                                "input_typography_letter_spacing": {
                                    "unit": "px",
                                    "size": 0.5,
                                    "sizes": []
                                },
                                "input_text_color": "#2D2D2A",
                                "input_border_color_focus": "#62625F45",
                                "toggle_color": "#2D2D2A",
                                "toggle_background_color": "#02010100",
                                "__globals__": {
                                    "input_text_color": "globals\/colors?id=secondary",
                                    "toggle_color": "globals\/colors?id=secondary",
                                    "overlay_background_color": "globals\/colors?id=24ddbf7",
                                    "input_border_color_focus": "",
                                    "input_typography_typography": ""
                                }
                            },
                            "elements": [],
                            "isInner": false,
                            "widgetType": "search-form",
                            "elType": "widget"
                        }
                    ],
                    "isInner": false,
                    "elType": "column"
                }
            ],
            "isInner": false,
            "elType": "section"
        },
        {
            "id": "601de1d9",
            "settings": {
                "gap": "no",
                "z_index": 1,
                "margin": {
                    "unit": "px",
                    "top": "0",
                    "right": 0,
                    "bottom": "20",
                    "left": 0,
                    "isLinked": false
                },
                "hide_mobile": "hidden-phone",
                "hide_tablet": "hidden-tablet"
            },
            "elements": [
                {
                    "id": "7d08e7bc",
                    "settings": {
                        "_column_size": 100,
                        "_inline_size": null
                    },
                    "elements": [
                        {
                            "id": "418cbccb",
                            "settings": {
                                "align_items": "center",
                                "color_menu_item": "#2D2D2A",
                                "__globals__": {
                                    "menu_typography_typography": "globals\/typography?id=accent",
                                    "color_menu_item": "globals\/colors?id=secondary",
                                    "color_menu_item_hover": "globals\/colors?id=primary",
                                    "pointer_color_menu_item_hover": "globals\/colors?id=primary",
                                    "color_menu_item_active": "globals\/colors?id=primary",
                                    "pointer_color_menu_item_active": "globals\/colors?id=primary",
                                    "dropdown_typography_typography": "",
                                    "background_color_dropdown_item": "globals\/colors?id=secondary",
                                    "color_dropdown_item": "",
                                    "background_color_dropdown_item_hover": "globals\/colors?id=primary"
                                },
                                "pointer_width": {
                                    "unit": "px",
                                    "size": 0,
                                    "sizes": []
                                },
                                "padding_vertical_menu_item": {
                                    "unit": "px",
                                    "size": 16,
                                    "sizes": []
                                },
                                "indicator": "chevron",
                                "color_menu_item_hover": "#E24E1B",
                                "pointer_color_menu_item_hover": "#E24E1B",
                                "color_menu_item_active": "#E24E1B",
                                "pointer_color_menu_item_active": "#E24E1B",
                                "color_dropdown_item": "#FFFFFF",
                                "background_color_dropdown_item": "#2D2D2A",
                                "color_dropdown_item_hover": "#FFFFFF",
                                "background_color_dropdown_item_hover": "#E24E1B",
                                "dropdown_typography_typography": "custom",
                                "dropdown_typography_font_family": "Josefin Sans",
                                "dropdown_typography_font_size": {
                                    "unit": "px",
                                    "size": 12,
                                    "sizes": []
                                },
                                "dropdown_typography_font_weight": "400",
                                "dropdown_typography_text_transform": "uppercase",
                                "dropdown_typography_letter_spacing": {
                                    "unit": "px",
                                    "size": 0.4,
                                    "sizes": []
                                },
                                "padding_horizontal_dropdown_item": {
                                    "unit": "px",
                                    "size": 15,
                                    "sizes": []
                                },
                                "padding_vertical_dropdown_item": {
                                    "unit": "px",
                                    "size": 15,
                                    "sizes": []
                                }
                            },
                            "elements": [],
                            "isInner": false,
                            "widgetType": "nav-menu",
                            "elType": "widget"
                        }
                    ],
                    "isInner": false,
                    "elType": "column"
                }
            ],
            "isInner": false,
            "elType": "section"
        }
    ]
}