{
    "version": "0.4",
    "title": "Newsletter Popup",
    "type": "popup",
    "metadata": {
        "template_type": "section-popup",
        "include_in_zip": "1",
        "elementor_pro_required": "1",
        "elementor_library_type": "popup",
        "elementor_pro_conditions": [
            "include\/singular\/front_page"
        ],
        "additional_template_information": [
            "This is a \"Popup\" template for Elementor Pro.",
            "This template will display on: Front Page."
        ],
        "wp_page_template": "default"
    },
    "content": [
        {
            "id": "4fee05cb",
            "settings": {
                "structure": "20",
                "_title": "Popup - Newsletter",
                "height": "min-height",
                "custom_height": {
                    "unit": "px",
                    "size": "480",
                    "sizes": []
                },
                "custom_height_tablet": {
                    "unit": "px",
                    "size": "430",
                    "sizes": []
                },
                "custom_height_mobile": {
                    "unit": "vh",
                    "size": "100",
                    "sizes": []
                },
                "column_position": "stretch",
                "css_classes": "ignore-toc",
                "_timestamp_": "v1MXh3RFFFSnJrbVRyRGxkcWo4dklFQT09"
            },
            "elements": [
                {
                    "id": "269a8eb1",
                    "settings": {
                        "_column_size": "50",
                        "padding": {
                            "unit": "px",
                            "top": "0",
                            "right": "0",
                            "bottom": "0",
                            "left": "0",
                            "isLinked": "1"
                        },
                        "background_background": "classic",
                        "background_image": {
                            "id": 674,
                            "url": "https:\/\/kit.baliniz.com\/cookblog\/wp-content\/uploads\/sites\/5\/2020\/12\/akemy-mory-tUhCuctc_LU-unsplash.jpg"
                        },
                        "background_position": "center left",
                        "background_position_tablet": "center center",
                        "background_repeat": "no-repeat",
                        "background_repeat_tablet": "no-repeat",
                        "background_size": "cover",
                        "background_size_tablet": "cover"
                    },
                    "elements": [
                        {
                            "id": "14c281d7",
                            "settings": {
                                "space_mobile": {
                                    "unit": "px",
                                    "size": "240",
                                    "sizes": []
                                }
                            },
                            "elements": [],
                            "isInner": false,
                            "widgetType": "spacer",
                            "elType": "widget"
                        }
                    ],
                    "isInner": "",
                    "elType": "column"
                },
                {
                    "id": "39af597c",
                    "settings": {
                        "_column_size": "50",
                        "content_position": "center",
                        "space_between_widgets": "5",
                        "padding": {
                            "unit": "px",
                            "top": "50",
                            "right": "50",
                            "bottom": "50",
                            "left": "50",
                            "isLinked": "1"
                        }
                    },
                    "elements": [
                        {
                            "id": "6658f6f0",
                            "settings": {
                                "title": "Subscribe To Our Weekly Newsletter\n",
                                "title_color": "#2D2D2A",
                                "typography_typography": "custom",
                                "typography_font_family": "Source Serif Pro",
                                "typography_font_size": {
                                    "unit": "px",
                                    "size": 32,
                                    "sizes": []
                                },
                                "typography_font_weight": "700",
                                "typography_line_height": {
                                    "unit": "em",
                                    "size": 1.2,
                                    "sizes": []
                                },
                                "align": "center",
                                "__globals__": {
                                    "title_color": "globals\/colors?id=secondary",
                                    "typography_typography": ""
                                }
                            },
                            "elements": [],
                            "isInner": false,
                            "widgetType": "heading",
                            "elType": "widget"
                        },
                        {
                            "id": "ed098b4",
                            "settings": {
                                "editor": "Get notified of new and tasty recipes!",
                                "typography_typography": "custom",
                                "typography_font_family": "Georgia",
                                "typography_font_size": {
                                    "unit": "px",
                                    "size": 16,
                                    "sizes": []
                                },
                                "typography_font_weight": "400",
                                "_margin": {
                                    "unit": "px",
                                    "top": "10",
                                    "right": "0",
                                    "bottom": "0",
                                    "left": "0",
                                    "isLinked": false
                                },
                                "align": "center"
                            },
                            "elements": [],
                            "isInner": false,
                            "widgetType": "text-editor",
                            "elType": "widget"
                        },
                        {
                            "id": "5ae15dac",
                            "settings": {
                                "form_name": "New Form",
                                "form_fields": [
                                    {
                                        "custom_id": "email_subscribe",
                                        "field_type": "email",
                                        "required": "true",
                                        "field_label": "Email Address",
                                        "placeholder": "Email Address",
                                        "_id": "66a929d",
                                        "rows": "4",
                                        "file_sizes": "",
                                        "file_types": "",
                                        "allow_multiple_upload": "",
                                        "max_files": "",
                                        "acceptance_text": "",
                                        "checked_by_default": "",
                                        "field_min": "",
                                        "field_max": "",
                                        "min_date": "",
                                        "max_date": "",
                                        "use_native_date": "",
                                        "use_native_time": "",
                                        "previous_button": "",
                                        "next_button": ""
                                    }
                                ],
                                "show_labels": "",
                                "button_text": "subscribe",
                                "email_content": "[all-fields]",
                                "email_content_2": "[all-fields]",
                                "success_message": "The form was sent successfully.",
                                "error_message": "An error occured.",
                                "required_field_message": "This field is required.",
                                "invalid_message": "There's something wrong. The form is invalid.",
                                "column_gap": {
                                    "unit": "px",
                                    "size": "20",
                                    "sizes": []
                                },
                                "row_gap": {
                                    "unit": "px",
                                    "size": "20",
                                    "sizes": []
                                },
                                "field_text_color": "#2D2D2A",
                                "field_typography_typography": "custom",
                                "field_typography_font_family": "Josefin Sans",
                                "field_typography_font_size": {
                                    "unit": "px",
                                    "size": 14,
                                    "sizes": []
                                },
                                "field_typography_font_weight": "400",
                                "field_border_width": {
                                    "unit": "px",
                                    "top": "1",
                                    "right": "1",
                                    "bottom": "1",
                                    "left": "1",
                                    "isLinked": "1"
                                },
                                "field_border_radius": {
                                    "unit": "px",
                                    "top": "3",
                                    "right": "3",
                                    "bottom": "3",
                                    "left": "3",
                                    "isLinked": "1"
                                },
                                "button_typography_typography": "custom",
                                "button_typography_font_family": "Josefin Sans",
                                "button_typography_font_size": {
                                    "unit": "px",
                                    "size": 14,
                                    "sizes": []
                                },
                                "button_typography_font_weight": "500",
                                "button_border_radius": {
                                    "unit": "px",
                                    "top": "3",
                                    "right": "3",
                                    "bottom": "3",
                                    "left": "3",
                                    "isLinked": "1"
                                },
                                "_margin": {
                                    "unit": "px",
                                    "top": "20",
                                    "right": "0",
                                    "bottom": "0",
                                    "left": "0",
                                    "isLinked": ""
                                },
                                "input_size": "md",
                                "field_border_color": "#e2e2e2",
                                "submit_actions": [],
                                "step_next_label": "Next",
                                "step_previous_label": "Previous",
                                "button_typography_letter_spacing": {
                                    "unit": "px",
                                    "size": 0.4,
                                    "sizes": []
                                },
                                "button_text_padding": {
                                    "unit": "px",
                                    "top": "20",
                                    "right": "20",
                                    "bottom": "20",
                                    "left": "20",
                                    "isLinked": true
                                },
                                "__globals__": {
                                    "field_text_color": "globals\/colors?id=secondary",
                                    "field_typography_typography": "",
                                    "button_typography_typography": "",
                                    "button_background_color": "globals\/colors?id=primary",
                                    "button_background_hover_color": "globals\/colors?id=c7c80f8"
                                }
                            },
                            "elements": [],
                            "isInner": false,
                            "widgetType": "form",
                            "elType": "widget"
                        },
                        {
                            "id": "516883c6",
                            "settings": {
                                "editor": "<p>Unsubscribe anytime you want.<\/p>",
                                "align": "center",
                                "text_color": "#B0B0B0",
                                "typography_typography": "custom",
                                "typography_font_family": "Josefin Sans",
                                "typography_font_size": {
                                    "unit": "px",
                                    "size": 12,
                                    "sizes": []
                                },
                                "typography_font_weight": "400",
                                "__globals__": {
                                    "typography_typography": ""
                                },
                                "_margin": {
                                    "unit": "px",
                                    "top": "10",
                                    "right": "0",
                                    "bottom": "0",
                                    "left": "0",
                                    "isLinked": false
                                }
                            },
                            "elements": [],
                            "isInner": false,
                            "widgetType": "text-editor",
                            "elType": "widget"
                        }
                    ],
                    "isInner": "",
                    "elType": "column"
                }
            ],
            "isInner": "",
            "elType": "section"
        }
    ],
    "page_settings": {
        "width": {
            "unit": "px",
            "size": 880,
            "sizes": []
        },
        "width_tablet": {
            "unit": "px",
            "size": "700",
            "sizes": []
        },
        "height": {
            "unit": "px",
            "size": 500,
            "sizes": []
        },
        "height_tablet": {
            "unit": "px",
            "size": "425",
            "sizes": []
        },
        "height_mobile": {
            "unit": "vh",
            "size": "100",
            "sizes": []
        },
        "entrance_animation": "fadeInUp",
        "exit_animation": "fadeInUp",
        "entrance_animation_duration": {
            "unit": "px",
            "size": 0.8,
            "sizes": []
        },
        "box_shadow_box_shadow": {
            "horizontal": 0,
            "vertical": 10,
            "blur": 35,
            "spread": 3,
            "color": "rgba(0,0,0,0.2)"
        },
        "overlay_background_color": "#000000BF",
        "margin_tablet": {
            "unit": "px",
            "top": "0",
            "right": "0",
            "bottom": "0",
            "left": "0",
            "isLinked": "1"
        }
    }
}