{
    "version": "0.4",
    "title": "Single Post 2",
    "type": "single-post",
    "metadata": {
        "template_type": "single-post",
        "include_in_zip": "1",
        "elementor_pro_required": "1",
        "elementor_library_type": "single-post",
        "additional_template_information": [
            "This is a \"Single Post\" template for Elementor Pro."
        ],
        "wp_page_template": "default"
    },
    "content": [
        {
            "id": "5d801725",
            "settings": {
                "content_width": {
                    "unit": "px",
                    "size": 1280,
                    "sizes": []
                },
                "gap": "no",
                "background_color": "#FFF8ED",
                "height": "min-height",
                "content_position": "middle",
                "structure": "20",
                "border_width": {
                    "unit": "px",
                    "top": "0",
                    "right": "64",
                    "bottom": "0",
                    "left": "64",
                    "isLinked": false
                },
                "border_color": "#FFFFFF",
                "margin": {
                    "unit": "px",
                    "top": "20",
                    "right": 0,
                    "bottom": "0",
                    "left": 0,
                    "isLinked": false
                },
                "__dynamic__": [],
                "reverse_order_mobile": "reverse-mobile"
            },
            "elements": [
                {
                    "id": "35c4d25",
                    "settings": {
                        "_column_size": 50,
                        "_inline_size": null,
                        "background_background": "classic",
                        "background_position": "center center",
                        "background_size": "cover",
                        "__dynamic__": {
                            "background_image": "[elementor-tag id=\"0565a09\" name=\"post-featured-image\" settings=\"%7B%7D\"]"
                        },
                        "background_motion_fx_motion_fx_scrolling": "yes",
                        "background_motion_fx_translateY_effect": "yes",
                        "background_motion_fx_translateY_speed": {
                            "unit": "px",
                            "size": 1,
                            "sizes": []
                        }
                    },
                    "elements": [
                        {
                            "id": "2ce3b4c7",
                            "settings": {
                                "space": {
                                    "unit": "px",
                                    "size": 640,
                                    "sizes": []
                                },
                                "space_tablet": {
                                    "unit": "px",
                                    "size": 460,
                                    "sizes": []
                                },
                                "space_mobile": {
                                    "unit": "px",
                                    "size": 240,
                                    "sizes": []
                                }
                            },
                            "elements": [],
                            "isInner": false,
                            "widgetType": "spacer",
                            "elType": "widget"
                        }
                    ],
                    "isInner": false,
                    "elType": "column"
                },
                {
                    "id": "2f3bc7db",
                    "settings": {
                        "_column_size": 50,
                        "_inline_size": null,
                        "background_background": "classic",
                        "padding": {
                            "unit": "%",
                            "top": "10",
                            "right": "10",
                            "bottom": "10",
                            "left": "10",
                            "isLinked": true
                        },
                        "__globals__": {
                            "background_color": "globals\/colors?id=24ddbf7"
                        }
                    },
                    "elements": [
                        {
                            "id": "5e48b124",
                            "settings": {
                                "icon_list": [
                                    {
                                        "type": "terms",
                                        "selected_icon": {
                                            "value": "far fa-user-circle",
                                            "library": "fa-regular"
                                        },
                                        "_id": "dacb56d",
                                        "custom_date_format": "F j, Y",
                                        "custom_time_format": "g:i a",
                                        "taxonomy": "category",
                                        "show_icon": "none"
                                    }
                                ],
                                "icon_align": "center",
                                "text_color": "#E24E1B",
                                "__globals__": {
                                    "icon_typography_typography": "globals\/typography?id=secondary",
                                    "text_color": "globals\/colors?id=primary"
                                },
                                "_margin": {
                                    "unit": "px",
                                    "top": "0",
                                    "right": "0",
                                    "bottom": "8",
                                    "left": "0",
                                    "isLinked": false
                                }
                            },
                            "elements": [],
                            "isInner": false,
                            "widgetType": "post-info",
                            "elType": "widget"
                        },
                        {
                            "id": "3b02ab8d",
                            "settings": {
                                "__dynamic__": {
                                    "title": "[elementor-tag id=\"\" name=\"post-title\" settings=\"%7B%22before%22%3A%22%22%2C%22after%22%3A%22%22%2C%22fallback%22%3A%22%22%7D\"]"
                                },
                                "title": "Add Your Heading Text Here",
                                "align": "center",
                                "__globals__": {
                                    "title_color": "globals\/colors?id=secondary",
                                    "typography_typography": "globals\/typography?id=primary"
                                }
                            },
                            "elements": [],
                            "isInner": false,
                            "widgetType": "theme-post-title",
                            "elType": "widget"
                        },
                        {
                            "id": "6f77e22b",
                            "settings": {
                                "icon_list": [
                                    {
                                        "_id": "81c4bcf",
                                        "type": "author",
                                        "custom_date_format": "F j, Y",
                                        "custom_time_format": "g:i a",
                                        "text_prefix": "By ",
                                        "show_icon": "none"
                                    },
                                    {
                                        "selected_icon": {
                                            "value": "fas fa-calendar",
                                            "library": "fa-solid"
                                        },
                                        "_id": "7f7f466",
                                        "custom_date_format": "F j, Y",
                                        "custom_time_format": "g:i a",
                                        "show_icon": "none"
                                    }
                                ],
                                "space_between": {
                                    "unit": "px",
                                    "size": 15,
                                    "sizes": []
                                },
                                "icon_align": "center",
                                "text_indent": {
                                    "unit": "px",
                                    "size": 10,
                                    "sizes": []
                                },
                                "text_color": "#62625FB5",
                                "__globals__": {
                                    "icon_typography_typography": "globals\/typography?id=secondary",
                                    "text_color": ""
                                }
                            },
                            "elements": [],
                            "isInner": false,
                            "widgetType": "post-info",
                            "elType": "widget"
                        }
                    ],
                    "isInner": false,
                    "elType": "column"
                }
            ],
            "isInner": false,
            "elType": "section"
        },
        {
            "id": "5c9d1986",
            "settings": {
                "content_width": {
                    "unit": "px",
                    "size": 800,
                    "sizes": []
                },
                "gap": "no",
                "padding": {
                    "unit": "px",
                    "top": "80",
                    "right": "0",
                    "bottom": "80",
                    "left": "0",
                    "isLinked": false
                },
                "padding_tablet": {
                    "unit": "px",
                    "top": "40",
                    "right": "20",
                    "bottom": "40",
                    "left": "20",
                    "isLinked": false
                }
            },
            "elements": [
                {
                    "id": "78f48877",
                    "settings": {
                        "_column_size": 100,
                        "_inline_size": null
                    },
                    "elements": [
                        {
                            "id": "1dea75e2",
                            "settings": {
                                "__globals__": {
                                    "text_color": "globals\/colors?id=secondary",
                                    "typography_typography": "globals\/typography?id=0f981b4"
                                }
                            },
                            "elements": [],
                            "isInner": false,
                            "widgetType": "theme-post-content",
                            "elType": "widget"
                        },
                        {
                            "id": "2b62295",
                            "settings": {
                                "gap": "no",
                                "background_color": "#FAF3DC",
                                "margin": {
                                    "unit": "px",
                                    "top": "30",
                                    "right": 0,
                                    "bottom": "40",
                                    "left": 0,
                                    "isLinked": false
                                },
                                "padding": {
                                    "unit": "px",
                                    "top": "0",
                                    "right": "60",
                                    "bottom": "40",
                                    "left": "60",
                                    "isLinked": false
                                },
                                "border_border": "solid",
                                "border_width": {
                                    "unit": "px",
                                    "top": "8",
                                    "right": "8",
                                    "bottom": "8",
                                    "left": "8",
                                    "isLinked": true
                                },
                                "box_shadow_box_shadow": {
                                    "horizontal": 6,
                                    "vertical": 6,
                                    "blur": 0,
                                    "spread": 0,
                                    "color": "rgba(0, 0, 0, 0.05)"
                                },
                                "__globals__": {
                                    "border_color": "globals\/colors?id=primary"
                                },
                                "margin_tablet": {
                                    "unit": "px",
                                    "top": "20",
                                    "right": 0,
                                    "bottom": "30",
                                    "left": 0,
                                    "isLinked": false
                                },
                                "padding_mobile": {
                                    "unit": "px",
                                    "top": "0",
                                    "right": "20",
                                    "bottom": "20",
                                    "left": "20",
                                    "isLinked": false
                                }
                            },
                            "elements": [
                                {
                                    "id": "3b628216",
                                    "settings": {
                                        "_column_size": 100,
                                        "_inline_size": null,
                                        "padding": {
                                            "unit": "%",
                                            "top": "",
                                            "right": "",
                                            "bottom": "",
                                            "left": "",
                                            "isLinked": true
                                        }
                                    },
                                    "elements": [
                                        {
                                            "id": "362ec5e7",
                                            "settings": {
                                                "selected_icon": {
                                                    "value": "far fa-envelope",
                                                    "library": "fa-regular"
                                                },
                                                "view": "stacked",
                                                "size": {
                                                    "unit": "px",
                                                    "size": 20,
                                                    "sizes": []
                                                },
                                                "icon_padding": {
                                                    "unit": "px",
                                                    "size": 14,
                                                    "sizes": []
                                                },
                                                "_margin": {
                                                    "unit": "px",
                                                    "top": "-26",
                                                    "right": "0",
                                                    "bottom": "0",
                                                    "left": "0",
                                                    "isLinked": false
                                                },
                                                "__globals__": {
                                                    "primary_color": "globals\/colors?id=secondary",
                                                    "secondary_color": ""
                                                },
                                                "primary_color": "#2D2D2A",
                                                "secondary_color": "#FFFFFF",
                                                "_offset_x": {
                                                    "size": 0,
                                                    "unit": "px"
                                                },
                                                "_offset_y": {
                                                    "size": -55,
                                                    "unit": "px"
                                                }
                                            },
                                            "elements": [],
                                            "isInner": false,
                                            "widgetType": "icon",
                                            "elType": "widget"
                                        },
                                        {
                                            "id": "1f5a2e89",
                                            "settings": {
                                                "title": "Get our best recipes & expert tips right into your inbox!",
                                                "align": "center",
                                                "header_size": "h3",
                                                "__globals__": {
                                                    "title_color": "globals\/colors?id=secondary",
                                                    "typography_typography": "globals\/typography?id=primary"
                                                },
                                                "title_color": "#2D2D2A"
                                            },
                                            "elements": [],
                                            "isInner": false,
                                            "widgetType": "heading",
                                            "elType": "widget"
                                        },
                                        {
                                            "id": "36de2a16",
                                            "settings": {
                                                "editor": "<p>Join over 10k subscribers<\/p>",
                                                "align": "center",
                                                "__globals__": {
                                                    "typography_typography": "globals\/typography?id=text"
                                                }
                                            },
                                            "elements": [],
                                            "isInner": false,
                                            "widgetType": "text-editor",
                                            "elType": "widget"
                                        },
                                        {
                                            "id": "4f20f64b",
                                            "settings": {
                                                "form_name": "New Form",
                                                "form_fields": [
                                                    {
                                                        "custom_id": "email_subscribe",
                                                        "field_type": "email",
                                                        "required": "true",
                                                        "field_label": "Email Address",
                                                        "placeholder": "Your email address",
                                                        "_id": "66a929d",
                                                        "rows": "4",
                                                        "file_sizes": "",
                                                        "file_types": "",
                                                        "allow_multiple_upload": "",
                                                        "max_files": "",
                                                        "acceptance_text": "",
                                                        "checked_by_default": "",
                                                        "field_min": "",
                                                        "field_max": "",
                                                        "min_date": "",
                                                        "max_date": "",
                                                        "use_native_date": "",
                                                        "use_native_time": "",
                                                        "previous_button": "",
                                                        "next_button": "",
                                                        "width": "66"
                                                    }
                                                ],
                                                "show_labels": "",
                                                "button_text": "subscribe",
                                                "email_content": "[all-fields]",
                                                "email_content_2": "[all-fields]",
                                                "success_message": "The form was sent successfully.",
                                                "error_message": "An error occured.",
                                                "required_field_message": "This field is required.",
                                                "invalid_message": "There's something wrong. The form is invalid.",
                                                "column_gap": {
                                                    "unit": "px",
                                                    "size": 15,
                                                    "sizes": []
                                                },
                                                "row_gap": {
                                                    "unit": "px",
                                                    "size": 15,
                                                    "sizes": []
                                                },
                                                "field_text_color": "#2D2D2A",
                                                "field_border_width": {
                                                    "unit": "px",
                                                    "top": "1",
                                                    "right": "1",
                                                    "bottom": "1",
                                                    "left": "1",
                                                    "isLinked": "1"
                                                },
                                                "field_border_radius": {
                                                    "unit": "px",
                                                    "top": "",
                                                    "right": "",
                                                    "bottom": "",
                                                    "left": "",
                                                    "isLinked": "1"
                                                },
                                                "button_border_radius": {
                                                    "unit": "px",
                                                    "top": "",
                                                    "right": "",
                                                    "bottom": "",
                                                    "left": "",
                                                    "isLinked": "1"
                                                },
                                                "input_size": "md",
                                                "field_border_color": "#e2e2e2",
                                                "submit_actions": [
                                                    "mailchimp"
                                                ],
                                                "step_next_label": "Next",
                                                "step_previous_label": "Previous",
                                                "button_text_padding": {
                                                    "unit": "px",
                                                    "top": "13",
                                                    "right": "13",
                                                    "bottom": "13",
                                                    "left": "13",
                                                    "isLinked": true
                                                },
                                                "__globals__": {
                                                    "field_text_color": "globals\/colors?id=secondary",
                                                    "field_typography_typography": "globals\/typography?id=6fe8ce6",
                                                    "button_typography_typography": "globals\/typography?id=accent",
                                                    "button_background_color": "globals\/colors?id=primary",
                                                    "button_background_hover_color": "globals\/colors?id=c7c80f8"
                                                },
                                                "button_width": "33",
                                                "selected_button_icon": {
                                                    "value": "fas fa-paper-plane",
                                                    "library": "fa-solid"
                                                },
                                                "button_icon_indent": {
                                                    "unit": "px",
                                                    "size": 8,
                                                    "sizes": []
                                                },
                                                "_padding": {
                                                    "unit": "%",
                                                    "top": "0",
                                                    "right": "10",
                                                    "bottom": "0",
                                                    "left": "10",
                                                    "isLinked": false
                                                },
                                                "_padding_tablet": {
                                                    "unit": "px",
                                                    "top": "0",
                                                    "right": "0",
                                                    "bottom": "0",
                                                    "left": "0",
                                                    "isLinked": true
                                                }
                                            },
                                            "elements": [],
                                            "isInner": false,
                                            "widgetType": "form",
                                            "elType": "widget"
                                        },
                                        {
                                            "id": "26a3b22d",
                                            "settings": {
                                                "editor": "By submitting above, you agree to our privacy policy.",
                                                "align": "center",
                                                "text_color": "#B0B0B0",
                                                "__globals__": {
                                                    "typography_typography": "globals\/typography?id=947cc1a"
                                                },
                                                "_margin": {
                                                    "unit": "px",
                                                    "top": "-6",
                                                    "right": "0",
                                                    "bottom": "0",
                                                    "left": "0",
                                                    "isLinked": false
                                                }
                                            },
                                            "elements": [],
                                            "isInner": false,
                                            "widgetType": "text-editor",
                                            "elType": "widget"
                                        }
                                    ],
                                    "isInner": true,
                                    "elType": "column"
                                }
                            ],
                            "isInner": true,
                            "elType": "section"
                        },
                        {
                            "id": "250e6b64",
                            "settings": {
                                "gap": "no",
                                "structure": "20",
                                "margin": {
                                    "unit": "px",
                                    "top": "0",
                                    "right": 0,
                                    "bottom": "30",
                                    "left": 0,
                                    "isLinked": false
                                },
                                "content_position": "middle"
                            },
                            "elements": [
                                {
                                    "id": "db8aacf",
                                    "settings": {
                                        "_column_size": 50,
                                        "_inline_size": null,
                                        "content_position": "center",
                                        "align_mobile": "center"
                                    },
                                    "elements": [
                                        {
                                            "id": "1d55ccfb",
                                            "settings": {
                                                "title": "Tags:",
                                                "header_size": "h5",
                                                "title_color": "#62625F",
                                                "_element_width": "auto",
                                                "__globals__": {
                                                    "title_color": "globals\/colors?id=text",
                                                    "typography_typography": "globals\/typography?id=secondary"
                                                },
                                                "align_mobile": "center"
                                            },
                                            "elements": [],
                                            "isInner": false,
                                            "widgetType": "heading",
                                            "elType": "widget"
                                        },
                                        {
                                            "id": "2bde2c1f",
                                            "settings": {
                                                "icon_list": [
                                                    {
                                                        "_id": "b150598",
                                                        "type": "terms",
                                                        "custom_date_format": "F j, Y",
                                                        "custom_time_format": "g:i a",
                                                        "taxonomy": "post_tag",
                                                        "show_icon": "none"
                                                    }
                                                ],
                                                "__globals__": {
                                                    "icon_typography_typography": "globals\/typography?id=secondary",
                                                    "text_color": "globals\/colors?id=secondary"
                                                },
                                                "text_indent": {
                                                    "unit": "px",
                                                    "size": 12,
                                                    "sizes": []
                                                },
                                                "_element_width": "auto",
                                                "text_color": "#2D2D2A",
                                                "icon_align_mobile": "center",
                                                "_margin_mobile": {
                                                    "unit": "px",
                                                    "top": "10",
                                                    "right": "0",
                                                    "bottom": "15",
                                                    "left": "0",
                                                    "isLinked": false
                                                }
                                            },
                                            "elements": [],
                                            "isInner": false,
                                            "widgetType": "post-info",
                                            "elType": "widget"
                                        }
                                    ],
                                    "isInner": true,
                                    "elType": "column"
                                },
                                {
                                    "id": "69b8095b",
                                    "settings": {
                                        "_column_size": 50,
                                        "_inline_size": null,
                                        "content_position": "center",
                                        "align": "flex-end",
                                        "align_mobile": "center"
                                    },
                                    "elements": [
                                        {
                                            "id": "11db6a64",
                                            "settings": {
                                                "title": "Share this post:",
                                                "header_size": "h5",
                                                "title_color": "#62625F",
                                                "_margin": {
                                                    "unit": "px",
                                                    "top": "0",
                                                    "right": "20",
                                                    "bottom": "0",
                                                    "left": "0",
                                                    "isLinked": false
                                                },
                                                "_element_width": "auto",
                                                "__globals__": {
                                                    "title_color": "globals\/colors?id=text",
                                                    "typography_typography": "globals\/typography?id=secondary"
                                                }
                                            },
                                            "elements": [],
                                            "isInner": false,
                                            "widgetType": "heading",
                                            "elType": "widget"
                                        },
                                        {
                                            "id": "2a83ce9d",
                                            "settings": {
                                                "share_buttons": [
                                                    {
                                                        "_id": "5f36482"
                                                    },
                                                    {
                                                        "button": "twitter",
                                                        "_id": "a606a41"
                                                    },
                                                    {
                                                        "button": "pinterest",
                                                        "_id": "2087c5e"
                                                    }
                                                ],
                                                "show_label": "",
                                                "shape": "rounded",
                                                "alignment": "right",
                                                "column_gap": {
                                                    "unit": "px",
                                                    "size": 5,
                                                    "sizes": []
                                                },
                                                "row_gap": {
                                                    "unit": "px",
                                                    "size": 5,
                                                    "sizes": []
                                                },
                                                "button_size": {
                                                    "unit": "px",
                                                    "size": 0.9,
                                                    "sizes": []
                                                },
                                                "icon_size": {
                                                    "unit": "px",
                                                    "size": 16,
                                                    "sizes": []
                                                },
                                                "_element_width": "auto"
                                            },
                                            "elements": [],
                                            "isInner": false,
                                            "widgetType": "share-buttons",
                                            "elType": "widget"
                                        }
                                    ],
                                    "isInner": true,
                                    "elType": "column"
                                }
                            ],
                            "isInner": true,
                            "elType": "section"
                        },
                        {
                            "id": "27a54e84",
                            "settings": {
                                "author_name": "John Doe",
                                "author_bio": "Lorem ipsum dolor sit amet consectetur adipiscing elit dolor",
                                "link_text": "All Posts",
                                "_padding": {
                                    "unit": "px",
                                    "top": "20",
                                    "right": "0",
                                    "bottom": "20",
                                    "left": "0",
                                    "isLinked": false
                                },
                                "_border_border": "solid",
                                "_border_width": {
                                    "unit": "px",
                                    "top": "1",
                                    "right": "0",
                                    "bottom": "1",
                                    "left": "0",
                                    "isLinked": false
                                },
                                "__globals__": {
                                    "name_color": "globals\/colors?id=secondary",
                                    "bio_color": "globals\/colors?id=text",
                                    "_border_color": "",
                                    "name_typography_typography": "globals\/typography?id=7004bcb",
                                    "bio_typography_typography": "globals\/typography?id=text"
                                },
                                "name_color": "#2D2D2A",
                                "bio_color": "#62625F",
                                "_border_color": "#EBEBEB",
                                "alignment": "left",
                                "image_gap": {
                                    "unit": "px",
                                    "size": 32,
                                    "sizes": []
                                },
                                "author_name_tag": "h3"
                            },
                            "elements": [],
                            "isInner": false,
                            "widgetType": "author-box",
                            "elType": "widget"
                        }
                    ],
                    "isInner": false,
                    "elType": "column"
                }
            ],
            "isInner": false,
            "elType": "section"
        },
        {
            "id": "62636752",
            "settings": {
                "background_background": "classic",
                "background_color": "#FFEDED",
                "padding": {
                    "unit": "px",
                    "top": "60",
                    "right": "0",
                    "bottom": "60",
                    "left": "0",
                    "isLinked": false
                },
                "background_size": "initial",
                "background_bg_width": {
                    "unit": "px",
                    "size": 198,
                    "sizes": []
                },
                "background_overlay_size": "initial",
                "background_overlay_bg_width": {
                    "unit": "px",
                    "size": 198,
                    "sizes": []
                },
                "background_overlay_opacity": {
                    "unit": "px",
                    "size": 0.1,
                    "sizes": []
                },
                "border_width": {
                    "unit": "px",
                    "top": "0",
                    "right": "40",
                    "bottom": "0",
                    "left": "40",
                    "isLinked": false
                },
                "border_color": "#FFFFFF",
                "padding_tablet": {
                    "unit": "px",
                    "top": "40",
                    "right": "10",
                    "bottom": "40",
                    "left": "10",
                    "isLinked": false
                },
                "padding_mobile": {
                    "unit": "px",
                    "top": "40",
                    "right": "20",
                    "bottom": "30",
                    "left": "20",
                    "isLinked": false
                },
                "__globals__": {
                    "background_color": ""
                }
            },
            "elements": [
                {
                    "id": "6c8209a6",
                    "settings": {
                        "_column_size": 100,
                        "_inline_size": null
                    },
                    "elements": [
                        {
                            "id": "d99e972",
                            "settings": {
                                "title": "You might also like",
                                "align": "center",
                                "_margin": {
                                    "unit": "px",
                                    "top": "0",
                                    "right": "0",
                                    "bottom": "15",
                                    "left": "0",
                                    "isLinked": false
                                },
                                "__globals__": {
                                    "title_color": "globals\/colors?id=primary",
                                    "typography_typography": "globals\/typography?id=primary"
                                }
                            },
                            "elements": [],
                            "isInner": false,
                            "widgetType": "heading",
                            "elType": "widget"
                        },
                        {
                            "id": "69f6f7c2",
                            "settings": {
                                "classic_columns": "5",
                                "classic_posts_per_page": 5,
                                "classic_thumbnail_size_size": "large",
                                "classic_item_ratio": {
                                    "unit": "px",
                                    "size": 1,
                                    "sizes": []
                                },
                                "classic_show_excerpt": "",
                                "classic_excerpt_length": 21,
                                "classic_meta_data": [],
                                "classic_meta_separator": "\/",
                                "classic_show_read_more": "",
                                "classic_read_more_text": "Read More",
                                "classic_open_new_tab": "",
                                "cards_meta_separator": "\u2022",
                                "cards_read_more_text": "Read More \u00bb",
                                "full_content_meta_separator": "\/\/\/",
                                "posts_include": [],
                                "posts_offset": "",
                                "classic_column_gap": {
                                    "unit": "px",
                                    "size": 40,
                                    "sizes": []
                                },
                                "classic_row_gap": {
                                    "unit": "px",
                                    "size": 40,
                                    "sizes": []
                                },
                                "classic_alignment": "center",
                                "classic_img_border_radius": {
                                    "unit": "%",
                                    "top": "100",
                                    "right": "100",
                                    "bottom": "100",
                                    "left": "100",
                                    "isLinked": true
                                },
                                "classic_image_spacing": {
                                    "unit": "px",
                                    "size": "",
                                    "sizes": []
                                },
                                "classic_title_spacing": {
                                    "unit": "px",
                                    "size": 16,
                                    "sizes": []
                                },
                                "classic_meta_spacing": {
                                    "unit": "px",
                                    "size": 0,
                                    "sizes": []
                                },
                                "classic_excerpt_color": "#62625F",
                                "classic_excerpt_typography_typography": "custom",
                                "classic_excerpt_typography_font_family": "Georgia",
                                "classic_excerpt_typography_font_size": {
                                    "unit": "px",
                                    "size": 16,
                                    "sizes": []
                                },
                                "classic_excerpt_typography_font_weight": "400",
                                "classic_excerpt_spacing": {
                                    "unit": "px",
                                    "size": 16,
                                    "sizes": []
                                },
                                "classic_read_more_color": "#E24E1B",
                                "classic_read_more_typography_typography": "custom",
                                "classic_read_more_typography_font_family": "Josefin Sans",
                                "classic_read_more_typography_font_weight": "500",
                                "classic_read_more_typography_text_transform": "uppercase",
                                "classic_read_more_typography_letter_spacing": {
                                    "unit": "px",
                                    "size": 0.4,
                                    "sizes": []
                                },
                                "pagination_page_limit": "5",
                                "pagination_prev_label": "&laquo; Previous",
                                "pagination_next_label": "Next &raquo;",
                                "__globals__": {
                                    "classic_title_typography_typography": "globals\/typography?id=cfd4668",
                                    "classic_meta_typography_typography": "globals\/typography?id=secondary",
                                    "classic_excerpt_color": "globals\/colors?id=text",
                                    "classic_read_more_color": "globals\/colors?id=primary",
                                    "classic_read_more_typography_typography": ""
                                },
                                "posts_orderby": "rand",
                                "classic_meta_color": "#91918D",
                                "classic_item_ratio_mobile": {
                                    "unit": "px",
                                    "size": 1,
                                    "sizes": []
                                },
                                "classic_columns_tablet": "5",
                                "classic_image_width_tablet": {
                                    "unit": "%",
                                    "size": 80,
                                    "sizes": []
                                },
                                "classic_image_width_mobile": {
                                    "unit": "%",
                                    "size": 65,
                                    "sizes": []
                                },
                                "classic_image_width": {
                                    "unit": "%",
                                    "size": 70,
                                    "sizes": []
                                },
                                "posts_post_type": "related"
                            },
                            "elements": [],
                            "isInner": false,
                            "widgetType": "posts",
                            "elType": "widget"
                        }
                    ],
                    "isInner": false,
                    "elType": "column"
                }
            ],
            "isInner": false,
            "elType": "section"
        },
        {
            "id": "47c75b5d",
            "settings": {
                "content_width": {
                    "unit": "px",
                    "size": 800,
                    "sizes": []
                },
                "gap": "no",
                "padding": {
                    "unit": "px",
                    "top": "80",
                    "right": "0",
                    "bottom": "80",
                    "left": "0",
                    "isLinked": false
                },
                "padding_tablet": {
                    "unit": "px",
                    "top": "40",
                    "right": "20",
                    "bottom": "40",
                    "left": "20",
                    "isLinked": false
                }
            },
            "elements": [
                {
                    "id": "f4745b9",
                    "settings": {
                        "_column_size": 100,
                        "_inline_size": null
                    },
                    "elements": [
                        {
                            "id": "1779b18",
                            "settings": {
                                "_skin": "theme_comments"
                            },
                            "elements": [],
                            "isInner": false,
                            "widgetType": "post-comments",
                            "elType": "widget"
                        }
                    ],
                    "isInner": false,
                    "elType": "column"
                }
            ],
            "isInner": false,
            "elType": "section"
        }
    ]
}