{
    "version": "0.4",
    "title": "Global Kit Styles",
    "type": "section",
    "metadata": {
        "template_type": "global-styles",
        "include_in_zip": "1",
        "elementor_pro_required": null,
        "additional_template_information": [
            "These are the global theme styles configured through the Elementor Theme Styles area."
        ],
        "wp_page_template": "default"
    },
    "content": [],
    "page_settings": {
        "system_colors": [
            {
                "_id": "primary",
                "title": "Primary",
                "color": "#E35640"
            },
            {
                "_id": "secondary",
                "title": "Secondary",
                "color": "#000000"
            },
            {
                "_id": "text",
                "title": "Text",
                "color": "#595959"
            },
            {
                "_id": "accent",
                "title": "Accent",
                "color": "#E35640"
            }
        ],
        "custom_colors": [
            {
                "_id": "a9e1e76",
                "title": "White",
                "color": "#FFFFFF"
            },
            {
                "_id": "5d8c986",
                "title": "Border",
                "color": "#E5E5E5"
            },
            {
                "_id": "d68a692",
                "title": "BG",
                "color": "#F3EFEB"
            }
        ],
        "system_typography": [
            {
                "_id": "primary",
                "title": "Primary",
                "typography_typography": "custom",
                "typography_font_family": "EB Garamond",
                "typography_font_weight": "500",
                "typography_font_size": {
                    "unit": "px",
                    "size": "48",
                    "sizes": []
                },
                "typography_font_size_tablet": {
                    "unit": "px",
                    "size": "40",
                    "sizes": []
                },
                "typography_font_size_mobile": {
                    "unit": "px",
                    "size": "32",
                    "sizes": []
                }
            },
            {
                "_id": "secondary",
                "title": "Secondary",
                "typography_typography": "custom",
                "typography_font_family": "EB Garamond",
                "typography_font_weight": "400",
                "typography_font_size": {
                    "unit": "px",
                    "size": "38",
                    "sizes": []
                },
                "typography_font_size_tablet": {
                    "unit": "px",
                    "size": "30",
                    "sizes": []
                },
                "typography_font_size_mobile": {
                    "unit": "px",
                    "size": "26",
                    "sizes": []
                }
            },
            {
                "_id": "text",
                "title": "Text",
                "typography_typography": "custom",
                "typography_font_family": "Raleway",
                "typography_font_weight": "400",
                "typography_font_size": {
                    "unit": "px",
                    "size": "15",
                    "sizes": []
                },
                "typography_font_size_tablet": {
                    "unit": "px",
                    "size": "14",
                    "sizes": []
                },
                "typography_font_size_mobile": {
                    "unit": "px",
                    "size": "14",
                    "sizes": []
                }
            },
            {
                "_id": "accent",
                "title": "Accent",
                "typography_typography": "custom",
                "typography_font_family": "Raleway",
                "typography_font_weight": "500",
                "typography_font_size": {
                    "unit": "px",
                    "size": "15",
                    "sizes": []
                },
                "typography_font_size_tablet": {
                    "unit": "px",
                    "size": "14",
                    "sizes": []
                },
                "typography_font_size_mobile": {
                    "unit": "px",
                    "size": "14",
                    "sizes": []
                }
            }
        ],
        "custom_typography": [
            {
                "_id": "8a599b3",
                "title": "Heading",
                "typography_typography": "custom",
                "typography_font_family": "EB Garamond",
                "typography_font_size": {
                    "unit": "px",
                    "size": "30",
                    "sizes": []
                },
                "typography_font_weight": "500",
                "typography_font_size_tablet": {
                    "unit": "px",
                    "size": "24",
                    "sizes": []
                },
                "typography_font_size_mobile": {
                    "unit": "px",
                    "size": "24",
                    "sizes": []
                }
            },
            {
                "_id": "1bee0a7",
                "title": "Heading two",
                "typography_typography": "custom",
                "typography_font_family": "EB Garamond",
                "typography_font_size": {
                    "unit": "px",
                    "size": "25",
                    "sizes": []
                },
                "typography_font_weight": "500",
                "typography_font_size_tablet": {
                    "unit": "px",
                    "size": "20",
                    "sizes": []
                },
                "typography_font_size_mobile": {
                    "unit": "px",
                    "size": "20",
                    "sizes": []
                }
            },
            {
                "_id": "a1df1ff",
                "title": "Heading Three",
                "typography_typography": "custom",
                "typography_font_family": "EB Garamond",
                "typography_font_size": {
                    "unit": "px",
                    "size": "20",
                    "sizes": []
                },
                "typography_font_weight": "500",
                "typography_font_size_tablet": {
                    "unit": "px",
                    "size": "18",
                    "sizes": []
                },
                "typography_font_size_mobile": {
                    "unit": "px",
                    "size": "16",
                    "sizes": []
                }
            },
            {
                "_id": "1092c74",
                "title": "Small text",
                "typography_typography": "custom",
                "typography_font_family": "Raleway",
                "typography_font_size": {
                    "unit": "px",
                    "size": "12",
                    "sizes": []
                },
                "typography_font_weight": "500"
            },
            {
                "_id": "cf5faed",
                "title": "Button",
                "typography_typography": "custom",
                "typography_font_family": "Raleway",
                "typography_font_size": {
                    "unit": "px",
                    "size": "12",
                    "sizes": []
                },
                "typography_font_weight": "500",
                "typography_text_transform": "uppercase"
            },
            {
                "_id": "799c4be",
                "title": "404",
                "typography_typography": "custom",
                "typography_font_family": "EB Garamond",
                "typography_font_size": {
                    "unit": "px",
                    "size": "80",
                    "sizes": []
                },
                "typography_font_weight": "500",
                "typography_line_height": {
                    "unit": "em",
                    "size": "1",
                    "sizes": []
                },
                "typography_font_size_tablet": {
                    "unit": "px",
                    "size": "50",
                    "sizes": []
                },
                "typography_font_size_mobile": {
                    "unit": "px",
                    "size": "40",
                    "sizes": []
                }
            }
        ],
        "default_generic_fonts": "Sans-serif",
        "page_title_selector": "h1.entry-title",
        "hello_footer_copyright_text": "All rights reserved",
        "activeItemIndex": "1",
        "viewport_md": "768",
        "viewport_lg": "1025",
        "body_color": "#595959",
        "body_typography_typography": "custom",
        "body_typography_font_family": "Raleway",
        "body_typography_font_size": {
            "unit": "px",
            "size": "15",
            "sizes": []
        },
        "body_typography_font_weight": "400",
        "link_normal_color": "#E35640",
        "link_hover_color": "#000000",
        "h1_color": "#FFFFFF",
        "h1_typography_typography": "custom",
        "h1_typography_font_family": "EB Garamond",
        "h1_typography_font_size": {
            "unit": "px",
            "size": "48",
            "sizes": []
        },
        "h1_typography_font_weight": "700",
        "h2_color": "#000000",
        "button_border_width": {
            "unit": "px",
            "top": "1",
            "right": "1",
            "bottom": "1",
            "left": "1",
            "isLinked": "1"
        },
        "button_border_radius": {
            "unit": "px",
            "top": "0",
            "right": "0",
            "bottom": "0",
            "left": "0",
            "isLinked": "1"
        },
        "button_padding": {
            "unit": "px",
            "top": "15",
            "right": "50",
            "bottom": "15",
            "left": "50",
            "isLinked": ""
        },
        "__globals__": {
            "body_color": "globals\/colors?id=text",
            "body_typography_typography": "globals\/typography?id=text",
            "link_normal_color": "globals\/colors?id=primary",
            "link_hover_color": "globals\/colors?id=secondary",
            "h1_color": "globals\/colors?id=a9e1e76",
            "h1_typography_typography": "globals\/typography?id=primary",
            "h2_color": "globals\/colors?id=secondary",
            "h2_typography_typography": "globals\/typography?id=secondary",
            "h3_color": "globals\/colors?id=secondary",
            "h3_typography_typography": "globals\/typography?id=8a599b3",
            "h4_color": "globals\/colors?id=secondary",
            "h4_typography_typography": "globals\/typography?id=1bee0a7",
            "h5_color": "globals\/colors?id=secondary",
            "h5_typography_typography": "globals\/typography?id=a1df1ff",
            "h6_typography_typography": "",
            "h6_color": "globals\/colors?id=secondary",
            "button_background_color": "globals\/colors?id=primary",
            "button_text_color": "globals\/colors?id=a9e1e76",
            "button_border_color": "globals\/colors?id=secondary",
            "button_hover_background_color": "globals\/colors?id=secondary",
            "button_hover_text_color": "globals\/colors?id=a9e1e76",
            "button_typography_typography": "globals\/typography?id=cf5faed"
        },
        "h2_typography_typography": "custom",
        "h2_typography_font_family": "EB Garamond",
        "h2_typography_font_size": {
            "unit": "px",
            "size": "38",
            "sizes": []
        },
        "h2_typography_font_weight": "400",
        "h3_color": "#000000",
        "h3_typography_typography": "custom",
        "h3_typography_font_family": "EB Garamond",
        "h3_typography_font_size": {
            "unit": "px",
            "size": "30",
            "sizes": []
        },
        "h3_typography_font_weight": "500",
        "h3_typography_line_height": {
            "unit": "em",
            "size": "",
            "sizes": []
        },
        "h3_typography_word_spacing": {
            "unit": "em",
            "size": "",
            "sizes": []
        },
        "h4_color": "#000000",
        "h4_typography_typography": "custom",
        "h4_typography_font_family": "EB Garamond",
        "h4_typography_font_size": {
            "unit": "px",
            "size": "25",
            "sizes": []
        },
        "h4_typography_font_weight": "500",
        "h4_typography_line_height": {
            "unit": "em",
            "size": "",
            "sizes": []
        },
        "h4_typography_word_spacing": {
            "unit": "em",
            "size": "",
            "sizes": []
        },
        "h5_color": "#000000",
        "h5_typography_typography": "custom",
        "h5_typography_font_family": "EB Garamond",
        "h5_typography_font_size": {
            "unit": "px",
            "size": "20",
            "sizes": []
        },
        "h5_typography_font_weight": "500",
        "h5_typography_line_height": {
            "unit": "em",
            "size": "",
            "sizes": []
        },
        "h5_typography_word_spacing": {
            "unit": "em",
            "size": "",
            "sizes": []
        },
        "h6_color": "#000000",
        "h6_typography_font_family": "EB Garamond",
        "h6_typography_font_size": {
            "unit": "px",
            "size": "20",
            "sizes": []
        },
        "h6_typography_font_weight": "500",
        "h6_typography_line_height": {
            "unit": "em",
            "size": "",
            "sizes": []
        },
        "h6_typography_word_spacing": {
            "unit": "em",
            "size": "",
            "sizes": []
        },
        "button_typography_typography": "custom",
        "button_typography_font_family": "Raleway",
        "button_typography_font_size": {
            "unit": "px",
            "size": "12",
            "sizes": []
        },
        "button_typography_font_weight": "600",
        "button_typography_text_transform": "uppercase",
        "button_typography_line_height": {
            "unit": "em",
            "size": "",
            "sizes": []
        },
        "button_typography_word_spacing": {
            "unit": "em",
            "size": "",
            "sizes": []
        },
        "button_text_color": "#FFFFFF",
        "button_background_color": "#E35640",
        "button_border_color": "#000000",
        "button_hover_text_color": "#FFFFFF",
        "button_hover_background_color": "#000000",
        "body_typography_font_size_tablet": {
            "unit": "px",
            "size": "14",
            "sizes": []
        },
        "h2_typography_font_size_tablet": {
            "unit": "px",
            "size": "26",
            "sizes": []
        },
        "h3_typography_font_size_tablet": {
            "unit": "px",
            "size": "24",
            "sizes": []
        },
        "h3_typography_font_size_mobile": {
            "unit": "px",
            "size": "24",
            "sizes": []
        },
        "h4_typography_font_size_tablet": {
            "unit": "px",
            "size": "20",
            "sizes": []
        },
        "h4_typography_font_size_mobile": {
            "unit": "px",
            "size": "20",
            "sizes": []
        },
        "h5_typography_font_size_tablet": {
            "unit": "px",
            "size": "18",
            "sizes": []
        },
        "h5_typography_font_size_mobile": {
            "unit": "px",
            "size": "16",
            "sizes": []
        },
        "h6_typography_font_size_tablet": {
            "unit": "px",
            "size": "18",
            "sizes": []
        },
        "h6_typography_font_size_mobile": {
            "unit": "px",
            "size": "16",
            "sizes": []
        },
        "button_padding_tablet": {
            "unit": "px",
            "top": "12",
            "right": "30",
            "bottom": "12",
            "left": "30",
            "isLinked": ""
        }
    }
}