{
    "version": "0.4",
    "title": "offood \u2013 About Section",
    "type": "section",
    "metadata": {
        "template_type": "section-about",
        "include_in_zip": "1",
        "elementor_pro_required": null,
        "wp_page_template": "elementor_canvas"
    },
    "content": [
        {
            "id": "4536546f",
            "settings": {
                "structure": "30",
                "background_background": "classic",
                "background_image": {
                    "url": "https:\/\/tkpro-demo2.envalab.com\/12\/wp-content\/uploads\/sites\/13\/2022\/02\/pattern-new-1.png",
                    "id": "103",
                    "alt": "",
                    "source": "library"
                },
                "padding": {
                    "unit": "px",
                    "top": "100",
                    "right": "0",
                    "bottom": "100",
                    "left": "0",
                    "isLinked": ""
                },
                "padding_tablet": {
                    "unit": "px",
                    "top": "80",
                    "right": "20",
                    "bottom": "80",
                    "left": "20",
                    "isLinked": ""
                },
                "padding_mobile": {
                    "unit": "px",
                    "top": "60",
                    "right": "20",
                    "bottom": "60",
                    "left": "20",
                    "isLinked": ""
                }
            },
            "elements": [
                {
                    "id": "7c552617",
                    "settings": {
                        "_column_size": "33",
                        "_inline_size": "24",
                        "border_border": "solid",
                        "border_width": {
                            "unit": "px",
                            "top": "0",
                            "right": "1",
                            "bottom": "0",
                            "left": "0",
                            "isLinked": ""
                        },
                        "padding": {
                            "unit": "px",
                            "top": "0",
                            "right": "60",
                            "bottom": "0",
                            "left": "0",
                            "isLinked": ""
                        },
                        "__globals__": {
                            "border_color": "globals\/colors?id=5d8c986"
                        },
                        "_inline_size_tablet": "40",
                        "padding_tablet": {
                            "unit": "px",
                            "top": "0",
                            "right": "20",
                            "bottom": "0",
                            "left": "0",
                            "isLinked": ""
                        }
                    },
                    "elements": [
                        {
                            "id": "74b54dc5",
                            "settings": {
                                "title": "What\u2019s new\n",
                                "title_color": "#E35640",
                                "__globals__": {
                                    "title_color": "globals\/colors?id=primary",
                                    "typography_typography": "globals\/typography?id=secondary"
                                },
                                "_animation": "fadeInUp"
                            },
                            "elements": [],
                            "isInner": false,
                            "widgetType": "heading",
                            "elType": "widget"
                        },
                        {
                            "id": "5f842e15",
                            "settings": {
                                "editor": "Cream brule donuts with caramel topping\n",
                                "__globals__": {
                                    "text_color": "globals\/colors?id=secondary",
                                    "typography_typography": "globals\/typography?id=a1df1ff"
                                },
                                "_animation": "fadeInUp"
                            },
                            "elements": [],
                            "isInner": false,
                            "widgetType": "text-editor",
                            "elType": "widget"
                        },
                        {
                            "id": "756fd5f0",
                            "settings": {
                                "editor": "Avocado bacon sandwich with letuce",
                                "__globals__": {
                                    "text_color": "globals\/colors?id=secondary",
                                    "typography_typography": "globals\/typography?id=a1df1ff"
                                },
                                "_animation": "fadeInUp"
                            },
                            "elements": [],
                            "isInner": false,
                            "widgetType": "text-editor",
                            "elType": "widget"
                        }
                    ],
                    "isInner": "",
                    "elType": "column"
                },
                {
                    "id": "479c4e89",
                    "settings": {
                        "_column_size": "33",
                        "_inline_size": "45",
                        "padding": {
                            "unit": "px",
                            "top": "0",
                            "right": "60",
                            "bottom": "0",
                            "left": "60",
                            "isLinked": ""
                        },
                        "_inline_size_tablet": "60",
                        "padding_tablet": {
                            "unit": "px",
                            "top": "0",
                            "right": "20",
                            "bottom": "0",
                            "left": "20",
                            "isLinked": ""
                        },
                        "padding_mobile": {
                            "unit": "px",
                            "top": "40",
                            "right": "0",
                            "bottom": "0",
                            "left": "0",
                            "isLinked": ""
                        }
                    },
                    "elements": [
                        {
                            "id": "5441a079",
                            "settings": {
                                "title": "Hello! My name is Maggy. Your new sous chef!\n",
                                "title_color": "#E35640",
                                "__globals__": {
                                    "title_color": "globals\/colors?id=secondary",
                                    "typography_typography": "globals\/typography?id=secondary"
                                },
                                "_animation": "fadeInUp"
                            },
                            "elements": [],
                            "isInner": false,
                            "widgetType": "heading",
                            "elType": "widget"
                        },
                        {
                            "id": "7eba0272",
                            "settings": {
                                "editor": "Lorem ipsum dolor sit amet, consectetur adipiscing elit, sed do eiusmod tempor inci didunt ut labore et dolore magna aliqua. Ut enim ad minim veniam, quis nostrud exer citation ullamco laboris nisi aliqu.\n\n",
                                "__globals__": {
                                    "text_color": "globals\/colors?id=text",
                                    "typography_typography": "globals\/typography?id=text"
                                },
                                "_animation": "fadeInUp"
                            },
                            "elements": [],
                            "isInner": false,
                            "widgetType": "text-editor",
                            "elType": "widget"
                        },
                        {
                            "id": "2df4db49",
                            "settings": {
                                "text": "VIEW MORE",
                                "align": "left",
                                "border_border": "solid",
                                "border_width": {
                                    "unit": "px",
                                    "top": "0",
                                    "right": "0",
                                    "bottom": "1",
                                    "left": "0",
                                    "isLinked": ""
                                },
                                "border_radius": {
                                    "unit": "px",
                                    "top": "0",
                                    "right": "0",
                                    "bottom": "0",
                                    "left": "0",
                                    "isLinked": ""
                                },
                                "text_padding": {
                                    "unit": "px",
                                    "top": "0",
                                    "right": "0",
                                    "bottom": "2",
                                    "left": "0",
                                    "isLinked": ""
                                },
                                "__globals__": {
                                    "border_color": "globals\/colors?id=primary",
                                    "button_text_color": "globals\/colors?id=primary",
                                    "hover_color": "globals\/colors?id=primary",
                                    "button_background_hover_color": "globals\/colors?id=a9e1e76",
                                    "button_hover_border_color": "globals\/colors?id=primary",
                                    "background_color": "globals\/colors?id=a9e1e76",
                                    "typography_typography": "globals\/typography?id=cf5faed"
                                },
                                "_padding": {
                                    "unit": "px",
                                    "top": "10",
                                    "right": "0",
                                    "bottom": "0",
                                    "left": "0",
                                    "isLinked": ""
                                },
                                "_animation": "fadeInUp"
                            },
                            "elements": [],
                            "isInner": false,
                            "widgetType": "button",
                            "elType": "widget"
                        }
                    ],
                    "isInner": "",
                    "elType": "column"
                },
                {
                    "id": "2ac43a01",
                    "settings": {
                        "_column_size": "33",
                        "_inline_size": "30.554",
                        "_inline_size_tablet": "100"
                    },
                    "elements": [
                        {
                            "id": "1df4577a",
                            "settings": {
                                "image": {
                                    "url": "https:\/\/tkpro-demo2.envalab.com\/12\/wp-content\/uploads\/sites\/13\/2022\/02\/food-blogger-beating-up-eggs-2021-09-24-04-05-40-utc.jpg",
                                    "id": "102",
                                    "alt": "",
                                    "source": "library"
                                },
                                "width_tablet": {
                                    "unit": "%",
                                    "size": "100",
                                    "sizes": []
                                },
                                "hover_animation": "float",
                                "_padding_tablet": {
                                    "unit": "px",
                                    "top": "40",
                                    "right": "0",
                                    "bottom": "0",
                                    "left": "0",
                                    "isLinked": ""
                                },
                                "_animation": "fadeInUp"
                            },
                            "elements": [],
                            "isInner": false,
                            "widgetType": "image",
                            "elType": "widget"
                        }
                    ],
                    "isInner": "",
                    "elType": "column"
                }
            ],
            "isInner": "",
            "elType": "section"
        }
    ],
    "page_settings": {
        "hide_title": "yes",
        "eael_ext_toc_title": "Table of Contents",
        "template": "elementor_canvas"
    }
}