{
    "version": "0.4",
    "title": "offood \u2013 Footer Template",
    "type": "footer",
    "metadata": {
        "template_type": "section-footer",
        "include_in_zip": "1",
        "elementor_pro_required": "1",
        "elementor_library_type": "footer",
        "elementor_pro_conditions": [
            "include\/general"
        ],
        "additional_template_information": [
            "This is a \"Footer\" template for Elementor Pro.",
            "This template will display on: Entire Site."
        ],
        "wp_page_template": "default"
    },
    "content": [
        {
            "id": "1dfed83e",
            "settings": {
                "background_background": "classic",
                "background_image": {
                    "url": "https:\/\/tkpro-demo2.envalab.com\/12\/wp-content\/uploads\/sites\/13\/2022\/02\/pattern-new.png",
                    "id": "59",
                    "alt": "",
                    "source": "library"
                },
                "background_position": "center center",
                "background_repeat": "no-repeat",
                "background_size": "cover",
                "padding": {
                    "unit": "px",
                    "top": "100",
                    "right": "0",
                    "bottom": "50",
                    "left": "0",
                    "isLinked": ""
                },
                "padding_tablet": {
                    "unit": "px",
                    "top": "80",
                    "right": "0",
                    "bottom": "40",
                    "left": "0",
                    "isLinked": ""
                },
                "padding_mobile": {
                    "unit": "px",
                    "top": "60",
                    "right": "0",
                    "bottom": "20",
                    "left": "0",
                    "isLinked": ""
                },
                "__globals__": {
                    "background_color": "globals\/colors?id=d68a692"
                }
            },
            "elements": [
                {
                    "id": "323fe5db",
                    "settings": {
                        "_column_size": "100"
                    },
                    "elements": [
                        {
                            "id": "7de884e9",
                            "settings": {
                                "ekit_heading_title": "of{{food}}",
                                "ekit_heading_sub_title_show": "",
                                "ekit_heading_sub_title": "Time has changed",
                                "shadow_text_content": "bussiness",
                                "ekit_heading_show_seperator": "",
                                "ekit_heading_title_align": "text_center",
                                "ekit_heading_title_margin": {
                                    "unit": "px",
                                    "top": "0",
                                    "right": "0",
                                    "bottom": "0",
                                    "left": "0",
                                    "isLinked": ""
                                },
                                "ekit_heading_focused_title_secondary_spacing": {
                                    "unit": "px",
                                    "top": "0",
                                    "right": "0",
                                    "bottom": "0",
                                    "left": "0",
                                    "isLinked": ""
                                },
                                "__globals__": {
                                    "ekit_heading_title_color": "globals\/colors?id=primary",
                                    "ekit_heading_title_typography_typography": "globals\/typography?id=primary",
                                    "ekit_heading_focused_title_color": "globals\/colors?id=secondary",
                                    "ekit_heading_focused_title_typography_typography": "globals\/typography?id=primary"
                                },
                                "_animation": "fadeInUp"
                            },
                            "elements": [],
                            "isInner": false,
                            "widgetType": "elementskit-heading",
                            "elType": "widget"
                        },
                        {
                            "id": "51fbf0ab",
                            "settings": {
                                "editor": "Theme especially made for cooking experts, novices &amp; all who enjoy sharing their recipes.\n\n",
                                "align": "center",
                                "_padding": {
                                    "unit": "%",
                                    "top": "0",
                                    "right": "32",
                                    "bottom": "0",
                                    "left": "32",
                                    "isLinked": ""
                                },
                                "_padding_tablet": {
                                    "unit": "%",
                                    "top": "",
                                    "right": "",
                                    "bottom": "",
                                    "left": "",
                                    "isLinked": "1"
                                },
                                "_padding_mobile": {
                                    "unit": "%",
                                    "top": "0",
                                    "right": "17",
                                    "bottom": "0",
                                    "left": "17",
                                    "isLinked": ""
                                },
                                "_animation": "fadeInUp",
                                "__globals__": {
                                    "text_color": "globals\/colors?id=text",
                                    "typography_typography": "globals\/typography?id=text"
                                }
                            },
                            "elements": [],
                            "isInner": false,
                            "widgetType": "text-editor",
                            "elType": "widget"
                        },
                        {
                            "id": "3458e889",
                            "settings": {
                                "social_icon_list": [
                                    {
                                        "social_icon": {
                                            "value": "fab fa-facebook",
                                            "library": "fa-brands"
                                        },
                                        "_id": "7f71fea"
                                    },
                                    {
                                        "social_icon": {
                                            "value": "fab fa-linkedin-in",
                                            "library": "fa-brands"
                                        },
                                        "_id": "67e1cab"
                                    },
                                    {
                                        "social_icon": {
                                            "value": "fab fa-twitter",
                                            "library": "fa-brands"
                                        },
                                        "_id": "d50249c"
                                    },
                                    {
                                        "social_icon": {
                                            "value": "fab fa-youtube",
                                            "library": "fa-brands"
                                        },
                                        "_id": "a25aac1"
                                    }
                                ],
                                "shape": "circle",
                                "icon_color": "custom",
                                "icon_size": {
                                    "unit": "px",
                                    "size": "18",
                                    "sizes": []
                                },
                                "icon_spacing": {
                                    "unit": "px",
                                    "size": "0",
                                    "sizes": []
                                },
                                "__globals__": {
                                    "icon_primary_color": "globals\/colors?id=d68a692",
                                    "icon_secondary_color": "globals\/colors?id=primary",
                                    "hover_primary_color": "globals\/colors?id=d68a692",
                                    "hover_secondary_color": "globals\/colors?id=secondary"
                                },
                                "icon_secondary_color": "#000000",
                                "hover_secondary_color": "#E35640",
                                "_animation": "fadeInUp"
                            },
                            "elements": [],
                            "isInner": false,
                            "widgetType": "social-icons",
                            "elType": "widget"
                        },
                        {
                            "id": "33ab8946",
                            "settings": {
                                "content_width": {
                                    "unit": "px",
                                    "size": "350",
                                    "sizes": []
                                }
                            },
                            "elements": [
                                {
                                    "id": "12627afd",
                                    "settings": {
                                        "_column_size": "100"
                                    },
                                    "elements": [
                                        {
                                            "id": "2307cdb7",
                                            "settings": {
                                                "form_name": "New Form",
                                                "form_fields": [
                                                    {
                                                        "custom_id": "email",
                                                        "field_type": "email",
                                                        "required": "true",
                                                        "field_label": "Email",
                                                        "placeholder": "Enter you email address here",
                                                        "width": "80",
                                                        "_id": "adbac26",
                                                        "width_mobile": "80"
                                                    }
                                                ],
                                                "input_size": "md",
                                                "show_labels": "",
                                                "button_width": "20",
                                                "button_width_mobile": "20",
                                                "button_align": "start",
                                                "button_align_mobile": "stretch",
                                                "step_next_label": "Next",
                                                "step_previous_label": "Previous",
                                                "button_text": "",
                                                "selected_button_icon": {
                                                    "value": "fas fa-paper-plane",
                                                    "library": "fa-solid"
                                                },
                                                "email_content": "[all-fields]",
                                                "email_content_2": "[all-fields]",
                                                "success_message": "The form was sent successfully.",
                                                "error_message": "An error occurred.",
                                                "required_field_message": "This field is required.",
                                                "invalid_message": "There&#039;s something wrong. The form is invalid.",
                                                "column_gap": {
                                                    "unit": "px",
                                                    "size": "0",
                                                    "sizes": []
                                                },
                                                "row_gap": {
                                                    "unit": "px",
                                                    "size": "0",
                                                    "sizes": []
                                                },
                                                "field_background_color": "",
                                                "field_border_width": {
                                                    "unit": "px",
                                                    "top": "0",
                                                    "right": "0",
                                                    "bottom": "1",
                                                    "left": "0",
                                                    "isLinked": ""
                                                },
                                                "field_border_radius": {
                                                    "unit": "px",
                                                    "top": "0",
                                                    "right": "0",
                                                    "bottom": "0",
                                                    "left": "0",
                                                    "isLinked": ""
                                                },
                                                "button_border_border": "solid",
                                                "button_border_width": {
                                                    "unit": "px",
                                                    "top": "0",
                                                    "right": "0",
                                                    "bottom": "1",
                                                    "left": "0",
                                                    "isLinked": ""
                                                },
                                                "button_border_width_mobile": {
                                                    "unit": "px",
                                                    "top": "0",
                                                    "right": "0",
                                                    "bottom": "1",
                                                    "left": "0",
                                                    "isLinked": ""
                                                },
                                                "button_background_color": "#02010100",
                                                "previous_button_background_color": "#02010100",
                                                "button_border_radius": {
                                                    "unit": "px",
                                                    "top": "0",
                                                    "right": "0",
                                                    "bottom": "0",
                                                    "left": "0",
                                                    "isLinked": ""
                                                },
                                                "button_text_padding": {
                                                    "unit": "px",
                                                    "top": "0",
                                                    "right": "5",
                                                    "bottom": "0",
                                                    "left": "40",
                                                    "isLinked": ""
                                                },
                                                "_animation": "fadeInUp",
                                                "__globals__": {
                                                    "label_color": "globals\/colors?id=text",
                                                    "label_typography_typography": "globals\/typography?id=text",
                                                    "field_text_color": "globals\/colors?id=text",
                                                    "field_typography_typography": "globals\/typography?id=text",
                                                    "field_border_color": "globals\/colors?id=secondary",
                                                    "button_text_color": "globals\/colors?id=primary",
                                                    "previous_button_text_color": "globals\/colors?id=primary",
                                                    "button_border_color": "globals\/colors?id=secondary",
                                                    "previous_button_border_color": "globals\/colors?id=secondary"
                                                },
                                                "button_hover_color": "",
                                                "previous_button_text_color_hover": ""
                                            },
                                            "elements": [],
                                            "isInner": false,
                                            "widgetType": "form",
                                            "elType": "widget"
                                        },
                                        {
                                            "id": "50a1a44a",
                                            "settings": {
                                                "title": "*Be informed about the latest recipes &amp; workshops.\n\n",
                                                "_margin": {
                                                    "unit": "px",
                                                    "top": "-15",
                                                    "right": "0",
                                                    "bottom": "0",
                                                    "left": "0",
                                                    "isLinked": ""
                                                },
                                                "_animation": "fadeInUp",
                                                "__globals__": {
                                                    "title_color": "globals\/colors?id=text",
                                                    "typography_typography": "globals\/typography?id=1092c74"
                                                }
                                            },
                                            "elements": [],
                                            "isInner": false,
                                            "widgetType": "heading",
                                            "elType": "widget"
                                        }
                                    ],
                                    "isInner": "1",
                                    "elType": "column"
                                }
                            ],
                            "isInner": "1",
                            "elType": "section"
                        }
                    ],
                    "isInner": "",
                    "elType": "column"
                }
            ],
            "isInner": "",
            "elType": "section"
        },
        {
            "id": "764857f4",
            "settings": {
                "height": "min-height",
                "custom_height": {
                    "unit": "px",
                    "size": "50",
                    "sizes": []
                },
                "structure": "20",
                "background_background": "classic",
                "border_border": "solid",
                "border_width": {
                    "unit": "px",
                    "top": "1",
                    "right": "0",
                    "bottom": "0",
                    "left": "0",
                    "isLinked": ""
                },
                "__globals__": {
                    "background_color": "globals\/colors?id=d68a692",
                    "border_color": "globals\/colors?id=5d8c986"
                }
            },
            "elements": [
                {
                    "id": "531b626",
                    "settings": {
                        "_column_size": "50"
                    },
                    "elements": [
                        {
                            "id": "4b6424a5",
                            "settings": {
                                "title": "Privacy Policy",
                                "_animation": "fadeInUp",
                                "__globals__": {
                                    "title_color": "globals\/colors?id=text",
                                    "typography_typography": "globals\/typography?id=1092c74"
                                },
                                "align_mobile": "center"
                            },
                            "elements": [],
                            "isInner": false,
                            "widgetType": "heading",
                            "elType": "widget"
                        }
                    ],
                    "isInner": "",
                    "elType": "column"
                },
                {
                    "id": "7fb43169",
                    "settings": {
                        "_column_size": "50"
                    },
                    "elements": [
                        {
                            "id": "7b9057fa",
                            "settings": {
                                "editor": "\u00a9 2022 ENVALAB. All Rights Reserved.\n",
                                "align": "right",
                                "_animation": "fadeInUp",
                                "__globals__": {
                                    "text_color": "globals\/colors?id=text",
                                    "typography_typography": "globals\/typography?id=1092c74"
                                },
                                "align_mobile": "center"
                            },
                            "elements": [],
                            "isInner": false,
                            "widgetType": "text-editor",
                            "elType": "widget"
                        }
                    ],
                    "isInner": "",
                    "elType": "column"
                }
            ],
            "isInner": "",
            "elType": "section"
        }
    ]
}