{
    "version": "0.4",
    "title": "offood \u2013 Coming Soon Page",
    "type": "page",
    "metadata": {
        "template_type": "single-page",
        "include_in_zip": "1",
        "elementor_pro_required": null,
        "wp_page_template": "elementor_canvas"
    },
    "content": [
        {
            "id": "f1fa2e",
            "settings": {
                "height": "full",
                "background_background": "classic",
                "background_image": {
                    "id": "77",
                    "url": "https:\/\/tkpro-demo2.envalab.com\/12\/wp-content\/uploads\/sites\/13\/2022\/02\/food-blogger-cooking-online-2021-08-29-15-20-01-utc.jpg",
                    "alt": "",
                    "source": "library"
                },
                "background_position": "center center",
                "background_repeat": "no-repeat",
                "background_size": "cover",
                "background_overlay_background": "classic",
                "__globals__": {
                    "background_overlay_color": "globals\/colors?id=secondary"
                }
            },
            "elements": [
                {
                    "id": "3d07fd09",
                    "settings": {
                        "_column_size": "100"
                    },
                    "elements": [
                        {
                            "id": "268a14a9",
                            "settings": {
                                "ekit_countdown_timer_style": "style2",
                                "ekit_countdown_timer_due_time": "2022-03-31 00:00",
                                "ekit_countdown_timer_weeks_label": "Weeks",
                                "ekit_countdown_timer_days_label": "Days",
                                "ekit_countdown_timer_hours_label": "Hours",
                                "ekit_countdown_timer_minutes_hours_label": "Minutes",
                                "ekit_countdown_timer_seconds_hours_label": "Seconds",
                                "ekit_countdown_timer_title": "Countdown is finished!",
                                "ekit_countdown_timer_expiry_content": "Lorem Ipsum is simply dummy text of the printing and typesetting industry. Lorem Ipsum has been the industry&#039;s standard dummy text ever since the 1500s",
                                "ekit_countdown_timer_days_height_tablet": {
                                    "unit": "px",
                                    "size": "110",
                                    "sizes": []
                                },
                                "ekit_countdown_timer_content_margin_bottom_tablet": {
                                    "unit": "px",
                                    "size": "0",
                                    "sizes": []
                                },
                                "ekit_countdown_timer_days_label_color": "#140735",
                                "ekit_countdown_timer_days_label_background_group_background": "classic",
                                "ekit_countdown_timer_days_label_border_color_border": "solid",
                                "ekit_countdown_timer_days_label_border_color_color": "#FA6C48",
                                "ekit_countdown_timer_days_background_group_background": "classic",
                                "ekit_countdown_timer_days_background_group_color": "#FA6C48",
                                "ekit_countdown_timer_hours_label_color": "#140735",
                                "ekit_countdown_timer_hours_label_background_group_background": "classic",
                                "ekit_countdown_timer_hours_label_border_color_border": "solid",
                                "ekit_countdown_timer_hours_label_border_color_color": "#FA6C48",
                                "ekit_countdown_timer_hours_background_background": "classic",
                                "ekit_countdown_timer_hours_background_color": "#FA6C48",
                                "ekit_countdown_timer_minutes_label_color": "#140735",
                                "ekit_countdown_timer_minutes_label_background_group_background": "classic",
                                "ekit_countdown_timer_minutes_label_border_color_border": "solid",
                                "ekit_countdown_timer_minutes_label_border_color_color": "#FA6C48",
                                "ekit_countdown_timer_minutes_background_background": "classic",
                                "ekit_countdown_timer_minutes_background_color": "#FA6C48",
                                "ekit_countdown_timer_seconds_label_background_group_background": "classic",
                                "ekit_countdown_timer_seconds_label_border_color_border": "solid",
                                "ekit_countdown_timer_seconds_background_background": "classic",
                                "_animation": "fadeInUp",
                                "__globals__": {
                                    "ekit_countdown_timer_days_digits_typography_group_typography": "globals\/typography?id=primary",
                                    "ekit_countdown_timer_days_digits_color": "globals\/colors?id=a9e1e76",
                                    "ekit_countdown_timer_days_background_group_color": "globals\/colors?id=primary",
                                    "ekit_countdown_timer_days_label_background_group_color": "globals\/colors?id=a9e1e76",
                                    "ekit_countdown_timer_days_label_border_color_color": "globals\/colors?id=primary",
                                    "ekit_countdown_timer_days_label_color": "globals\/colors?id=secondary",
                                    "ekit_countdown_timer_hours_label_background_group_color": "globals\/colors?id=a9e1e76",
                                    "ekit_countdown_timer_hours_background_color": "globals\/colors?id=primary",
                                    "ekit_countdown_timer_hours_label_border_color_color": "globals\/colors?id=primary",
                                    "ekit_countdown_timer_hours_label_color": "globals\/colors?id=secondary",
                                    "ekit_countdown_timer_minutes_label_background_group_color": "globals\/colors?id=a9e1e76",
                                    "ekit_countdown_timer_minutes_label_border_color_color": "globals\/colors?id=primary",
                                    "ekit_countdown_timer_minutes_background_color": "globals\/colors?id=primary",
                                    "ekit_countdown_timer_minutes_label_color": "globals\/colors?id=secondary",
                                    "ekit_countdown_timer_seconds_label_background_group_color": "globals\/colors?id=a9e1e76",
                                    "ekit_countdown_timer_seconds_background_color": "globals\/colors?id=primary",
                                    "ekit_countdown_timer_seconds_label_border_color_color": "globals\/colors?id=primary",
                                    "ekit_countdown_timer_seconds_label_color": "globals\/colors?id=secondary",
                                    "ekit_countdown_timer_days_label_typography_group_typography": "globals\/typography?id=accent",
                                    "ekit_countdown_timer_hours_digits_color": "globals\/colors?id=a9e1e76",
                                    "ekit_countdown_timer_hours_digits_typography_group_typography": "globals\/typography?id=primary",
                                    "ekit_countdown_timer_hours_label_typography_group_typography": "globals\/typography?id=accent",
                                    "ekit_countdown_timer_minutes_digits_color": "globals\/colors?id=a9e1e76",
                                    "ekit_countdown_timer_minutes_digits_typography_group_typography": "globals\/typography?id=primary",
                                    "ekit_countdown_timer_minutes_label_typography_group_typography": "globals\/typography?id=accent",
                                    "ekit_countdown_timer_seconds_digits_color": "globals\/colors?id=a9e1e76",
                                    "ekit_countdown_timer_seconds_digits_typography_group_typography": "globals\/typography?id=primary"
                                },
                                "ekit_countdown_timer_days_label_border_radious_open": {
                                    "unit": "px",
                                    "top": "0",
                                    "right": "0",
                                    "bottom": "0",
                                    "left": "0",
                                    "isLinked": "1"
                                },
                                "ekit_countdown_timer_days_border_radious_open": {
                                    "unit": "px",
                                    "top": "0",
                                    "right": "0",
                                    "bottom": "0",
                                    "left": "0",
                                    "isLinked": "1"
                                },
                                "ekit_countdown_timer_hours_label_border_radious_open": {
                                    "unit": "px",
                                    "top": "0",
                                    "right": "0",
                                    "bottom": "0",
                                    "left": "0",
                                    "isLinked": "1"
                                },
                                "ekit_countdown_timer_hours_border_radious_open": {
                                    "unit": "px",
                                    "top": "0",
                                    "right": "0",
                                    "bottom": "0",
                                    "left": "0",
                                    "isLinked": "1"
                                },
                                "ekit_countdown_timer_minutes_label_border_radious_open": {
                                    "unit": "px",
                                    "top": "0",
                                    "right": "0",
                                    "bottom": "0",
                                    "left": "0",
                                    "isLinked": "1"
                                },
                                "ekit_countdown_timer_minutes_border_radious_open": {
                                    "unit": "px",
                                    "top": "0",
                                    "right": "0",
                                    "bottom": "0",
                                    "left": "0",
                                    "isLinked": "1"
                                },
                                "ekit_countdown_timer_seconds_label_border_radious_open": {
                                    "unit": "px",
                                    "top": "0",
                                    "right": "0",
                                    "bottom": "0",
                                    "left": "0",
                                    "isLinked": "1"
                                },
                                "ekit_countdown_timer_seconds_border_radious_open": {
                                    "unit": "px",
                                    "top": "0",
                                    "right": "0",
                                    "bottom": "0",
                                    "left": "0",
                                    "isLinked": "1"
                                }
                            },
                            "elements": [],
                            "isInner": false,
                            "widgetType": "elementskit-countdown-timer",
                            "elType": "widget"
                        },
                        {
                            "id": "4375f1e",
                            "settings": {
                                "ekit_heading_title": "of{{food}}",
                                "ekit_heading_sub_title_show": "",
                                "ekit_heading_sub_title": "Time has changed",
                                "shadow_text_content": "bussiness",
                                "ekit_heading_show_seperator": "",
                                "ekit_heading_title_align": "text_center",
                                "ekit_heading_title_margin": {
                                    "unit": "px",
                                    "top": "0",
                                    "right": "0",
                                    "bottom": "0",
                                    "left": "0",
                                    "isLinked": ""
                                },
                                "ekit_heading_focused_title_secondary_spacing": {
                                    "unit": "px",
                                    "top": "0",
                                    "right": "0",
                                    "bottom": "0",
                                    "left": "0",
                                    "isLinked": ""
                                },
                                "__globals__": {
                                    "ekit_heading_title_color": "globals\/colors?id=primary",
                                    "ekit_heading_title_typography_typography": "globals\/typography?id=primary",
                                    "ekit_heading_focused_title_color": "globals\/colors?id=a9e1e76",
                                    "ekit_heading_focused_title_typography_typography": "globals\/typography?id=primary"
                                },
                                "_animation": "fadeInUp",
                                "ekit_heading_title_typography_line_height": {
                                    "unit": "em",
                                    "size": "",
                                    "sizes": []
                                },
                                "ekit_heading_title_typography_word_spacing": {
                                    "unit": "em",
                                    "size": "",
                                    "sizes": []
                                },
                                "ekit_heading_focused_title_typography_line_height": {
                                    "unit": "em",
                                    "size": "",
                                    "sizes": []
                                },
                                "ekit_heading_focused_title_typography_word_spacing": {
                                    "unit": "em",
                                    "size": "",
                                    "sizes": []
                                },
                                "ekit_heading_sub_title_typography_line_height": {
                                    "unit": "em",
                                    "size": "",
                                    "sizes": []
                                },
                                "ekit_heading_sub_title_typography_word_spacing": {
                                    "unit": "em",
                                    "size": "",
                                    "sizes": []
                                },
                                "ekit_heading_extra_title_typography_line_height": {
                                    "unit": "em",
                                    "size": "",
                                    "sizes": []
                                },
                                "ekit_heading_extra_title_typography_word_spacing": {
                                    "unit": "em",
                                    "size": "",
                                    "sizes": []
                                },
                                "shadow_text_typography_line_height": {
                                    "unit": "em",
                                    "size": "",
                                    "sizes": []
                                },
                                "shadow_text_typography_word_spacing": {
                                    "unit": "em",
                                    "size": "",
                                    "sizes": []
                                }
                            },
                            "elements": [],
                            "isInner": false,
                            "widgetType": "elementskit-heading",
                            "elType": "widget"
                        },
                        {
                            "id": "65219552",
                            "settings": {
                                "title": "We'are launching our ",
                                "align": "center",
                                "_animation": "fadeInUp",
                                "__globals__": {
                                    "typography_typography": "globals\/typography?id=secondary",
                                    "title_color": "globals\/colors?id=a9e1e76"
                                }
                            },
                            "elements": [],
                            "isInner": false,
                            "widgetType": "heading",
                            "elType": "widget"
                        },
                        {
                            "id": "42d2692d",
                            "settings": {
                                "title": "New Website",
                                "align": "center",
                                "_animation": "fadeInUp",
                                "__globals__": {
                                    "typography_typography": "globals\/typography?id=8a599b3",
                                    "title_color": "globals\/colors?id=a9e1e76"
                                }
                            },
                            "elements": [],
                            "isInner": false,
                            "widgetType": "heading",
                            "elType": "widget"
                        },
                        {
                            "id": "54e22530",
                            "settings": {
                                "editor": "We're coming soon! Awesome template to present your future product or service.\nWe're working hard to give you the best experience!\n",
                                "align": "center",
                                "_padding": {
                                    "unit": "px",
                                    "top": "0",
                                    "right": "220",
                                    "bottom": "0",
                                    "left": "220",
                                    "isLinked": ""
                                },
                                "_padding_mobile": {
                                    "unit": "px",
                                    "top": "0",
                                    "right": "0",
                                    "bottom": "0",
                                    "left": "0",
                                    "isLinked": ""
                                },
                                "_animation": "fadeInUp",
                                "__globals__": {
                                    "text_color": "globals\/colors?id=a9e1e76",
                                    "typography_typography": "globals\/typography?id=text"
                                }
                            },
                            "elements": [],
                            "isInner": false,
                            "widgetType": "text-editor",
                            "elType": "widget"
                        },
                        {
                            "id": "342a60f5",
                            "settings": {
                                "selected_icon": {
                                    "value": "icon icon-download-arrow",
                                    "library": "ekiticons"
                                },
                                "size": {
                                    "unit": "px",
                                    "size": "40",
                                    "sizes": []
                                },
                                "_animation": "fadeInUp",
                                "__globals__": {
                                    "primary_color": "globals\/colors?id=a9e1e76",
                                    "hover_primary_color": "globals\/colors?id=primary"
                                },
                                "hover_animation": "float"
                            },
                            "elements": [],
                            "isInner": false,
                            "widgetType": "icon",
                            "elType": "widget"
                        },
                        {
                            "id": "5044c73d",
                            "settings": {
                                "buttons": [
                                    {
                                        "text": "Notify Me",
                                        "_id": "8fcb74c",
                                        "pp_icon_type": "none",
                                        "icon_text": "1",
                                        "tooltip_content": "I am a tooltip for a button",
                                        "link": {
                                            "url": "#",
                                            "is_external": "",
                                            "nofollow": "",
                                            "custom_attributes": ""
                                        },
                                        "selected_icon": {
                                            "value": "icon icon-arrow-right",
                                            "library": "ekiticons"
                                        },
                                        "icon_img": {
                                            "id": "506",
                                            "url": "https:\/\/tkpro-demo2.envalab.com\/12\/wp-content\/uploads\/sites\/13\/2022\/03\/placeholder.png"
                                        },
                                        "single_button_padding": {
                                            "unit": "px",
                                            "top": "",
                                            "right": "",
                                            "bottom": "",
                                            "left": "",
                                            "isLinked": "1"
                                        },
                                        "text_shadow_text_shadow": {
                                            "horizontal": "0",
                                            "vertical": "0",
                                            "blur": "10",
                                            "color": "rgba(0,0,0,0.3)"
                                        },
                                        "single_button_border_width": {
                                            "unit": "px",
                                            "top": "",
                                            "right": "",
                                            "bottom": "",
                                            "left": "",
                                            "isLinked": "1"
                                        },
                                        "single_button_border_radius": {
                                            "unit": "px",
                                            "top": "",
                                            "right": "",
                                            "bottom": "",
                                            "left": "",
                                            "isLinked": "1"
                                        }
                                    },
                                    {
                                        "text": "More Info",
                                        "_id": "6b696ce",
                                        "pp_icon_type": "none",
                                        "icon_text": "1",
                                        "tooltip_content": "I am a tooltip for a button",
                                        "link": {
                                            "url": "#",
                                            "is_external": "",
                                            "nofollow": "",
                                            "custom_attributes": ""
                                        },
                                        "selected_icon": {
                                            "value": "icon icon-arrow-right",
                                            "library": "ekiticons"
                                        },
                                        "icon_img": {
                                            "id": "507",
                                            "url": "https:\/\/tkpro-demo2.envalab.com\/12\/wp-content\/uploads\/sites\/13\/2022\/03\/placeholder-1.png"
                                        },
                                        "single_button_padding": {
                                            "unit": "px",
                                            "top": "",
                                            "right": "",
                                            "bottom": "",
                                            "left": "",
                                            "isLinked": "1"
                                        },
                                        "text_shadow_text_shadow": {
                                            "horizontal": "0",
                                            "vertical": "0",
                                            "blur": "10",
                                            "color": "rgba(0,0,0,0.3)"
                                        },
                                        "single_button_border_width": {
                                            "unit": "px",
                                            "top": "",
                                            "right": "",
                                            "bottom": "",
                                            "left": "",
                                            "isLinked": "1"
                                        },
                                        "single_button_border_radius": {
                                            "unit": "px",
                                            "top": "",
                                            "right": "",
                                            "bottom": "",
                                            "left": "",
                                            "isLinked": "1"
                                        }
                                    }
                                ],
                                "button_spacing": {
                                    "unit": "px",
                                    "size": "20",
                                    "sizes": []
                                },
                                "button_spacing_mobile": {
                                    "unit": "px",
                                    "size": "10",
                                    "sizes": []
                                },
                                "button_align": "center",
                                "stack_on": "mobile",
                                "button_animation": "float",
                                "icon_typography_font_family": "Open Sans Hebrew Condensed",
                                "icon_typography_font_size": {
                                    "unit": "px",
                                    "size": "72",
                                    "sizes": []
                                },
                                "icon_typography_font_size_tablet": {
                                    "unit": "px",
                                    "size": "52",
                                    "sizes": []
                                },
                                "icon_typography_font_size_mobile": {
                                    "unit": "px",
                                    "size": "42",
                                    "sizes": []
                                },
                                "icon_typography_font_weight": "700",
                                "icon_typography_text_transform": "uppercase",
                                "icon_typography_line_height_mobile": {
                                    "unit": "em",
                                    "size": "0",
                                    "sizes": []
                                },
                                "icon_typography_letter_spacing": {
                                    "unit": "px",
                                    "size": "4.2",
                                    "sizes": []
                                },
                                "_animation": "fadeInUp",
                                "__globals__": {
                                    "icon_typography_typography": "",
                                    "button_typography_typography": ""
                                },
                                "icon_position": "top",
                                "icon_spacing": {
                                    "unit": "px",
                                    "size": "4",
                                    "sizes": []
                                }
                            },
                            "elements": [],
                            "isInner": false,
                            "widgetType": "pp-buttons",
                            "elType": "widget"
                        },
                        {
                            "id": "70e44a5b",
                            "settings": {
                                "social_icon_list": [
                                    {
                                        "social_icon": {
                                            "value": "fab fa-facebook-f",
                                            "library": "fa-brands"
                                        },
                                        "_id": "3fc392b"
                                    },
                                    {
                                        "social_icon": {
                                            "value": "fab fa-twitter",
                                            "library": "fa-brands"
                                        },
                                        "_id": "f103ae0"
                                    },
                                    {
                                        "social_icon": {
                                            "value": "fab fa-youtube",
                                            "library": "fa-brands"
                                        },
                                        "_id": "af9b7ec"
                                    },
                                    {
                                        "social_icon": {
                                            "value": "fab fa-behance",
                                            "library": "fa-brands"
                                        },
                                        "_id": "200ad0b"
                                    }
                                ],
                                "icon_color": "custom",
                                "icon_primary_color": "#02010100",
                                "icon_size": {
                                    "unit": "px",
                                    "size": "18",
                                    "sizes": []
                                },
                                "icon_padding": {
                                    "unit": "em",
                                    "size": "0",
                                    "sizes": []
                                },
                                "icon_spacing": {
                                    "unit": "px",
                                    "size": "20",
                                    "sizes": []
                                },
                                "_padding": {
                                    "unit": "px",
                                    "top": "20",
                                    "right": "0",
                                    "bottom": "0",
                                    "left": "0",
                                    "isLinked": ""
                                },
                                "_padding_mobile": {
                                    "unit": "px",
                                    "top": "20",
                                    "right": "0",
                                    "bottom": "20",
                                    "left": "0",
                                    "isLinked": ""
                                },
                                "_animation": "fadeInUp",
                                "__globals__": {
                                    "icon_primary_color": "",
                                    "icon_secondary_color": "globals\/colors?id=a9e1e76",
                                    "hover_secondary_color": "globals\/colors?id=primary"
                                },
                                "hover_primary_color": "#02010100",
                                "hover_animation": "float"
                            },
                            "elements": [],
                            "isInner": false,
                            "widgetType": "social-icons",
                            "elType": "widget"
                        }
                    ],
                    "isInner": "",
                    "elType": "column"
                }
            ],
            "isInner": "",
            "elType": "section"
        }
    ],
    "page_settings": {
        "hide_title": "yes",
        "eael_ext_toc_title": "Table of Contents",
        "template": "elementor_canvas"
    }
}