{
    "version": "0.4",
    "title": "offood \u2013 Contact Section",
    "type": "section",
    "metadata": {
        "template_type": "section-contact",
        "include_in_zip": "1",
        "elementor_pro_required": null,
        "wp_page_template": "elementor_canvas"
    },
    "content": [
        {
            "id": "63480f9f",
            "settings": {
                "structure": "30",
                "padding": {
                    "unit": "px",
                    "top": "100",
                    "right": "0",
                    "bottom": "100",
                    "left": "0",
                    "isLinked": ""
                },
                "padding_tablet": {
                    "unit": "px",
                    "top": "80",
                    "right": "10",
                    "bottom": "80",
                    "left": "10",
                    "isLinked": ""
                },
                "padding_mobile": {
                    "unit": "px",
                    "top": "60",
                    "right": "10",
                    "bottom": "60",
                    "left": "10",
                    "isLinked": ""
                }
            },
            "elements": [
                {
                    "id": "1e742b98",
                    "settings": {
                        "_column_size": "33",
                        "_inline_size": ""
                    },
                    "elements": [
                        {
                            "id": "7d5a522f",
                            "settings": {
                                "background_background": "classic",
                                "border_hover_width": {
                                    "unit": "px",
                                    "top": "4",
                                    "right": "0",
                                    "bottom": "0",
                                    "left": "4",
                                    "isLinked": ""
                                },
                                "padding": {
                                    "unit": "px",
                                    "top": "50",
                                    "right": "50",
                                    "bottom": "50",
                                    "left": "50",
                                    "isLinked": "1"
                                },
                                "padding_tablet": {
                                    "unit": "px",
                                    "top": "40",
                                    "right": "20",
                                    "bottom": "40",
                                    "left": "20",
                                    "isLinked": ""
                                },
                                "animation": "fadeInUp",
                                "__globals__": {
                                    "background_color": "globals\/colors?id=d68a692",
                                    "border_hover_color": "globals\/colors?id=primary"
                                }
                            },
                            "elements": [
                                {
                                    "id": "69782489",
                                    "settings": {
                                        "_column_size": "100",
                                        "_inline_size": ""
                                    },
                                    "elements": [
                                        {
                                            "id": "302795b4",
                                            "settings": {
                                                "selected_icon": {
                                                    "value": "fas fa-map-marked-alt",
                                                    "library": "fa-solid"
                                                },
                                                "__globals__": {
                                                    "primary_color": "globals\/colors?id=primary"
                                                }
                                            },
                                            "elements": [],
                                            "isInner": false,
                                            "widgetType": "icon",
                                            "elType": "widget"
                                        },
                                        {
                                            "id": "2192bb27",
                                            "settings": {
                                                "title": "Main Location",
                                                "align": "center",
                                                "__globals__": {
                                                    "title_color": "globals\/colors?id=secondary",
                                                    "typography_typography": "globals\/typography?id=8a599b3"
                                                }
                                            },
                                            "elements": [],
                                            "isInner": false,
                                            "widgetType": "heading",
                                            "elType": "widget"
                                        },
                                        {
                                            "id": "71f0ca49",
                                            "settings": {
                                                "editor": "55 Main Street, 2nd Block, 3rd Floor, New York",
                                                "align": "center",
                                                "__globals__": {
                                                    "text_color": "globals\/colors?id=text",
                                                    "typography_typography": "globals\/typography?id=accent"
                                                }
                                            },
                                            "elements": [],
                                            "isInner": false,
                                            "widgetType": "text-editor",
                                            "elType": "widget"
                                        },
                                        {
                                            "id": "5f84aa9",
                                            "settings": {
                                                "style": "dashed",
                                                "text": "Divider",
                                                "gap": {
                                                    "unit": "px",
                                                    "size": "10",
                                                    "sizes": []
                                                },
                                                "__globals__": {
                                                    "color": "globals\/colors?id=primary"
                                                }
                                            },
                                            "elements": [],
                                            "isInner": false,
                                            "widgetType": "divider",
                                            "elType": "widget"
                                        },
                                        {
                                            "id": "7816e7d8",
                                            "settings": {
                                                "editor": "55 Main Street, 2nd Block, 3rd Floor, New York",
                                                "align": "center",
                                                "__globals__": {
                                                    "text_color": "globals\/colors?id=text",
                                                    "typography_typography": "globals\/typography?id=accent"
                                                }
                                            },
                                            "elements": [],
                                            "isInner": false,
                                            "widgetType": "text-editor",
                                            "elType": "widget"
                                        }
                                    ],
                                    "isInner": "1",
                                    "elType": "column"
                                }
                            ],
                            "isInner": "1",
                            "elType": "section"
                        }
                    ],
                    "isInner": "",
                    "elType": "column"
                },
                {
                    "id": "5d96bbfd",
                    "settings": {
                        "_column_size": "33",
                        "_inline_size": ""
                    },
                    "elements": [
                        {
                            "id": "f2d0464",
                            "settings": {
                                "background_background": "classic",
                                "border_border": "solid",
                                "border_width": {
                                    "unit": "px",
                                    "top": "4",
                                    "right": "0",
                                    "bottom": "0",
                                    "left": "4",
                                    "isLinked": ""
                                },
                                "border_hover_border": "solid",
                                "border_hover_width": {
                                    "unit": "px",
                                    "top": "4",
                                    "right": "0",
                                    "bottom": "0",
                                    "left": "4",
                                    "isLinked": ""
                                },
                                "padding": {
                                    "unit": "px",
                                    "top": "50",
                                    "right": "50",
                                    "bottom": "50",
                                    "left": "50",
                                    "isLinked": "1"
                                },
                                "padding_tablet": {
                                    "unit": "px",
                                    "top": "40",
                                    "right": "20",
                                    "bottom": "40",
                                    "left": "20",
                                    "isLinked": ""
                                },
                                "animation": "fadeInUp",
                                "__globals__": {
                                    "background_color": "globals\/colors?id=d68a692",
                                    "border_hover_color": "globals\/colors?id=primary",
                                    "border_color": "globals\/colors?id=primary"
                                }
                            },
                            "elements": [
                                {
                                    "id": "17108f29",
                                    "settings": {
                                        "_column_size": "100",
                                        "_inline_size": ""
                                    },
                                    "elements": [
                                        {
                                            "id": "470a0f6a",
                                            "settings": {
                                                "selected_icon": {
                                                    "value": "icon icon-envelope",
                                                    "library": "ekiticons"
                                                },
                                                "size": {
                                                    "unit": "px",
                                                    "size": "40",
                                                    "sizes": []
                                                },
                                                "__globals__": {
                                                    "primary_color": "globals\/colors?id=primary"
                                                }
                                            },
                                            "elements": [],
                                            "isInner": false,
                                            "widgetType": "icon",
                                            "elType": "widget"
                                        },
                                        {
                                            "id": "3faa5d11",
                                            "settings": {
                                                "title": "Email Address",
                                                "align": "center",
                                                "__globals__": {
                                                    "title_color": "globals\/colors?id=secondary",
                                                    "typography_typography": "globals\/typography?id=8a599b3"
                                                }
                                            },
                                            "elements": [],
                                            "isInner": false,
                                            "widgetType": "heading",
                                            "elType": "widget"
                                        },
                                        {
                                            "id": "4bf683aa",
                                            "settings": {
                                                "editor": "supportkaffen@gmail.com\nwww.kaffeninfo.net",
                                                "align": "center",
                                                "__globals__": {
                                                    "text_color": "globals\/colors?id=text",
                                                    "typography_typography": "globals\/typography?id=accent"
                                                }
                                            },
                                            "elements": [],
                                            "isInner": false,
                                            "widgetType": "text-editor",
                                            "elType": "widget"
                                        },
                                        {
                                            "id": "5bf842d9",
                                            "settings": {
                                                "style": "dashed",
                                                "text": "Divider",
                                                "gap": {
                                                    "unit": "px",
                                                    "size": "10",
                                                    "sizes": []
                                                },
                                                "__globals__": {
                                                    "color": "globals\/colors?id=primary"
                                                }
                                            },
                                            "elements": [],
                                            "isInner": false,
                                            "widgetType": "divider",
                                            "elType": "widget"
                                        },
                                        {
                                            "id": "62fdce6f",
                                            "settings": {
                                                "editor": "supportkaffen@gmail.com\nwww.kaffeninfo.net",
                                                "align": "center",
                                                "__globals__": {
                                                    "text_color": "globals\/colors?id=text",
                                                    "typography_typography": "globals\/typography?id=accent"
                                                }
                                            },
                                            "elements": [],
                                            "isInner": false,
                                            "widgetType": "text-editor",
                                            "elType": "widget"
                                        }
                                    ],
                                    "isInner": "1",
                                    "elType": "column"
                                }
                            ],
                            "isInner": "1",
                            "elType": "section"
                        }
                    ],
                    "isInner": "",
                    "elType": "column"
                },
                {
                    "id": "7607de2b",
                    "settings": {
                        "_column_size": "33",
                        "_inline_size": ""
                    },
                    "elements": [
                        {
                            "id": "74e7dc86",
                            "settings": {
                                "background_background": "classic",
                                "border_hover_width": {
                                    "unit": "px",
                                    "top": "4",
                                    "right": "0",
                                    "bottom": "0",
                                    "left": "4",
                                    "isLinked": ""
                                },
                                "padding": {
                                    "unit": "px",
                                    "top": "50",
                                    "right": "50",
                                    "bottom": "70",
                                    "left": "50",
                                    "isLinked": ""
                                },
                                "padding_tablet": {
                                    "unit": "px",
                                    "top": "40",
                                    "right": "20",
                                    "bottom": "40",
                                    "left": "20",
                                    "isLinked": ""
                                },
                                "animation": "fadeInUp",
                                "__globals__": {
                                    "background_color": "globals\/colors?id=d68a692",
                                    "border_hover_color": "globals\/colors?id=primary"
                                }
                            },
                            "elements": [
                                {
                                    "id": "58d53410",
                                    "settings": {
                                        "_column_size": "100",
                                        "_inline_size": ""
                                    },
                                    "elements": [
                                        {
                                            "id": "73d67548",
                                            "settings": {
                                                "selected_icon": {
                                                    "value": "fas fa-phone-alt",
                                                    "library": "fa-solid"
                                                },
                                                "size": {
                                                    "unit": "px",
                                                    "size": "40",
                                                    "sizes": []
                                                },
                                                "__globals__": {
                                                    "primary_color": "globals\/colors?id=primary"
                                                }
                                            },
                                            "elements": [],
                                            "isInner": false,
                                            "widgetType": "icon",
                                            "elType": "widget"
                                        },
                                        {
                                            "id": "220a95d2",
                                            "settings": {
                                                "title": "Phone Number",
                                                "align": "center",
                                                "__globals__": {
                                                    "title_color": "globals\/colors?id=secondary",
                                                    "typography_typography": "globals\/typography?id=8a599b3"
                                                }
                                            },
                                            "elements": [],
                                            "isInner": false,
                                            "widgetType": "heading",
                                            "elType": "widget"
                                        },
                                        {
                                            "id": "11d54db",
                                            "settings": {
                                                "editor": "<p>+012 (345) 678 99<\/p>",
                                                "align": "center",
                                                "__globals__": {
                                                    "text_color": "globals\/colors?id=text",
                                                    "typography_typography": "globals\/typography?id=accent"
                                                }
                                            },
                                            "elements": [],
                                            "isInner": false,
                                            "widgetType": "text-editor",
                                            "elType": "widget"
                                        },
                                        {
                                            "id": "460224b1",
                                            "settings": {
                                                "style": "dashed",
                                                "text": "Divider",
                                                "gap": {
                                                    "unit": "px",
                                                    "size": "10",
                                                    "sizes": []
                                                },
                                                "__globals__": {
                                                    "color": "globals\/colors?id=primary"
                                                }
                                            },
                                            "elements": [],
                                            "isInner": false,
                                            "widgetType": "divider",
                                            "elType": "widget"
                                        },
                                        {
                                            "id": "519da768",
                                            "settings": {
                                                "editor": "<p>+012 (345) 678 99<\/p>",
                                                "align": "center",
                                                "__globals__": {
                                                    "text_color": "globals\/colors?id=text",
                                                    "typography_typography": "globals\/typography?id=accent"
                                                }
                                            },
                                            "elements": [],
                                            "isInner": false,
                                            "widgetType": "text-editor",
                                            "elType": "widget"
                                        }
                                    ],
                                    "isInner": "1",
                                    "elType": "column"
                                }
                            ],
                            "isInner": "1",
                            "elType": "section"
                        }
                    ],
                    "isInner": "",
                    "elType": "column"
                }
            ],
            "isInner": "",
            "elType": "section"
        }
    ],
    "page_settings": {
        "hide_title": "yes",
        "eael_ext_toc_title": "Table of Contents",
        "template": "elementor_canvas"
    }
}