{
    "version": "0.4",
    "title": "offood \u2013 Error 404 Template",
    "type": "error-404",
    "metadata": {
        "template_type": "single-404",
        "include_in_zip": "1",
        "elementor_pro_required": "1",
        "elementor_library_type": "error-404",
        "elementor_pro_conditions": [
            "include\/singular\/not_found404"
        ],
        "additional_template_information": [
            "This is a \"Error 404\" template for Elementor Pro.",
            "This template will display on: 404 Page."
        ],
        "wp_page_template": "default"
    },
    "content": [
        {
            "id": "5a88eb96",
            "settings": {
                "background_background": "classic",
                "background_image": {
                    "id": "77",
                    "url": "https:\/\/tkpro-demo2.envalab.com\/12\/wp-content\/uploads\/sites\/13\/2022\/02\/food-blogger-cooking-online-2021-08-29-15-20-01-utc.jpg",
                    "alt": "",
                    "source": "library"
                },
                "background_position": "center center",
                "background_repeat": "no-repeat",
                "background_size": "cover",
                "background_overlay_background": "classic",
                "padding": {
                    "unit": "px",
                    "top": "100",
                    "right": "0",
                    "bottom": "100",
                    "left": "0",
                    "isLinked": ""
                },
                "__globals__": {
                    "background_overlay_color": "globals\/colors?id=secondary"
                },
                "padding_tablet": {
                    "unit": "px",
                    "top": "80",
                    "right": "10",
                    "bottom": "80",
                    "left": "10",
                    "isLinked": ""
                },
                "padding_mobile": {
                    "unit": "px",
                    "top": "60",
                    "right": "10",
                    "bottom": "60",
                    "left": "10",
                    "isLinked": ""
                },
                "jkit_glass_blur_level": {
                    "unit": "px",
                    "size": "",
                    "sizes": []
                },
                "jkit_glass_blur_level_tablet": {
                    "unit": "px",
                    "size": "",
                    "sizes": []
                },
                "jkit_glass_blur_level_mobile": {
                    "unit": "px",
                    "size": "",
                    "sizes": []
                },
                "jkit_sticky_section": "",
                "jkit_sticky_trigger": "down",
                "jkit_sticky_position": "sticky",
                "jkit_sticky_top_position": {
                    "unit": "px",
                    "size": "0",
                    "sizes": []
                },
                "jkit_sticky_bottom_position": {
                    "unit": "px",
                    "size": "0",
                    "sizes": []
                },
                "jkit_sticky_background_color": "",
                "jkit_sticky_transition": {
                    "unit": "px",
                    "size": "0.1",
                    "sizes": []
                },
                "jkit_sticky_zindex": "100",
                "jkit_sticky_shadow_box_shadow_type": "",
                "jkit_sticky_shadow_box_shadow": {
                    "horizontal": "0",
                    "vertical": "0",
                    "blur": "10",
                    "spread": "0",
                    "color": "rgba(0,0,0,0.5)"
                },
                "jkit_sticky_shadow_box_shadow_position": " "
            },
            "elements": [
                {
                    "id": "941a609",
                    "settings": {
                        "_column_size": "100",
                        "jkit_glass_blur_level": {
                            "unit": "px",
                            "size": "",
                            "sizes": []
                        },
                        "jkit_glass_blur_level_tablet": {
                            "unit": "px",
                            "size": "",
                            "sizes": []
                        },
                        "jkit_glass_blur_level_mobile": {
                            "unit": "px",
                            "size": "",
                            "sizes": []
                        },
                        "jkit_sticky_section": "",
                        "jkit_sticky_trigger": "down",
                        "jkit_sticky_top_position": {
                            "unit": "px",
                            "size": "0",
                            "sizes": []
                        },
                        "jkit_sticky_bottom_position": {
                            "unit": "px",
                            "size": "0",
                            "sizes": []
                        },
                        "jkit_sticky_zindex": "100"
                    },
                    "elements": [
                        {
                            "id": "dd019e9",
                            "settings": {
                                "title": "404\n",
                                "align": "left",
                                "__globals__": {
                                    "title_color": "globals\/colors?id=primary",
                                    "typography_typography": "globals\/typography?id=799c4be"
                                },
                                "_animation": "fadeInUp",
                                "jkit_transform_rotate": {
                                    "unit": "px",
                                    "size": "",
                                    "sizes": []
                                },
                                "jkit_transform_rotate_tablet": {
                                    "unit": "px",
                                    "size": "",
                                    "sizes": []
                                },
                                "jkit_transform_rotate_mobile": {
                                    "unit": "px",
                                    "size": "",
                                    "sizes": []
                                },
                                "jkit_glass_blur_level": {
                                    "unit": "px",
                                    "size": "",
                                    "sizes": []
                                },
                                "jkit_glass_blur_level_tablet": {
                                    "unit": "px",
                                    "size": "",
                                    "sizes": []
                                },
                                "jkit_glass_blur_level_mobile": {
                                    "unit": "px",
                                    "size": "",
                                    "sizes": []
                                },
                                "title_color": "#F49C14"
                            },
                            "elements": [],
                            "isInner": false,
                            "widgetType": "heading",
                            "elType": "widget"
                        },
                        {
                            "id": "9f0b9dd",
                            "settings": {
                                "title": "Page Not Found\n\n",
                                "align": "left",
                                "__globals__": {
                                    "title_color": "globals\/colors?id=a9e1e76",
                                    "typography_typography": "globals\/typography?id=secondary"
                                },
                                "_animation": "fadeInUp",
                                "jkit_transform_rotate": {
                                    "unit": "px",
                                    "size": "",
                                    "sizes": []
                                },
                                "jkit_transform_rotate_tablet": {
                                    "unit": "px",
                                    "size": "",
                                    "sizes": []
                                },
                                "jkit_transform_rotate_mobile": {
                                    "unit": "px",
                                    "size": "",
                                    "sizes": []
                                },
                                "jkit_glass_blur_level": {
                                    "unit": "px",
                                    "size": "",
                                    "sizes": []
                                },
                                "jkit_glass_blur_level_tablet": {
                                    "unit": "px",
                                    "size": "",
                                    "sizes": []
                                },
                                "jkit_glass_blur_level_mobile": {
                                    "unit": "px",
                                    "size": "",
                                    "sizes": []
                                }
                            },
                            "elements": [],
                            "isInner": false,
                            "widgetType": "heading",
                            "elType": "widget"
                        },
                        {
                            "id": "6d4c43a0",
                            "settings": {
                                "editor": "The page you are looking for might have been removed had its name changed or is temporarily unavailable\n",
                                "align": "left",
                                "_padding": {
                                    "unit": "%",
                                    "top": "0",
                                    "right": "61",
                                    "bottom": "0",
                                    "left": "0",
                                    "isLinked": ""
                                },
                                "__globals__": {
                                    "text_color": "globals\/colors?id=a9e1e76",
                                    "typography_typography": "globals\/typography?id=text"
                                },
                                "_padding_tablet": {
                                    "unit": "%",
                                    "top": "0",
                                    "right": "40",
                                    "bottom": "0",
                                    "left": "0",
                                    "isLinked": ""
                                },
                                "_padding_mobile": {
                                    "unit": "px",
                                    "top": "0",
                                    "right": "0",
                                    "bottom": "0",
                                    "left": "0",
                                    "isLinked": ""
                                },
                                "_animation": "fadeInUp",
                                "jkit_transform_rotate": {
                                    "unit": "px",
                                    "size": "",
                                    "sizes": []
                                },
                                "jkit_transform_rotate_tablet": {
                                    "unit": "px",
                                    "size": "",
                                    "sizes": []
                                },
                                "jkit_transform_rotate_mobile": {
                                    "unit": "px",
                                    "size": "",
                                    "sizes": []
                                },
                                "jkit_glass_blur_level": {
                                    "unit": "px",
                                    "size": "",
                                    "sizes": []
                                },
                                "jkit_glass_blur_level_tablet": {
                                    "unit": "px",
                                    "size": "",
                                    "sizes": []
                                },
                                "jkit_glass_blur_level_mobile": {
                                    "unit": "px",
                                    "size": "",
                                    "sizes": []
                                }
                            },
                            "elements": [],
                            "isInner": false,
                            "widgetType": "text-editor",
                            "elType": "widget"
                        },
                        {
                            "id": "256da1b6",
                            "settings": {
                                "text": "Back To Home",
                                "align": "left",
                                "selected_icon": {
                                    "value": "fas fa-arrow-left",
                                    "library": "fa-solid"
                                },
                                "icon_indent": {
                                    "unit": "px",
                                    "size": "10",
                                    "sizes": []
                                },
                                "hover_animation": "grow",
                                "_animation": "fadeInUp",
                                "__globals__": {
                                    "background_color": "globals\/colors?id=primary",
                                    "button_text_color": "globals\/colors?id=d6c0f92"
                                },
                                "jkit_transform_rotate": {
                                    "unit": "px",
                                    "size": "",
                                    "sizes": []
                                },
                                "jkit_transform_rotate_tablet": {
                                    "unit": "px",
                                    "size": "",
                                    "sizes": []
                                },
                                "jkit_transform_rotate_mobile": {
                                    "unit": "px",
                                    "size": "",
                                    "sizes": []
                                },
                                "jkit_glass_blur_level": {
                                    "unit": "px",
                                    "size": "",
                                    "sizes": []
                                },
                                "jkit_glass_blur_level_tablet": {
                                    "unit": "px",
                                    "size": "",
                                    "sizes": []
                                },
                                "jkit_glass_blur_level_mobile": {
                                    "unit": "px",
                                    "size": "",
                                    "sizes": []
                                }
                            },
                            "elements": [],
                            "isInner": false,
                            "widgetType": "button",
                            "elType": "widget"
                        }
                    ],
                    "isInner": "",
                    "elType": "column"
                }
            ],
            "isInner": "",
            "elType": "section"
        }
    ],
    "page_settings": {
        "page_template": "elementor_header_footer"
    }
}