{
    "version": "0.4",
    "title": "offood \u2013 Contact Us Page",
    "type": "page",
    "metadata": {
        "template_type": "single-page",
        "include_in_zip": "1",
        "elementor_pro_required": "1",
        "wp_page_template": "elementor_header_footer"
    },
    "content": [
        {
            "id": "c6ef068",
            "settings": {
                "height": "min-height",
                "background_background": "classic",
                "background_image": {
                    "id": "281",
                    "url": "https:\/\/tkpro-demo2.envalab.com\/12\/wp-content\/uploads\/sites\/13\/2022\/02\/food-blogger-cooking-online-2021-08-29-15-20-01-utc-1.jpg",
                    "alt": "",
                    "source": "library"
                },
                "background_position": "center center",
                "background_repeat": "no-repeat",
                "background_size": "cover",
                "background_overlay_background": "classic",
                "__globals__": {
                    "background_overlay_color": "globals\/colors?id=secondary"
                },
                "custom_height_tablet": {
                    "unit": "px",
                    "size": "350",
                    "sizes": []
                },
                "custom_height_mobile": {
                    "unit": "px",
                    "size": "300",
                    "sizes": []
                }
            },
            "elements": [
                {
                    "id": "28b028e",
                    "settings": {
                        "_column_size": "100",
                        "align": "center"
                    },
                    "elements": [
                        {
                            "id": "7bfd1f33",
                            "settings": {
                                "title": "Contact Us\n",
                                "header_size": "h1",
                                "align": "center",
                                "__globals__": {
                                    "title_color": "globals\/colors?id=a9e1e76",
                                    "typography_typography": "globals\/typography?id=primary"
                                },
                                "_animation": "fadeInUp"
                            },
                            "elements": [],
                            "isInner": false,
                            "widgetType": "heading",
                            "elType": "widget"
                        },
                        {
                            "id": "2196661d",
                            "settings": {
                                "view": "inline",
                                "icon_list": [
                                    {
                                        "text": "Home",
                                        "selected_icon": {
                                            "value": "",
                                            "library": ""
                                        },
                                        "_id": "62a7511",
                                        "link": {
                                            "url": "#",
                                            "is_external": "",
                                            "nofollow": "",
                                            "custom_attributes": ""
                                        }
                                    },
                                    {
                                        "text": "Contact Us",
                                        "selected_icon": {
                                            "value": "fas fa-angle-right",
                                            "library": "fa-solid"
                                        },
                                        "_id": "cbd4785"
                                    }
                                ],
                                "space_between": {
                                    "unit": "px",
                                    "size": "10",
                                    "sizes": []
                                },
                                "icon_align": "center",
                                "icon_size": {
                                    "unit": "px",
                                    "size": "16",
                                    "sizes": []
                                },
                                "__globals__": {
                                    "text_color": "globals\/colors?id=a9e1e76",
                                    "icon_typography_typography": "globals\/typography?id=text",
                                    "text_color_hover": "globals\/colors?id=accent",
                                    "icon_color": "globals\/colors?id=primary",
                                    "icon_color_hover": "globals\/colors?id=primary"
                                },
                                "_animation": "fadeInUp",
                                "text_indent": {
                                    "unit": "px",
                                    "size": "10",
                                    "sizes": []
                                }
                            },
                            "elements": [],
                            "isInner": false,
                            "widgetType": "icon-list",
                            "elType": "widget"
                        },
                        {
                            "id": "57ecf4b7",
                            "settings": {
                                "divider_direction": "vertical",
                                "divider_text": "Divider Text",
                                "divider_style": "solid",
                                "vertical_height": {
                                    "unit": "px",
                                    "size": "60",
                                    "sizes": []
                                },
                                "vertical_width": {
                                    "unit": "px",
                                    "size": "1",
                                    "sizes": []
                                },
                                "_animation": "fadeInUp",
                                "_element_width": "auto",
                                "_position": "absolute",
                                "_offset_x": {
                                    "unit": "%",
                                    "size": "50",
                                    "sizes": []
                                },
                                "_offset_x_tablet": {
                                    "unit": "%",
                                    "size": "",
                                    "sizes": []
                                },
                                "_offset_x_mobile": {
                                    "unit": "%",
                                    "size": "",
                                    "sizes": []
                                },
                                "_offset_y": {
                                    "unit": "%",
                                    "size": "130",
                                    "sizes": []
                                },
                                "_offset_y_tablet": {
                                    "unit": "%",
                                    "size": "",
                                    "sizes": []
                                },
                                "_offset_y_mobile": {
                                    "unit": "%",
                                    "size": "115",
                                    "sizes": []
                                },
                                "__globals__": {
                                    "divider_border_color": "globals\/colors?id=a9e1e76"
                                }
                            },
                            "elements": [],
                            "isInner": false,
                            "widgetType": "pp-divider",
                            "elType": "widget"
                        }
                    ],
                    "isInner": "",
                    "elType": "column"
                }
            ],
            "isInner": "",
            "elType": "section"
        },
        {
            "id": "5ef73f27",
            "settings": {
                "structure": "30",
                "padding": {
                    "unit": "px",
                    "top": "100",
                    "right": "0",
                    "bottom": "100",
                    "left": "0",
                    "isLinked": ""
                },
                "padding_tablet": {
                    "unit": "px",
                    "top": "80",
                    "right": "10",
                    "bottom": "80",
                    "left": "10",
                    "isLinked": ""
                },
                "padding_mobile": {
                    "unit": "px",
                    "top": "60",
                    "right": "10",
                    "bottom": "60",
                    "left": "10",
                    "isLinked": ""
                }
            },
            "elements": [
                {
                    "id": "47f61683",
                    "settings": {
                        "_column_size": "33",
                        "_inline_size": ""
                    },
                    "elements": [
                        {
                            "id": "de4317d",
                            "settings": {
                                "background_background": "classic",
                                "border_hover_width": {
                                    "unit": "px",
                                    "top": "4",
                                    "right": "0",
                                    "bottom": "0",
                                    "left": "4",
                                    "isLinked": ""
                                },
                                "padding": {
                                    "unit": "px",
                                    "top": "50",
                                    "right": "50",
                                    "bottom": "50",
                                    "left": "50",
                                    "isLinked": "1"
                                },
                                "padding_tablet": {
                                    "unit": "px",
                                    "top": "40",
                                    "right": "20",
                                    "bottom": "40",
                                    "left": "20",
                                    "isLinked": ""
                                },
                                "animation": "fadeInUp",
                                "__globals__": {
                                    "background_color": "globals\/colors?id=d68a692",
                                    "border_hover_color": "globals\/colors?id=primary"
                                }
                            },
                            "elements": [
                                {
                                    "id": "a35bb0a",
                                    "settings": {
                                        "_column_size": "100",
                                        "_inline_size": ""
                                    },
                                    "elements": [
                                        {
                                            "id": "7bf70bee",
                                            "settings": {
                                                "selected_icon": {
                                                    "value": "fas fa-map-marked-alt",
                                                    "library": "fa-solid"
                                                },
                                                "__globals__": {
                                                    "primary_color": "globals\/colors?id=primary"
                                                }
                                            },
                                            "elements": [],
                                            "isInner": false,
                                            "widgetType": "icon",
                                            "elType": "widget"
                                        },
                                        {
                                            "id": "6d07a637",
                                            "settings": {
                                                "title": "Main Location",
                                                "align": "center",
                                                "__globals__": {
                                                    "title_color": "globals\/colors?id=secondary",
                                                    "typography_typography": "globals\/typography?id=8a599b3"
                                                }
                                            },
                                            "elements": [],
                                            "isInner": false,
                                            "widgetType": "heading",
                                            "elType": "widget"
                                        },
                                        {
                                            "id": "4d934442",
                                            "settings": {
                                                "editor": "55 Main Street, 2nd Block, 3rd Floor, New York",
                                                "align": "center",
                                                "__globals__": {
                                                    "text_color": "globals\/colors?id=text",
                                                    "typography_typography": "globals\/typography?id=accent"
                                                }
                                            },
                                            "elements": [],
                                            "isInner": false,
                                            "widgetType": "text-editor",
                                            "elType": "widget"
                                        },
                                        {
                                            "id": "883cee6",
                                            "settings": {
                                                "style": "dashed",
                                                "text": "Divider",
                                                "gap": {
                                                    "unit": "px",
                                                    "size": "10",
                                                    "sizes": []
                                                },
                                                "__globals__": {
                                                    "color": "globals\/colors?id=primary"
                                                }
                                            },
                                            "elements": [],
                                            "isInner": false,
                                            "widgetType": "divider",
                                            "elType": "widget"
                                        },
                                        {
                                            "id": "52abc9cd",
                                            "settings": {
                                                "editor": "55 Main Street, 2nd Block, 3rd Floor, New York",
                                                "align": "center",
                                                "__globals__": {
                                                    "text_color": "globals\/colors?id=text",
                                                    "typography_typography": "globals\/typography?id=accent"
                                                }
                                            },
                                            "elements": [],
                                            "isInner": false,
                                            "widgetType": "text-editor",
                                            "elType": "widget"
                                        }
                                    ],
                                    "isInner": "1",
                                    "elType": "column"
                                }
                            ],
                            "isInner": "1",
                            "elType": "section"
                        }
                    ],
                    "isInner": "",
                    "elType": "column"
                },
                {
                    "id": "60cd766d",
                    "settings": {
                        "_column_size": "33",
                        "_inline_size": ""
                    },
                    "elements": [
                        {
                            "id": "73481808",
                            "settings": {
                                "background_background": "classic",
                                "border_border": "solid",
                                "border_width": {
                                    "unit": "px",
                                    "top": "4",
                                    "right": "0",
                                    "bottom": "0",
                                    "left": "4",
                                    "isLinked": ""
                                },
                                "border_hover_border": "solid",
                                "border_hover_width": {
                                    "unit": "px",
                                    "top": "4",
                                    "right": "0",
                                    "bottom": "0",
                                    "left": "4",
                                    "isLinked": ""
                                },
                                "padding": {
                                    "unit": "px",
                                    "top": "50",
                                    "right": "50",
                                    "bottom": "50",
                                    "left": "50",
                                    "isLinked": "1"
                                },
                                "padding_tablet": {
                                    "unit": "px",
                                    "top": "40",
                                    "right": "20",
                                    "bottom": "40",
                                    "left": "20",
                                    "isLinked": ""
                                },
                                "animation": "fadeInUp",
                                "__globals__": {
                                    "background_color": "globals\/colors?id=d68a692",
                                    "border_hover_color": "globals\/colors?id=primary",
                                    "border_color": "globals\/colors?id=primary"
                                }
                            },
                            "elements": [
                                {
                                    "id": "e7246c0",
                                    "settings": {
                                        "_column_size": "100",
                                        "_inline_size": ""
                                    },
                                    "elements": [
                                        {
                                            "id": "60ae065f",
                                            "settings": {
                                                "selected_icon": {
                                                    "value": "icon icon-envelope",
                                                    "library": "ekiticons"
                                                },
                                                "size": {
                                                    "unit": "px",
                                                    "size": "40",
                                                    "sizes": []
                                                },
                                                "__globals__": {
                                                    "primary_color": "globals\/colors?id=primary"
                                                }
                                            },
                                            "elements": [],
                                            "isInner": false,
                                            "widgetType": "icon",
                                            "elType": "widget"
                                        },
                                        {
                                            "id": "5955502a",
                                            "settings": {
                                                "title": "Email Address",
                                                "align": "center",
                                                "__globals__": {
                                                    "title_color": "globals\/colors?id=secondary",
                                                    "typography_typography": "globals\/typography?id=8a599b3"
                                                }
                                            },
                                            "elements": [],
                                            "isInner": false,
                                            "widgetType": "heading",
                                            "elType": "widget"
                                        },
                                        {
                                            "id": "48f8e3f",
                                            "settings": {
                                                "editor": "supportkaffen@gmail.com\nwww.kaffeninfo.net",
                                                "align": "center",
                                                "__globals__": {
                                                    "text_color": "globals\/colors?id=text",
                                                    "typography_typography": "globals\/typography?id=accent"
                                                }
                                            },
                                            "elements": [],
                                            "isInner": false,
                                            "widgetType": "text-editor",
                                            "elType": "widget"
                                        },
                                        {
                                            "id": "17cd0ef5",
                                            "settings": {
                                                "style": "dashed",
                                                "text": "Divider",
                                                "gap": {
                                                    "unit": "px",
                                                    "size": "10",
                                                    "sizes": []
                                                },
                                                "__globals__": {
                                                    "color": "globals\/colors?id=primary"
                                                }
                                            },
                                            "elements": [],
                                            "isInner": false,
                                            "widgetType": "divider",
                                            "elType": "widget"
                                        },
                                        {
                                            "id": "3b844b3",
                                            "settings": {
                                                "editor": "supportkaffen@gmail.com\nwww.kaffeninfo.net",
                                                "align": "center",
                                                "__globals__": {
                                                    "text_color": "globals\/colors?id=text",
                                                    "typography_typography": "globals\/typography?id=accent"
                                                }
                                            },
                                            "elements": [],
                                            "isInner": false,
                                            "widgetType": "text-editor",
                                            "elType": "widget"
                                        }
                                    ],
                                    "isInner": "1",
                                    "elType": "column"
                                }
                            ],
                            "isInner": "1",
                            "elType": "section"
                        }
                    ],
                    "isInner": "",
                    "elType": "column"
                },
                {
                    "id": "42946bf0",
                    "settings": {
                        "_column_size": "33",
                        "_inline_size": ""
                    },
                    "elements": [
                        {
                            "id": "6f15cca5",
                            "settings": {
                                "background_background": "classic",
                                "border_hover_width": {
                                    "unit": "px",
                                    "top": "4",
                                    "right": "0",
                                    "bottom": "0",
                                    "left": "4",
                                    "isLinked": ""
                                },
                                "padding": {
                                    "unit": "px",
                                    "top": "50",
                                    "right": "50",
                                    "bottom": "70",
                                    "left": "50",
                                    "isLinked": ""
                                },
                                "padding_tablet": {
                                    "unit": "px",
                                    "top": "40",
                                    "right": "20",
                                    "bottom": "40",
                                    "left": "20",
                                    "isLinked": ""
                                },
                                "animation": "fadeInUp",
                                "__globals__": {
                                    "background_color": "globals\/colors?id=d68a692",
                                    "border_hover_color": "globals\/colors?id=primary"
                                }
                            },
                            "elements": [
                                {
                                    "id": "7a243e55",
                                    "settings": {
                                        "_column_size": "100",
                                        "_inline_size": ""
                                    },
                                    "elements": [
                                        {
                                            "id": "f7bf51a",
                                            "settings": {
                                                "selected_icon": {
                                                    "value": "fas fa-phone-alt",
                                                    "library": "fa-solid"
                                                },
                                                "size": {
                                                    "unit": "px",
                                                    "size": "40",
                                                    "sizes": []
                                                },
                                                "__globals__": {
                                                    "primary_color": "globals\/colors?id=primary"
                                                }
                                            },
                                            "elements": [],
                                            "isInner": false,
                                            "widgetType": "icon",
                                            "elType": "widget"
                                        },
                                        {
                                            "id": "4827a577",
                                            "settings": {
                                                "title": "Phone Number",
                                                "align": "center",
                                                "__globals__": {
                                                    "title_color": "globals\/colors?id=secondary",
                                                    "typography_typography": "globals\/typography?id=8a599b3"
                                                }
                                            },
                                            "elements": [],
                                            "isInner": false,
                                            "widgetType": "heading",
                                            "elType": "widget"
                                        },
                                        {
                                            "id": "5b0f5e4a",
                                            "settings": {
                                                "editor": "<p>+012 (345) 678 99<\/p>",
                                                "align": "center",
                                                "__globals__": {
                                                    "text_color": "globals\/colors?id=text",
                                                    "typography_typography": "globals\/typography?id=accent"
                                                }
                                            },
                                            "elements": [],
                                            "isInner": false,
                                            "widgetType": "text-editor",
                                            "elType": "widget"
                                        },
                                        {
                                            "id": "2d4f1a7f",
                                            "settings": {
                                                "style": "dashed",
                                                "text": "Divider",
                                                "gap": {
                                                    "unit": "px",
                                                    "size": "10",
                                                    "sizes": []
                                                },
                                                "__globals__": {
                                                    "color": "globals\/colors?id=primary"
                                                }
                                            },
                                            "elements": [],
                                            "isInner": false,
                                            "widgetType": "divider",
                                            "elType": "widget"
                                        },
                                        {
                                            "id": "eebd5d3",
                                            "settings": {
                                                "editor": "<p>+012 (345) 678 99<\/p>",
                                                "align": "center",
                                                "__globals__": {
                                                    "text_color": "globals\/colors?id=text",
                                                    "typography_typography": "globals\/typography?id=accent"
                                                }
                                            },
                                            "elements": [],
                                            "isInner": false,
                                            "widgetType": "text-editor",
                                            "elType": "widget"
                                        }
                                    ],
                                    "isInner": "1",
                                    "elType": "column"
                                }
                            ],
                            "isInner": "1",
                            "elType": "section"
                        }
                    ],
                    "isInner": "",
                    "elType": "column"
                }
            ],
            "isInner": "",
            "elType": "section"
        },
        {
            "id": "36f3f30c",
            "settings": {
                "padding_tablet": {
                    "unit": "px",
                    "top": "0",
                    "right": "10",
                    "bottom": "0",
                    "left": "10",
                    "isLinked": ""
                }
            },
            "elements": [
                {
                    "id": "2e7cf568",
                    "settings": {
                        "_column_size": "100",
                        "_inline_size": ""
                    },
                    "elements": [
                        {
                            "id": "50021e74",
                            "settings": {
                                "address": "London Eye, London, United Kingdom",
                                "height": {
                                    "unit": "px",
                                    "size": "550",
                                    "sizes": []
                                },
                                "height_tablet": {
                                    "unit": "px",
                                    "size": "450",
                                    "sizes": []
                                },
                                "height_mobile": {
                                    "unit": "px",
                                    "size": "350",
                                    "sizes": []
                                },
                                "_animation": "fadeInUp"
                            },
                            "elements": [],
                            "isInner": false,
                            "widgetType": "google_maps",
                            "elType": "widget"
                        }
                    ],
                    "isInner": "",
                    "elType": "column"
                }
            ],
            "isInner": "",
            "elType": "section"
        },
        {
            "id": "58170f1b",
            "settings": {
                "padding": {
                    "unit": "px",
                    "top": "100",
                    "right": "0",
                    "bottom": "100",
                    "left": "0",
                    "isLinked": ""
                },
                "padding_tablet": {
                    "unit": "px",
                    "top": "80",
                    "right": "20",
                    "bottom": "80",
                    "left": "20",
                    "isLinked": ""
                },
                "padding_mobile": {
                    "unit": "px",
                    "top": "60",
                    "right": "20",
                    "bottom": "60",
                    "left": "20",
                    "isLinked": ""
                }
            },
            "elements": [
                {
                    "id": "40ceb081",
                    "settings": {
                        "_column_size": "100",
                        "_inline_size": "",
                        "background_background": "classic",
                        "padding": {
                            "unit": "px",
                            "top": "60",
                            "right": "60",
                            "bottom": "60",
                            "left": "60",
                            "isLinked": "1"
                        },
                        "padding_mobile": {
                            "unit": "px",
                            "top": "40",
                            "right": "20",
                            "bottom": "40",
                            "left": "20",
                            "isLinked": ""
                        },
                        "animation": "fadeInUp",
                        "__globals__": {
                            "background_color": "globals\/colors?id=d68a692"
                        }
                    },
                    "elements": [
                        {
                            "id": "6ee7bfb",
                            "settings": {
                                "title": "Send Us Message\n",
                                "_animation": "fadeInUp",
                                "__globals__": {
                                    "title_color": "globals\/colors?id=primary",
                                    "typography_typography": "globals\/typography?id=secondary"
                                },
                                "align": "center",
                                "_padding": {
                                    "unit": "px",
                                    "top": "0",
                                    "right": "0",
                                    "bottom": "20",
                                    "left": "0",
                                    "isLinked": ""
                                }
                            },
                            "elements": [],
                            "isInner": false,
                            "widgetType": "heading",
                            "elType": "widget"
                        },
                        {
                            "id": "337ad795",
                            "settings": {
                                "form_name": "New Form",
                                "form_fields": [
                                    {
                                        "custom_id": "name",
                                        "field_label": "Name",
                                        "placeholder": "Full Name ",
                                        "width": "33",
                                        "_id": "9b79550"
                                    },
                                    {
                                        "custom_id": "email",
                                        "field_type": "email",
                                        "required": "true",
                                        "field_label": "Email",
                                        "placeholder": "Email Address ",
                                        "width": "33",
                                        "_id": "64c271b"
                                    },
                                    {
                                        "custom_id": "field_bf5a593",
                                        "field_type": "tel",
                                        "field_label": "Phone Number ",
                                        "placeholder": "Phone Number ",
                                        "width": "33",
                                        "_id": "bf5a593"
                                    },
                                    {
                                        "custom_id": "field_38bfc11",
                                        "field_label": "Website ",
                                        "placeholder": "Website ",
                                        "_id": "38bfc11"
                                    },
                                    {
                                        "custom_id": "message",
                                        "field_type": "textarea",
                                        "field_label": "Message",
                                        "placeholder": "Message",
                                        "_id": "29e379a"
                                    }
                                ],
                                "input_size": "md",
                                "show_labels": "",
                                "step_next_label": "Next",
                                "step_previous_label": "Previous",
                                "button_text": "Send us message",
                                "selected_button_icon": {
                                    "value": "icon icon-arrow-right",
                                    "library": "ekiticons"
                                },
                                "button_icon_align": "right",
                                "button_icon_indent": {
                                    "unit": "px",
                                    "size": "10",
                                    "sizes": []
                                },
                                "email_content": "[all-fields]",
                                "email_content_2": "[all-fields]",
                                "success_message": "The form was sent successfully.",
                                "error_message": "An error occurred.",
                                "required_field_message": "This field is required.",
                                "invalid_message": "There&#039;s something wrong. The form is invalid.",
                                "column_gap": {
                                    "unit": "px",
                                    "size": "20",
                                    "sizes": []
                                },
                                "row_gap": {
                                    "unit": "px",
                                    "size": "20",
                                    "sizes": []
                                },
                                "field_border_radius": {
                                    "unit": "px",
                                    "top": "0",
                                    "right": "0",
                                    "bottom": "0",
                                    "left": "0",
                                    "isLinked": "1"
                                },
                                "__globals__": {
                                    "label_color": "globals\/colors?id=text",
                                    "label_typography_typography": "globals\/typography?id=text",
                                    "field_border_color": "globals\/colors?id=a9e1e76",
                                    "field_background_color": "globals\/colors?id=a9e1e76",
                                    "field_typography_typography": "globals\/typography?id=text",
                                    "field_text_color": "globals\/colors?id=text"
                                }
                            },
                            "elements": [],
                            "isInner": false,
                            "widgetType": "form",
                            "elType": "widget"
                        }
                    ],
                    "isInner": "",
                    "elType": "column"
                }
            ],
            "isInner": "",
            "elType": "section"
        },
        {
            "id": "62187279",
            "settings": {
                "background_background": "classic",
                "padding": {
                    "unit": "px",
                    "top": "0",
                    "right": "0",
                    "bottom": "100",
                    "left": "0",
                    "isLinked": ""
                },
                "__globals__": {
                    "background_color": ""
                },
                "padding_tablet": {
                    "unit": "px",
                    "top": "0",
                    "right": "0",
                    "bottom": "80",
                    "left": "0",
                    "isLinked": ""
                },
                "padding_mobile": {
                    "unit": "px",
                    "top": "0",
                    "right": "0",
                    "bottom": "60",
                    "left": "0",
                    "isLinked": ""
                }
            },
            "elements": [
                {
                    "id": "80b3df4",
                    "settings": {
                        "_column_size": "100"
                    },
                    "elements": [
                        {
                            "id": "77a6f63b",
                            "settings": {
                                "title": "Follow me on Social Media\n\n\n",
                                "_animation": "fadeInUp",
                                "__globals__": {
                                    "title_color": "globals\/colors?id=primary",
                                    "typography_typography": "globals\/typography?id=secondary"
                                },
                                "align": "center"
                            },
                            "elements": [],
                            "isInner": false,
                            "widgetType": "heading",
                            "elType": "widget"
                        },
                        {
                            "id": "7694d1e0",
                            "settings": {
                                "structure": "60"
                            },
                            "elements": [
                                {
                                    "id": "60c9cb48",
                                    "settings": {
                                        "_column_size": "16",
                                        "_inline_size_mobile": "50"
                                    },
                                    "elements": [
                                        {
                                            "id": "4ac526a2",
                                            "settings": {
                                                "image": {
                                                    "url": "https:\/\/tkpro-demo2.envalab.com\/12\/wp-content\/uploads\/sites\/13\/2022\/02\/close-photo-of-young-food-blogger-preparing-fruit-2021-09-01-02-09-16-utc.jpg",
                                                    "id": "173",
                                                    "alt": "",
                                                    "source": "library"
                                                },
                                                "hover_animation": "float",
                                                "_animation": "fadeInUp"
                                            },
                                            "elements": [],
                                            "isInner": false,
                                            "widgetType": "image",
                                            "elType": "widget"
                                        }
                                    ],
                                    "isInner": "1",
                                    "elType": "column"
                                },
                                {
                                    "id": "5472d7e5",
                                    "settings": {
                                        "_column_size": "16",
                                        "_inline_size_mobile": "50"
                                    },
                                    "elements": [
                                        {
                                            "id": "644ee65",
                                            "settings": {
                                                "image": {
                                                    "url": "https:\/\/tkpro-demo2.envalab.com\/12\/wp-content\/uploads\/sites\/13\/2022\/02\/food-blogger-2021-09-04-08-12-10-utc.jpg",
                                                    "id": "172",
                                                    "alt": "",
                                                    "source": "library"
                                                },
                                                "hover_animation": "float",
                                                "_animation": "fadeInUp"
                                            },
                                            "elements": [],
                                            "isInner": false,
                                            "widgetType": "image",
                                            "elType": "widget"
                                        }
                                    ],
                                    "isInner": "1",
                                    "elType": "column"
                                },
                                {
                                    "id": "12118f77",
                                    "settings": {
                                        "_column_size": "16",
                                        "_inline_size_mobile": "50"
                                    },
                                    "elements": [
                                        {
                                            "id": "621444fa",
                                            "settings": {
                                                "image": {
                                                    "url": "https:\/\/tkpro-demo2.envalab.com\/12\/wp-content\/uploads\/sites\/13\/2022\/02\/food-blogger-preparing-vegetable-salad-2021-08-27-11-00-11-utc-1.jpg",
                                                    "id": "171",
                                                    "alt": "",
                                                    "source": "library"
                                                },
                                                "hover_animation": "float",
                                                "_animation": "fadeInUp"
                                            },
                                            "elements": [],
                                            "isInner": false,
                                            "widgetType": "image",
                                            "elType": "widget"
                                        }
                                    ],
                                    "isInner": "1",
                                    "elType": "column"
                                },
                                {
                                    "id": "2c21ad8",
                                    "settings": {
                                        "_column_size": "16",
                                        "_inline_size_mobile": "50"
                                    },
                                    "elements": [
                                        {
                                            "id": "4d238b4b",
                                            "settings": {
                                                "image": {
                                                    "url": "https:\/\/tkpro-demo2.envalab.com\/12\/wp-content\/uploads\/sites\/13\/2022\/02\/turkey-cakes-recipe-2021-09-02-06-06-00-utc-2.jpg",
                                                    "id": "170",
                                                    "alt": "",
                                                    "source": "library"
                                                },
                                                "hover_animation": "float",
                                                "_animation": "fadeInUp"
                                            },
                                            "elements": [],
                                            "isInner": false,
                                            "widgetType": "image",
                                            "elType": "widget"
                                        }
                                    ],
                                    "isInner": "1",
                                    "elType": "column"
                                },
                                {
                                    "id": "7f978d11",
                                    "settings": {
                                        "_column_size": "16",
                                        "_inline_size_mobile": "50"
                                    },
                                    "elements": [
                                        {
                                            "id": "5f109798",
                                            "settings": {
                                                "image": {
                                                    "url": "https:\/\/tkpro-demo2.envalab.com\/12\/wp-content\/uploads\/sites\/13\/2022\/02\/grilled-sausages-with-tomato-and-arugula-salad-bb-2021-12-09-09-45-27-utc-1.jpg",
                                                    "id": "169",
                                                    "alt": "",
                                                    "source": "library"
                                                },
                                                "hover_animation": "float",
                                                "_animation": "fadeInUp"
                                            },
                                            "elements": [],
                                            "isInner": false,
                                            "widgetType": "image",
                                            "elType": "widget"
                                        }
                                    ],
                                    "isInner": "1",
                                    "elType": "column"
                                },
                                {
                                    "id": "3253f908",
                                    "settings": {
                                        "_column_size": "16",
                                        "_inline_size_mobile": "50"
                                    },
                                    "elements": [
                                        {
                                            "id": "6a0a9d74",
                                            "settings": {
                                                "image": {
                                                    "url": "https:\/\/tkpro-demo2.envalab.com\/12\/wp-content\/uploads\/sites\/13\/2022\/02\/keto-recipes-2021-10-24-17-27-16-utc.jpg",
                                                    "id": "168",
                                                    "alt": "",
                                                    "source": "library"
                                                },
                                                "hover_animation": "float",
                                                "_animation": "fadeInUp"
                                            },
                                            "elements": [],
                                            "isInner": false,
                                            "widgetType": "image",
                                            "elType": "widget"
                                        }
                                    ],
                                    "isInner": "1",
                                    "elType": "column"
                                }
                            ],
                            "isInner": "1",
                            "elType": "section"
                        }
                    ],
                    "isInner": "",
                    "elType": "column"
                }
            ],
            "isInner": "",
            "elType": "section"
        }
    ],
    "page_settings": {
        "hide_title": "yes",
        "template": "elementor_header_footer"
    }
}