{
    "version": "0.4",
    "title": "offood &#8211; Header Template",
    "type": "header",
    "metadata": {
        "template_type": "section-header",
        "include_in_zip": "1",
        "elementor_pro_required": "1",
        "elementor_library_type": "header",
        "elementor_pro_conditions": [
            "include\/general"
        ],
        "additional_template_information": [
            "This is a \"Header\" template for Elementor Pro.",
            "This template will display on: Entire Site."
        ],
        "wp_page_template": "default"
    },
    "content": [
        {
            "id": "391a61e5",
            "settings": {
                "gap": "no",
                "height": "min-height",
                "custom_height": {
                    "unit": "px",
                    "size": "30",
                    "sizes": []
                },
                "structure": "20",
                "background_background": "classic",
                "__globals__": {
                    "background_color": "globals\/colors?id=d68a692"
                },
                "padding_tablet": {
                    "unit": "px",
                    "top": "0",
                    "right": "20",
                    "bottom": "0",
                    "left": "20",
                    "isLinked": ""
                },
                "hide_mobile": "hidden-mobile"
            },
            "elements": [
                {
                    "id": "771983fa",
                    "settings": {
                        "_column_size": "50"
                    },
                    "elements": [
                        {
                            "id": "1e097885",
                            "settings": {
                                "title": "Subscribe to our newsletter - email@example.com",
                                "__globals__": {
                                    "title_color": "globals\/colors?id=secondary",
                                    "typography_typography": "globals\/typography?id=text"
                                },
                                "_animation": "fadeInUp"
                            },
                            "elements": [],
                            "isInner": false,
                            "widgetType": "heading",
                            "elType": "widget"
                        }
                    ],
                    "isInner": "",
                    "elType": "column"
                },
                {
                    "id": "7b748f6a",
                    "settings": {
                        "_column_size": "50"
                    },
                    "elements": [
                        {
                            "id": "784d01b8",
                            "settings": {
                                "social_icon_list": [
                                    {
                                        "social_icon": {
                                            "value": "fab fa-facebook",
                                            "library": "fa-brands"
                                        },
                                        "_id": "7f71fea"
                                    },
                                    {
                                        "social_icon": {
                                            "value": "fab fa-linkedin-in",
                                            "library": "fa-brands"
                                        },
                                        "_id": "67e1cab"
                                    },
                                    {
                                        "social_icon": {
                                            "value": "fab fa-twitter",
                                            "library": "fa-brands"
                                        },
                                        "_id": "d50249c"
                                    },
                                    {
                                        "social_icon": {
                                            "value": "fab fa-youtube",
                                            "library": "fa-brands"
                                        },
                                        "_id": "a25aac1"
                                    }
                                ],
                                "shape": "circle",
                                "align": "right",
                                "icon_color": "custom",
                                "icon_size": {
                                    "unit": "px",
                                    "size": "16",
                                    "sizes": []
                                },
                                "icon_spacing": {
                                    "unit": "px",
                                    "size": "0",
                                    "sizes": []
                                },
                                "__globals__": {
                                    "icon_primary_color": "globals\/colors?id=d68a692",
                                    "icon_secondary_color": "globals\/colors?id=secondary",
                                    "hover_primary_color": "globals\/colors?id=d68a692",
                                    "hover_secondary_color": "globals\/colors?id=primary"
                                },
                                "hover_animation": "float",
                                "_animation": "fadeInUp"
                            },
                            "elements": [],
                            "isInner": false,
                            "widgetType": "social-icons",
                            "elType": "widget"
                        }
                    ],
                    "isInner": "",
                    "elType": "column"
                }
            ],
            "isInner": "",
            "elType": "section"
        },
        {
            "id": "16d0b90d",
            "settings": {
                "structure": "30",
                "padding": {
                    "unit": "px",
                    "top": "50",
                    "right": "0",
                    "bottom": "50",
                    "left": "0",
                    "isLinked": ""
                },
                "padding_tablet": {
                    "unit": "px",
                    "top": "30",
                    "right": "10",
                    "bottom": "30",
                    "left": "10",
                    "isLinked": ""
                },
                "hide_mobile": "hidden-mobile"
            },
            "elements": [
                {
                    "id": "24287a1b",
                    "settings": {
                        "_column_size": "33",
                        "_inline_size": "25",
                        "_inline_size_mobile": "20",
                        "content_position": "center"
                    },
                    "elements": [
                        {
                            "id": "3f2f44b6",
                            "settings": {
                                "ekit_offcanvas_content": "ad1f275***1645818128674",
                                "ekit__offcanvas_seacrh_overlay_bg_color": "#00000033",
                                "ekit_offcanvas_menu_icons": {
                                    "value": "icon icon-menu-11",
                                    "library": "ekiticons"
                                },
                                "ekit_offcanvas_icon_color": "#000000",
                                "ekit_offcanvas_icon_color_hover": "#E35640",
                                "ekit_offcanvas_close_icon_color": "#000000",
                                "eit_offcanvas_width": {
                                    "unit": "px",
                                    "size": "500",
                                    "sizes": []
                                },
                                "ekit_offcanvas_background_background": "classic",
                                "ekit_offcanvas_background_color": "#FFFFFF",
                                "ekit_offcanvas_position": "left",
                                "__globals__": {
                                    "ekit__offcanvas_seacrh_overlay_bg_color": "",
                                    "ekit_offcanvas_icon_color": "globals\/colors?id=secondary",
                                    "ekit_offcanvas_close_icon_color": "globals\/colors?id=secondary",
                                    "ekit_offcanvas_icon_color_hover": "globals\/colors?id=primary",
                                    "ekit_offcanvas_background_color": "globals\/colors?id=a9e1e76",
                                    "ekit_offcanvas_close_icon_bg_color": "globals\/colors?id=a9e1e76",
                                    "ekit_offcanvas_icon_bg_color": "globals\/colors?id=a9e1e76"
                                },
                                "_animation": "fadeInUp"
                            },
                            "elements": [],
                            "isInner": false,
                            "widgetType": "elementskit-header-offcanvas",
                            "elType": "widget"
                        }
                    ],
                    "isInner": "",
                    "elType": "column"
                },
                {
                    "id": "a5aa647",
                    "settings": {
                        "_column_size": "33",
                        "_inline_size": "49.332",
                        "_inline_size_mobile": "60",
                        "content_position": "center"
                    },
                    "elements": [
                        {
                            "id": "cfafba3",
                            "settings": {
                                "ekit_heading_title": "of{{food}}",
                                "ekit_heading_sub_title_show": "",
                                "ekit_heading_sub_title": "Time has changed",
                                "shadow_text_content": "bussiness",
                                "ekit_heading_show_seperator": "",
                                "ekit_heading_title_align": "text_center",
                                "ekit_heading_title_margin": {
                                    "unit": "px",
                                    "top": "0",
                                    "right": "0",
                                    "bottom": "0",
                                    "left": "0",
                                    "isLinked": ""
                                },
                                "ekit_heading_focused_title_secondary_spacing": {
                                    "unit": "px",
                                    "top": "0",
                                    "right": "0",
                                    "bottom": "0",
                                    "left": "0",
                                    "isLinked": ""
                                },
                                "__globals__": {
                                    "ekit_heading_title_color": "globals\/colors?id=primary",
                                    "ekit_heading_title_typography_typography": "globals\/typography?id=primary",
                                    "ekit_heading_focused_title_color": "globals\/colors?id=secondary",
                                    "ekit_heading_focused_title_typography_typography": "globals\/typography?id=primary"
                                },
                                "_animation": "fadeInUp"
                            },
                            "elements": [],
                            "isInner": false,
                            "widgetType": "elementskit-heading",
                            "elType": "widget"
                        }
                    ],
                    "isInner": "",
                    "elType": "column"
                },
                {
                    "id": "43851130",
                    "settings": {
                        "_column_size": "33",
                        "_inline_size": "25",
                        "content_position": "center"
                    },
                    "elements": [
                        {
                            "id": "3755381f",
                            "settings": {
                                "skin": "minimal",
                                "placeholder": "Search...",
                                "button_text": "Search",
                                "size": {
                                    "unit": "px",
                                    "size": "30",
                                    "sizes": []
                                },
                                "icon_size_minimal": {
                                    "unit": "px",
                                    "size": "12",
                                    "sizes": []
                                },
                                "button_border_width": {
                                    "unit": "px",
                                    "top": "0",
                                    "right": "0",
                                    "bottom": "1",
                                    "left": "0",
                                    "isLinked": ""
                                },
                                "border_radius": {
                                    "unit": "px",
                                    "size": "0",
                                    "sizes": []
                                },
                                "__globals__": {
                                    "input_typography_typography": "globals\/typography?id=text",
                                    "input_text_color": "globals\/colors?id=secondary",
                                    "input_background_color": "globals\/colors?id=a9e1e76",
                                    "input_border_color": "globals\/colors?id=secondary",
                                    "button_background_color": "globals\/colors?id=primary",
                                    "button_text_color": "globals\/colors?id=a9e1e76"
                                },
                                "_animation": "fadeInUp"
                            },
                            "elements": [],
                            "isInner": false,
                            "widgetType": "search-form",
                            "elType": "widget"
                        }
                    ],
                    "isInner": "",
                    "elType": "column"
                }
            ],
            "isInner": "",
            "elType": "section"
        },
        {
            "id": "42a5ce36",
            "settings": {
                "border_width": {
                    "unit": "px",
                    "top": "1",
                    "right": "0",
                    "bottom": "0",
                    "left": "0",
                    "isLinked": ""
                },
                "hide_mobile": "hidden-mobile",
                "__globals__": {
                    "border_color": "globals\/colors?id=5d8c986"
                }
            },
            "elements": [
                {
                    "id": "5f3dd7c",
                    "settings": {
                        "_column_size": "100",
                        "border_border": "solid",
                        "border_width": {
                            "unit": "px",
                            "top": "1",
                            "right": "0",
                            "bottom": "0",
                            "left": "0",
                            "isLinked": ""
                        },
                        "__globals__": {
                            "border_color": "globals\/colors?id=5d8c986"
                        }
                    },
                    "elements": [
                        {
                            "id": "8f7962e",
                            "settings": {
                                "align_items": "center",
                                "pointer": "none",
                                "submenu_icon": {
                                    "value": "fas fa-chevron-down",
                                    "library": "fa-solid"
                                },
                                "dropdown": "mobile",
                                "full_width": "stretch",
                                "padding_horizontal_menu_item": {
                                    "unit": "px",
                                    "size": "20",
                                    "sizes": []
                                },
                                "menu_space_between": {
                                    "unit": "px",
                                    "size": "20",
                                    "sizes": []
                                },
                                "__globals__": {
                                    "menu_typography_typography": "globals\/typography?id=accent",
                                    "color_menu_item": "globals\/colors?id=secondary",
                                    "color_menu_item_hover": "globals\/colors?id=primary",
                                    "color_menu_item_active": "globals\/colors?id=primary",
                                    "background_color_dropdown_item": "globals\/colors?id=a9e1e76",
                                    "color_dropdown_item": "globals\/colors?id=secondary",
                                    "color_dropdown_item_hover": "globals\/colors?id=a9e1e76",
                                    "background_color_dropdown_item_hover": "globals\/colors?id=primary",
                                    "color_dropdown_item_active": "globals\/colors?id=a9e1e76",
                                    "background_color_dropdown_item_active": "globals\/colors?id=primary",
                                    "dropdown_typography_typography": "globals\/typography?id=text",
                                    "toggle_background_color": "globals\/colors?id=primary",
                                    "toggle_color": "globals\/colors?id=a9e1e76",
                                    "toggle_background_color_hover": "globals\/colors?id=secondary",
                                    "toggle_color_hover": "globals\/colors?id=a9e1e76"
                                },
                                "padding_horizontal_dropdown_item": {
                                    "unit": "px",
                                    "size": "20",
                                    "sizes": []
                                },
                                "_animation": "fadeInUp",
                                "_z_index": "99"
                            },
                            "elements": [],
                            "isInner": false,
                            "widgetType": "nav-menu",
                            "elType": "widget"
                        }
                    ],
                    "isInner": "",
                    "elType": "column"
                }
            ],
            "isInner": "",
            "elType": "section"
        },
        {
            "id": "5d40eb56",
            "settings": {
                "height": "min-height",
                "custom_height_mobile": {
                    "unit": "px",
                    "size": "60",
                    "sizes": []
                },
                "structure": "30",
                "padding_mobile": {
                    "unit": "px",
                    "top": "0",
                    "right": "10",
                    "bottom": "0",
                    "left": "10",
                    "isLinked": ""
                },
                "hide_desktop": "hidden-desktop",
                "hide_tablet": "hidden-tablet"
            },
            "elements": [
                {
                    "id": "49e960cc",
                    "settings": {
                        "_column_size": "33",
                        "_inline_size_mobile": "25",
                        "content_position_mobile": "center"
                    },
                    "elements": [
                        {
                            "id": "668fdf6",
                            "settings": {
                                "ekit_offcanvas_content": "ad1f275***1645829403614",
                                "ekit__offcanvas_seacrh_overlay_bg_color": "#00000033",
                                "ekit_offcanvas_menu_icons": {
                                    "value": "icon icon-menu-11",
                                    "library": "ekiticons"
                                },
                                "ekit_offcanvas_icon_color": "#000000",
                                "ekit_offcanvas_icon_color_hover": "#E35640",
                                "ekit_offcanvas_close_icon_color": "#000000",
                                "eit_offcanvas_width": {
                                    "unit": "px",
                                    "size": "500",
                                    "sizes": []
                                },
                                "ekit_offcanvas_background_background": "classic",
                                "ekit_offcanvas_background_color": "#FFFFFF",
                                "ekit_offcanvas_position": "left",
                                "__globals__": {
                                    "ekit__offcanvas_seacrh_overlay_bg_color": "",
                                    "ekit_offcanvas_icon_color": "globals\/colors?id=secondary",
                                    "ekit_offcanvas_close_icon_color": "globals\/colors?id=secondary",
                                    "ekit_offcanvas_icon_color_hover": "globals\/colors?id=primary",
                                    "ekit_offcanvas_background_color": "globals\/colors?id=a9e1e76",
                                    "ekit_offcanvas_close_icon_bg_color": "globals\/colors?id=a9e1e76",
                                    "ekit_offcanvas_icon_bg_color": "globals\/colors?id=a9e1e76"
                                },
                                "_animation_mobile": "fadeInUp"
                            },
                            "elements": [],
                            "isInner": false,
                            "widgetType": "elementskit-header-offcanvas",
                            "elType": "widget"
                        }
                    ],
                    "isInner": "",
                    "elType": "column"
                },
                {
                    "id": "78f39bc6",
                    "settings": {
                        "_column_size": "33",
                        "_inline_size_mobile": "50",
                        "content_position_mobile": "center"
                    },
                    "elements": [
                        {
                            "id": "4316ae7a",
                            "settings": {
                                "ekit_heading_title": "of{{food}}",
                                "ekit_heading_sub_title_show": "",
                                "ekit_heading_sub_title": "Time has changed",
                                "shadow_text_content": "bussiness",
                                "ekit_heading_show_seperator": "",
                                "ekit_heading_title_align": "text_center",
                                "ekit_heading_title_margin": {
                                    "unit": "px",
                                    "top": "0",
                                    "right": "0",
                                    "bottom": "0",
                                    "left": "0",
                                    "isLinked": ""
                                },
                                "ekit_heading_focused_title_secondary_spacing": {
                                    "unit": "px",
                                    "top": "0",
                                    "right": "0",
                                    "bottom": "0",
                                    "left": "0",
                                    "isLinked": ""
                                },
                                "__globals__": {
                                    "ekit_heading_title_color": "globals\/colors?id=primary",
                                    "ekit_heading_title_typography_typography": "globals\/typography?id=primary",
                                    "ekit_heading_focused_title_color": "globals\/colors?id=secondary",
                                    "ekit_heading_focused_title_typography_typography": "globals\/typography?id=primary"
                                },
                                "_animation_mobile": "fadeInUp"
                            },
                            "elements": [],
                            "isInner": false,
                            "widgetType": "elementskit-heading",
                            "elType": "widget"
                        }
                    ],
                    "isInner": "",
                    "elType": "column"
                },
                {
                    "id": "64cbbb3f",
                    "settings": {
                        "_column_size": "33",
                        "_inline_size_mobile": "25",
                        "content_position_mobile": "center"
                    },
                    "elements": [
                        {
                            "id": "7bfff0ad",
                            "settings": {
                                "skin": "full_screen",
                                "placeholder": "Search...",
                                "button_text": "Search",
                                "toggle_align": "right",
                                "toggle_size": {
                                    "unit": "px",
                                    "size": "35",
                                    "sizes": []
                                },
                                "overlay_background_color": "#0000009C",
                                "toggle_color": "#FFFFFF",
                                "toggle_background_color": "#E35640",
                                "toggle_icon_size": {
                                    "unit": "px",
                                    "size": "40",
                                    "sizes": []
                                },
                                "toggle_border_radius": {
                                    "unit": "px",
                                    "size": "0",
                                    "sizes": []
                                },
                                "_animation_mobile": "fadeInUp",
                                "__globals__": {
                                    "toggle_background_color": "globals\/colors?id=primary",
                                    "toggle_color": "globals\/colors?id=a9e1e76",
                                    "overlay_background_color": "",
                                    "input_typography_typography": "globals\/typography?id=text",
                                    "input_text_color": "globals\/colors?id=a9e1e76",
                                    "input_text_color_focus": "globals\/colors?id=a9e1e76"
                                }
                            },
                            "elements": [],
                            "isInner": false,
                            "widgetType": "search-form",
                            "elType": "widget"
                        }
                    ],
                    "isInner": "",
                    "elType": "column"
                }
            ],
            "isInner": "",
            "elType": "section"
        }
    ]
}