{
    "version": "0.4",
    "title": "offood \u2013 Hero Section",
    "type": "section",
    "metadata": {
        "template_type": "section-hero",
        "include_in_zip": "1",
        "elementor_pro_required": null,
        "wp_page_template": "elementor_canvas"
    },
    "content": [
        {
            "id": "191d3242",
            "settings": {
                "height": "min-height",
                "background_background": "classic",
                "background_image": {
                    "id": "281",
                    "url": "https:\/\/tkpro-demo2.envalab.com\/12\/wp-content\/uploads\/sites\/13\/2022\/02\/food-blogger-cooking-online-2021-08-29-15-20-01-utc-1.jpg",
                    "alt": "",
                    "source": "library"
                },
                "background_position": "center center",
                "background_repeat": "no-repeat",
                "background_size": "cover",
                "background_overlay_background": "classic",
                "__globals__": {
                    "background_overlay_color": "globals\/colors?id=secondary"
                },
                "custom_height_tablet": {
                    "unit": "px",
                    "size": "350",
                    "sizes": []
                },
                "custom_height_mobile": {
                    "unit": "px",
                    "size": "300",
                    "sizes": []
                }
            },
            "elements": [
                {
                    "id": "2376f5b8",
                    "settings": {
                        "_column_size": "100",
                        "align": "center"
                    },
                    "elements": [
                        {
                            "id": "607c4460",
                            "settings": {
                                "title": "Recipes",
                                "header_size": "h1",
                                "align": "center",
                                "__globals__": {
                                    "title_color": "globals\/colors?id=a9e1e76",
                                    "typography_typography": "globals\/typography?id=primary"
                                },
                                "_animation": "fadeInUp"
                            },
                            "elements": [],
                            "isInner": false,
                            "widgetType": "heading",
                            "elType": "widget"
                        },
                        {
                            "id": "30a2ba23",
                            "settings": {
                                "view": "inline",
                                "icon_list": [
                                    {
                                        "text": "Home",
                                        "selected_icon": {
                                            "value": "",
                                            "library": ""
                                        },
                                        "_id": "62a7511",
                                        "link": {
                                            "url": "#",
                                            "is_external": "",
                                            "nofollow": "",
                                            "custom_attributes": ""
                                        }
                                    },
                                    {
                                        "text": "Recipes",
                                        "selected_icon": {
                                            "value": "fas fa-angle-right",
                                            "library": "fa-solid"
                                        },
                                        "_id": "cbd4785"
                                    }
                                ],
                                "space_between": {
                                    "unit": "px",
                                    "size": "10",
                                    "sizes": []
                                },
                                "icon_align": "center",
                                "icon_size": {
                                    "unit": "px",
                                    "size": "16",
                                    "sizes": []
                                },
                                "__globals__": {
                                    "text_color": "globals\/colors?id=a9e1e76",
                                    "icon_typography_typography": "globals\/typography?id=text",
                                    "text_color_hover": "globals\/colors?id=accent",
                                    "icon_color": "globals\/colors?id=primary",
                                    "icon_color_hover": "globals\/colors?id=primary"
                                },
                                "_animation": "fadeInUp",
                                "text_indent": {
                                    "unit": "px",
                                    "size": "10",
                                    "sizes": []
                                }
                            },
                            "elements": [],
                            "isInner": false,
                            "widgetType": "icon-list",
                            "elType": "widget"
                        },
                        {
                            "id": "7659c126",
                            "settings": {
                                "divider_direction": "vertical",
                                "divider_text": "Divider Text",
                                "divider_style": "solid",
                                "vertical_height": {
                                    "unit": "px",
                                    "size": "60",
                                    "sizes": []
                                },
                                "vertical_width": {
                                    "unit": "px",
                                    "size": "1",
                                    "sizes": []
                                },
                                "_animation": "fadeInUp",
                                "_element_width": "auto",
                                "_position": "absolute",
                                "_offset_x": {
                                    "unit": "%",
                                    "size": "50",
                                    "sizes": []
                                },
                                "_offset_x_tablet": {
                                    "unit": "%",
                                    "size": "",
                                    "sizes": []
                                },
                                "_offset_x_mobile": {
                                    "unit": "%",
                                    "size": "",
                                    "sizes": []
                                },
                                "_offset_y": {
                                    "unit": "%",
                                    "size": "130",
                                    "sizes": []
                                },
                                "_offset_y_tablet": {
                                    "unit": "%",
                                    "size": "",
                                    "sizes": []
                                },
                                "_offset_y_mobile": {
                                    "unit": "%",
                                    "size": "115",
                                    "sizes": []
                                },
                                "__globals__": {
                                    "divider_border_color": "globals\/colors?id=a9e1e76"
                                }
                            },
                            "elements": [],
                            "isInner": false,
                            "widgetType": "pp-divider",
                            "elType": "widget"
                        }
                    ],
                    "isInner": "",
                    "elType": "column"
                }
            ],
            "isInner": "",
            "elType": "section"
        }
    ],
    "page_settings": {
        "hide_title": "yes",
        "eael_ext_toc_title": "Table of Contents",
        "template": "elementor_canvas"
    }
}