{
    "version": "0.4",
    "title": "Abstract Author",
    "type": "archive",
    "metadata": {
        "template_type": "archive-category",
        "include_in_zip": "1",
        "elementor_pro_required": "1",
        "elementor_library_type": "archive",
        "elementor_pro_conditions": [
            "include\/archive\/author"
        ],
        "additional_template_information": [
            "This is a \"Archive\" template for Elementor Pro.",
            "This template will display on: Author Archive."
        ],
        "wp_page_template": "default"
    },
    "content": [
        {
            "id": "67795219",
            "settings": {
                "layout": "full_width",
                "background_background": "classic",
                "margin": {
                    "unit": "px",
                    "top": "0",
                    "right": 0,
                    "bottom": "0",
                    "left": 0,
                    "isLinked": false
                },
                "padding": {
                    "unit": "px",
                    "top": "65",
                    "right": "0",
                    "bottom": "65",
                    "left": "0",
                    "isLinked": false
                },
                "_title": "Author Top",
                "__globals__": {
                    "background_color": "globals\/colors?id=d0d6eba"
                }
            },
            "elements": [
                {
                    "id": "5a08eb60",
                    "settings": {
                        "_column_size": 100,
                        "_inline_size": null,
                        "margin": {
                            "unit": "px",
                            "top": "0",
                            "right": "0",
                            "bottom": "0",
                            "left": "0",
                            "isLinked": false
                        },
                        "padding": {
                            "unit": "px",
                            "top": "0",
                            "right": "0",
                            "bottom": "0",
                            "left": "0",
                            "isLinked": false
                        }
                    },
                    "elements": [
                        {
                            "id": "4dfd1e5d",
                            "settings": {
                                "content_width": {
                                    "unit": "px",
                                    "size": 970,
                                    "sizes": []
                                },
                                "gap": "no",
                                "margin": {
                                    "unit": "px",
                                    "top": "0",
                                    "right": 0,
                                    "bottom": "45",
                                    "left": 0,
                                    "isLinked": false
                                },
                                "margin_mobile": {
                                    "unit": "px",
                                    "top": "0",
                                    "right": 0,
                                    "bottom": "45",
                                    "left": 0,
                                    "isLinked": false
                                },
                                "padding": {
                                    "unit": "px",
                                    "top": "0",
                                    "right": "15",
                                    "bottom": "0",
                                    "left": "15",
                                    "isLinked": false
                                },
                                "_title": "Heading"
                            },
                            "elements": [
                                {
                                    "id": "2bf56026",
                                    "settings": {
                                        "_column_size": 100,
                                        "_inline_size": null,
                                        "margin": {
                                            "unit": "px",
                                            "top": "0",
                                            "right": "0",
                                            "bottom": "0",
                                            "left": "0",
                                            "isLinked": false
                                        },
                                        "padding": {
                                            "unit": "px",
                                            "top": "0",
                                            "right": "0",
                                            "bottom": "0",
                                            "left": "0",
                                            "isLinked": false
                                        }
                                    },
                                    "elements": [
                                        {
                                            "id": "62caf267",
                                            "settings": {
                                                "title": "My Projects",
                                                "align": "center",
                                                "__globals__": {
                                                    "typography_typography": "globals\/typography?id=ddae40e"
                                                }
                                            },
                                            "elements": [],
                                            "isInner": false,
                                            "widgetType": "heading",
                                            "elType": "widget"
                                        }
                                    ],
                                    "isInner": true,
                                    "elType": "column"
                                }
                            ],
                            "isInner": true,
                            "elType": "section"
                        },
                        {
                            "id": "34916bf2",
                            "settings": {
                                "content_width": {
                                    "unit": "px",
                                    "size": 970,
                                    "sizes": []
                                },
                                "gap": "no",
                                "margin": {
                                    "unit": "px",
                                    "top": "0",
                                    "right": 0,
                                    "bottom": "90",
                                    "left": 0,
                                    "isLinked": false
                                },
                                "margin_mobile": {
                                    "unit": "px",
                                    "top": "0",
                                    "right": 0,
                                    "bottom": "60",
                                    "left": 0,
                                    "isLinked": false
                                },
                                "padding": {
                                    "unit": "px",
                                    "top": "0",
                                    "right": "15",
                                    "bottom": "0",
                                    "left": "15",
                                    "isLinked": false
                                }
                            },
                            "elements": [
                                {
                                    "id": "3a7d9b54",
                                    "settings": {
                                        "_column_size": 100,
                                        "_inline_size": null,
                                        "margin": {
                                            "unit": "px",
                                            "top": "0",
                                            "right": "0",
                                            "bottom": "0",
                                            "left": "0",
                                            "isLinked": false
                                        },
                                        "padding": {
                                            "unit": "px",
                                            "top": "0",
                                            "right": "0",
                                            "bottom": "0",
                                            "left": "0",
                                            "isLinked": false
                                        }
                                    },
                                    "elements": [
                                        {
                                            "id": "6a7b2ad9",
                                            "settings": {
                                                "graphic_element": "none",
                                                "title_text_a": "Project 1",
                                                "description_text_a": "Lorem ipsum dolor sit amet, consectetur adipiscing elit. Maecenas sollicitudin in justo viverra consectetur. Curabitur iaculis pulvinar magna. Mauris vestibulum sapien nec ultricies aliquam.",
                                                "background_a_background": "classic",
                                                "background_a_image": {
                                                    "url": "https:\/\/goatthemes.com\/elementor_kit\/suga-abstract\/wp-content\/uploads\/sites\/16\/2022\/01\/25.jpg",
                                                    "id": 870,
                                                    "alt": "",
                                                    "source": "library"
                                                },
                                                "background_a_position": "center center",
                                                "background_a_size": "cover",
                                                "title_text_b": "Project 2",
                                                "description_text_b": "Lorem ipsum dolor sit amet, consectetur adipiscing elit. Maecenas sollicitudin in justo viverra consectetur. Curabitur iaculis pulvinar magna. Mauris vestibulum sapien nec ultricies aliquam.",
                                                "button_text": "",
                                                "background_b_background": "classic",
                                                "background_b_image": {
                                                    "url": "https:\/\/goatthemes.com\/elementor_kit\/suga-abstract\/wp-content\/uploads\/sites\/16\/2022\/01\/15.jpg",
                                                    "id": 861,
                                                    "alt": "",
                                                    "source": "library"
                                                },
                                                "background_b_position": "center center",
                                                "background_b_size": "cover",
                                                "height": {
                                                    "unit": "px",
                                                    "size": 350,
                                                    "sizes": []
                                                },
                                                "height_tablet": {
                                                    "unit": "px",
                                                    "size": 300,
                                                    "sizes": []
                                                },
                                                "flip_direction": "down",
                                                "flip_3d": "elementor-flip-box--3d",
                                                "padding_a": {
                                                    "unit": "%",
                                                    "top": "0",
                                                    "right": "15",
                                                    "bottom": "0",
                                                    "left": "15",
                                                    "isLinked": false
                                                },
                                                "padding_a_mobile": {
                                                    "unit": "px",
                                                    "top": "0",
                                                    "right": "15",
                                                    "bottom": "0",
                                                    "left": "15",
                                                    "isLinked": false
                                                },
                                                "title_spacing_a": {
                                                    "unit": "px",
                                                    "size": 10,
                                                    "sizes": []
                                                },
                                                "padding_b": {
                                                    "unit": "%",
                                                    "top": "0",
                                                    "right": "15",
                                                    "bottom": "0",
                                                    "left": "15",
                                                    "isLinked": false
                                                },
                                                "padding_b_mobile": {
                                                    "unit": "px",
                                                    "top": "0",
                                                    "right": "15",
                                                    "bottom": "0",
                                                    "left": "15",
                                                    "isLinked": false
                                                },
                                                "title_spacing_b": {
                                                    "unit": "px",
                                                    "size": 10,
                                                    "sizes": []
                                                },
                                                "__globals__": {
                                                    "background_overlay_a": "globals\/colors?id=f2381c7",
                                                    "background_overlay_b": "globals\/colors?id=f2381c7",
                                                    "title_typography_b_typography": "globals\/typography?id=primary",
                                                    "title_color_b": "globals\/colors?id=5090b7e",
                                                    "description_typography_b_typography": "globals\/typography?id=text",
                                                    "description_color_b": "globals\/colors?id=095f3c7",
                                                    "description_color_a": "globals\/colors?id=095f3c7",
                                                    "title_typography_a_typography": "globals\/typography?id=primary",
                                                    "title_color_a": "globals\/colors?id=5090b7e"
                                                }
                                            },
                                            "elements": [],
                                            "isInner": false,
                                            "widgetType": "flip-box",
                                            "elType": "widget"
                                        }
                                    ],
                                    "isInner": true,
                                    "elType": "column"
                                }
                            ],
                            "isInner": true,
                            "elType": "section"
                        },
                        {
                            "id": "7a78f694",
                            "settings": {
                                "content_width": {
                                    "unit": "px",
                                    "size": 970,
                                    "sizes": []
                                },
                                "gap": "no",
                                "structure": "20",
                                "background_background": "classic",
                                "margin": {
                                    "unit": "px",
                                    "top": "60",
                                    "right": 0,
                                    "bottom": "60",
                                    "left": 0,
                                    "isLinked": false
                                },
                                "margin_tablet": {
                                    "unit": "px",
                                    "top": "40",
                                    "right": 0,
                                    "bottom": "40",
                                    "left": 0,
                                    "isLinked": false
                                },
                                "margin_mobile": {
                                    "unit": "px",
                                    "top": "0",
                                    "right": 0,
                                    "bottom": "0",
                                    "left": 0,
                                    "isLinked": false
                                },
                                "padding": {
                                    "unit": "px",
                                    "top": "0",
                                    "right": "15",
                                    "bottom": "0",
                                    "left": "15",
                                    "isLinked": false
                                },
                                "padding_mobile": {
                                    "unit": "px",
                                    "top": "30",
                                    "right": "15",
                                    "bottom": "30",
                                    "left": "15",
                                    "isLinked": false
                                },
                                "__globals__": {
                                    "background_color": "globals\/colors?id=primary"
                                }
                            },
                            "elements": [
                                {
                                    "id": "d3e3767",
                                    "settings": {
                                        "_column_size": 50,
                                        "_inline_size": 30,
                                        "align_mobile": "center",
                                        "margin": {
                                            "unit": "px",
                                            "top": "0",
                                            "right": "0",
                                            "bottom": "0",
                                            "left": "0",
                                            "isLinked": false
                                        },
                                        "padding": {
                                            "unit": "px",
                                            "top": "0",
                                            "right": "0",
                                            "bottom": "0",
                                            "left": "0",
                                            "isLinked": false
                                        }
                                    },
                                    "elements": [
                                        {
                                            "id": "7239aa16",
                                            "settings": {
                                                "show_name": "",
                                                "author_name": "John Doe",
                                                "show_biography": "",
                                                "author_bio": "Lorem ipsum dolor sit amet consectetur adipiscing elit dolor",
                                                "link_text": "All Posts",
                                                "layout": "above",
                                                "image_vertical_align": "top",
                                                "image_size": {
                                                    "unit": "px",
                                                    "size": 280,
                                                    "sizes": []
                                                },
                                                "image_size_tablet": {
                                                    "unit": "px",
                                                    "size": 200,
                                                    "sizes": []
                                                },
                                                "image_gap": {
                                                    "unit": "px",
                                                    "size": 0,
                                                    "sizes": []
                                                },
                                                "image_gap_tablet": {
                                                    "unit": "px",
                                                    "size": 0,
                                                    "sizes": []
                                                },
                                                "image_gap_mobile": {
                                                    "unit": "px",
                                                    "size": 0,
                                                    "sizes": []
                                                },
                                                "image_border_radius": {
                                                    "unit": "px",
                                                    "size": 0,
                                                    "sizes": []
                                                },
                                                "_margin": {
                                                    "unit": "px",
                                                    "top": "-60",
                                                    "right": "0",
                                                    "bottom": "-60",
                                                    "left": "0",
                                                    "isLinked": false
                                                },
                                                "_margin_tablet": {
                                                    "unit": "px",
                                                    "top": "-40",
                                                    "right": "0",
                                                    "bottom": "-40",
                                                    "left": "0",
                                                    "isLinked": false
                                                },
                                                "_margin_mobile": {
                                                    "unit": "px",
                                                    "top": "0",
                                                    "right": "0",
                                                    "bottom": "0",
                                                    "left": "0",
                                                    "isLinked": false
                                                },
                                                "_padding": {
                                                    "unit": "px",
                                                    "top": "0",
                                                    "right": "0",
                                                    "bottom": "0",
                                                    "left": "0",
                                                    "isLinked": false
                                                },
                                                "_element_width_mobile": "auto"
                                            },
                                            "elements": [],
                                            "isInner": false,
                                            "widgetType": "author-box",
                                            "elType": "widget"
                                        }
                                    ],
                                    "isInner": true,
                                    "elType": "column"
                                },
                                {
                                    "id": "39380c5a",
                                    "settings": {
                                        "_column_size": 50,
                                        "_inline_size": 70,
                                        "content_position": "center",
                                        "margin": {
                                            "unit": "px",
                                            "top": "0",
                                            "right": "0",
                                            "bottom": "0",
                                            "left": "0",
                                            "isLinked": false
                                        },
                                        "margin_mobile": {
                                            "unit": "px",
                                            "top": "20",
                                            "right": "0",
                                            "bottom": "0",
                                            "left": "0",
                                            "isLinked": false
                                        },
                                        "padding": {
                                            "unit": "px",
                                            "top": "0",
                                            "right": "50",
                                            "bottom": "0",
                                            "left": "50",
                                            "isLinked": false
                                        },
                                        "padding_tablet": {
                                            "unit": "px",
                                            "top": "0",
                                            "right": "30",
                                            "bottom": "0",
                                            "left": "30",
                                            "isLinked": false
                                        },
                                        "padding_mobile": {
                                            "unit": "px",
                                            "top": "0",
                                            "right": "0",
                                            "bottom": "0",
                                            "left": "0",
                                            "isLinked": false
                                        }
                                    },
                                    "elements": [
                                        {
                                            "id": "36b1b20b",
                                            "settings": {
                                                "show_avatar": "",
                                                "author_name": "John Doe",
                                                "show_link": "",
                                                "author_bio": "Lorem ipsum dolor sit amet consectetur adipiscing elit dolor",
                                                "link_text": "Contact Me",
                                                "alignment": "left",
                                                "name_gap": {
                                                    "unit": "px",
                                                    "size": 10,
                                                    "sizes": []
                                                },
                                                "bio_gap": {
                                                    "unit": "px",
                                                    "size": 10,
                                                    "sizes": []
                                                },
                                                "__globals__": {
                                                    "name_typography_typography": "globals\/typography?id=92b0f51",
                                                    "name_color": "globals\/colors?id=5090b7e",
                                                    "bio_color": "globals\/colors?id=095f3c7",
                                                    "bio_typography_typography": "globals\/typography?id=accent"
                                                }
                                            },
                                            "elements": [],
                                            "isInner": false,
                                            "widgetType": "author-box",
                                            "elType": "widget"
                                        }
                                    ],
                                    "isInner": true,
                                    "elType": "column"
                                }
                            ],
                            "isInner": true,
                            "elType": "section"
                        }
                    ],
                    "isInner": false,
                    "elType": "column"
                }
            ],
            "isInner": false,
            "elType": "section"
        },
        {
            "id": "561cd78b",
            "settings": {
                "layout": "full_width",
                "margin": {
                    "unit": "px",
                    "top": "90",
                    "right": 0,
                    "bottom": "0",
                    "left": 0,
                    "isLinked": false
                },
                "padding": {
                    "unit": "px",
                    "top": "0",
                    "right": "0",
                    "bottom": "0",
                    "left": "0",
                    "isLinked": false
                },
                "_title": "Author",
                "margin_mobile": {
                    "unit": "px",
                    "top": "40",
                    "right": 0,
                    "bottom": "0",
                    "left": 0,
                    "isLinked": false
                }
            },
            "elements": [
                {
                    "id": "32d3f59e",
                    "settings": {
                        "_column_size": 100,
                        "_inline_size": null,
                        "margin": {
                            "unit": "px",
                            "top": "0",
                            "right": "0",
                            "bottom": "0",
                            "left": "0",
                            "isLinked": false
                        },
                        "padding": {
                            "unit": "px",
                            "top": "0",
                            "right": "0",
                            "bottom": "0",
                            "left": "0",
                            "isLinked": false
                        }
                    },
                    "elements": [
                        {
                            "id": "57c9b9e6",
                            "settings": {
                                "content_width": {
                                    "unit": "px",
                                    "size": 1170,
                                    "sizes": []
                                },
                                "gap": "no",
                                "margin": {
                                    "unit": "px",
                                    "top": "0",
                                    "right": 0,
                                    "bottom": "0",
                                    "left": 0,
                                    "isLinked": false
                                },
                                "padding": {
                                    "unit": "px",
                                    "top": "0",
                                    "right": "15",
                                    "bottom": "0",
                                    "left": "15",
                                    "isLinked": false
                                },
                                "_title": "Content"
                            },
                            "elements": [
                                {
                                    "id": "abf7613",
                                    "settings": {
                                        "_column_size": 100,
                                        "_inline_size": null,
                                        "margin": {
                                            "unit": "px",
                                            "top": "0",
                                            "right": "0",
                                            "bottom": "0",
                                            "left": "0",
                                            "isLinked": false
                                        },
                                        "padding": {
                                            "unit": "px",
                                            "top": "0",
                                            "right": "0",
                                            "bottom": "0",
                                            "left": "0",
                                            "isLinked": false
                                        }
                                    },
                                    "elements": [
                                        {
                                            "id": "7a74dc9e",
                                            "settings": {
                                                "archive_classic_thumbnail_size_size": "large",
                                                "archive_classic_show_excerpt": "",
                                                "archive_classic_meta_data": [],
                                                "archive_classic_meta_separator": "",
                                                "archive_classic_read_more_text": "Read More",
                                                "archive_cards_meta_separator": "\u2022",
                                                "archive_cards_read_more_text": "Read More \u00bb",
                                                "archive_full_content_meta_separator": "\/\/\/",
                                                "archive_classic_row_gap": {
                                                    "unit": "px",
                                                    "size": 30,
                                                    "sizes": []
                                                },
                                                "archive_classic_title_spacing": {
                                                    "unit": "px",
                                                    "size": 10,
                                                    "sizes": []
                                                },
                                                "archive_classic_meta_spacing": {
                                                    "unit": "px",
                                                    "size": 0,
                                                    "sizes": []
                                                },
                                                "pagination_page_limit": "5",
                                                "pagination_prev_label": "&laquo; Previous",
                                                "pagination_next_label": "Next &raquo;",
                                                "text": "Load More",
                                                "load_more_no_posts_custom_message": "No more posts to show",
                                                "pagination_spacing_top": {
                                                    "unit": "px",
                                                    "size": 50,
                                                    "sizes": []
                                                },
                                                "nothing_found_message": "It seems we can't find what you're looking for.",
                                                "__globals__": {
                                                    "archive_classic_title_typography_typography": "globals\/typography?id=f27ede8",
                                                    "archive_classic_read_more_color": "globals\/colors?id=9222dbf",
                                                    "archive_classic_read_more_typography_typography": "globals\/typography?id=c591212",
                                                    "pagination_color": "globals\/colors?id=text",
                                                    "pagination_hover_color": "globals\/colors?id=primary",
                                                    "pagination_active_color": "globals\/colors?id=primary",
                                                    "pagination_typography_typography": "globals\/typography?id=text"
                                                }
                                            },
                                            "elements": [],
                                            "isInner": false,
                                            "widgetType": "archive-posts",
                                            "elType": "widget"
                                        }
                                    ],
                                    "isInner": true,
                                    "elType": "column"
                                }
                            ],
                            "isInner": true,
                            "elType": "section"
                        }
                    ],
                    "isInner": false,
                    "elType": "column"
                }
            ],
            "isInner": false,
            "elType": "section"
        }
    ]
}