{
    "version": "0.4",
    "title": "Abstract Single",
    "type": "single-post",
    "metadata": {
        "template_type": "single-post",
        "include_in_zip": "1",
        "elementor_pro_required": "1",
        "elementor_library_type": "single-post",
        "elementor_pro_conditions": [
            "include\/singular\/post"
        ],
        "additional_template_information": [
            "This is a \"Single Post\" template for Elementor Pro.",
            "This template will display on: Posts."
        ],
        "wp_page_template": "default"
    },
    "content": [
        {
            "id": "19f4717b",
            "settings": {
                "_title": "Top",
                "layout": "full_width",
                "margin": {
                    "unit": "px",
                    "top": "0",
                    "right": 0,
                    "bottom": "0",
                    "left": 0,
                    "isLinked": false
                },
                "padding": {
                    "unit": "px",
                    "top": "0",
                    "right": "0",
                    "bottom": "0",
                    "left": "0",
                    "isLinked": false
                }
            },
            "elements": [
                {
                    "id": "6ee5af0",
                    "settings": {
                        "_column_size": 100,
                        "_inline_size": null,
                        "align": "center",
                        "space_between_widgets": 0,
                        "margin": {
                            "unit": "px",
                            "top": "0",
                            "right": "0",
                            "bottom": "0",
                            "left": "0",
                            "isLinked": false
                        },
                        "padding": {
                            "unit": "px",
                            "top": "0",
                            "right": "0",
                            "bottom": "0",
                            "left": "0",
                            "isLinked": false
                        }
                    },
                    "elements": [
                        {
                            "id": "115899c9",
                            "settings": {
                                "content_width": {
                                    "unit": "px",
                                    "size": 970,
                                    "sizes": []
                                },
                                "gap": "no",
                                "margin": {
                                    "unit": "px",
                                    "top": "65",
                                    "right": 0,
                                    "bottom": "0",
                                    "left": 0,
                                    "isLinked": false
                                },
                                "margin_tablet": {
                                    "unit": "px",
                                    "top": "65",
                                    "right": 0,
                                    "bottom": "0",
                                    "left": 0,
                                    "isLinked": false
                                },
                                "padding": {
                                    "unit": "px",
                                    "top": "0",
                                    "right": "15",
                                    "bottom": "0",
                                    "left": "15",
                                    "isLinked": false
                                },
                                "margin_mobile": {
                                    "unit": "px",
                                    "top": "50",
                                    "right": 0,
                                    "bottom": "0",
                                    "left": 0,
                                    "isLinked": false
                                }
                            },
                            "elements": [
                                {
                                    "id": "19e0f80e",
                                    "settings": {
                                        "_column_size": 100,
                                        "_inline_size": null,
                                        "content_position": "center",
                                        "align": "center",
                                        "space_between_widgets": 0,
                                        "border_border": "dotted",
                                        "border_width": {
                                            "unit": "px",
                                            "top": "0",
                                            "right": "0",
                                            "bottom": "1",
                                            "left": "0",
                                            "isLinked": false
                                        },
                                        "margin": {
                                            "unit": "px",
                                            "top": "0",
                                            "right": "0",
                                            "bottom": "0",
                                            "left": "0",
                                            "isLinked": false
                                        },
                                        "padding": {
                                            "unit": "px",
                                            "top": "0",
                                            "right": "0",
                                            "bottom": "30",
                                            "left": "0",
                                            "isLinked": false
                                        },
                                        "__globals__": {
                                            "border_color": "globals\/colors?id=3c37702"
                                        }
                                    },
                                    "elements": [
                                        {
                                            "id": "4b80054",
                                            "settings": {
                                                "icon_list": [
                                                    {
                                                        "type": "terms",
                                                        "selected_icon": {
                                                            "value": "far fa-comment-dots",
                                                            "library": "fa-regular"
                                                        },
                                                        "_id": "105917d",
                                                        "custom_date_format": "F j, Y",
                                                        "custom_time_format": "g:i a",
                                                        "taxonomy": "category",
                                                        "show_icon": "none"
                                                    }
                                                ],
                                                "icon_align": "center",
                                                "__globals__": {
                                                    "text_color": "globals\/colors?id=9222dbf",
                                                    "icon_typography_typography": "globals\/typography?id=e00bf0c"
                                                }
                                            },
                                            "elements": [],
                                            "isInner": false,
                                            "widgetType": "post-info",
                                            "elType": "widget"
                                        },
                                        {
                                            "id": "6b9c56ed",
                                            "settings": {
                                                "__dynamic__": {
                                                    "title": "[elementor-tag id=\"\" name=\"post-title\" settings=\"%7B%22before%22%3A%22%22%2C%22after%22%3A%22%22%2C%22fallback%22%3A%22%22%7D\"]"
                                                },
                                                "title": "Add Your Heading Text Here",
                                                "align": "center",
                                                "_margin": {
                                                    "unit": "px",
                                                    "top": "13",
                                                    "right": "0",
                                                    "bottom": "20",
                                                    "left": "0",
                                                    "isLinked": false
                                                },
                                                "_padding": {
                                                    "unit": "px",
                                                    "top": "0",
                                                    "right": "0",
                                                    "bottom": "0",
                                                    "left": "0",
                                                    "isLinked": false
                                                },
                                                "__globals__": {
                                                    "typography_typography": "globals\/typography?id=primary",
                                                    "title_color": "globals\/colors?id=secondary"
                                                }
                                            },
                                            "elements": [],
                                            "isInner": false,
                                            "widgetType": "theme-post-title",
                                            "elType": "widget"
                                        },
                                        {
                                            "id": "1d93fc8b",
                                            "settings": {
                                                "icon_list": [
                                                    {
                                                        "type": "author",
                                                        "selected_icon": {
                                                            "value": "far fa-user-circle",
                                                            "library": "fa-regular"
                                                        },
                                                        "_id": "46e5a3d",
                                                        "custom_date_format": "F j, Y",
                                                        "custom_time_format": "g:i a",
                                                        "show_avatar": "yes",
                                                        "avatar_size": {
                                                            "unit": "px",
                                                            "size": 35,
                                                            "sizes": []
                                                        },
                                                        "show_icon": "custom"
                                                    }
                                                ],
                                                "space_between": {
                                                    "unit": "px",
                                                    "size": 20,
                                                    "sizes": []
                                                },
                                                "icon_align": "center",
                                                "_margin": {
                                                    "unit": "px",
                                                    "top": "0",
                                                    "right": "20",
                                                    "bottom": "0",
                                                    "left": "0",
                                                    "isLinked": false
                                                },
                                                "_padding": {
                                                    "unit": "px",
                                                    "top": "0",
                                                    "right": "0",
                                                    "bottom": "0",
                                                    "left": "0",
                                                    "isLinked": false
                                                },
                                                "_element_width": "auto",
                                                "__globals__": {
                                                    "icon_typography_typography": "globals\/typography?id=32e6bea",
                                                    "text_color": "globals\/colors?id=9222dbf"
                                                }
                                            },
                                            "elements": [],
                                            "isInner": false,
                                            "widgetType": "post-info",
                                            "elType": "widget"
                                        },
                                        {
                                            "id": "7f10216c",
                                            "settings": {
                                                "icon_list": [
                                                    {
                                                        "selected_icon": {
                                                            "value": "fas fa-calendar",
                                                            "library": "fa-solid"
                                                        },
                                                        "_id": "9e1568f",
                                                        "custom_date_format": "F j, Y",
                                                        "custom_time_format": "g:i a",
                                                        "show_icon": "none"
                                                    }
                                                ],
                                                "space_between": {
                                                    "unit": "px",
                                                    "size": 20,
                                                    "sizes": []
                                                },
                                                "icon_align": "center",
                                                "_element_width": "auto",
                                                "__globals__": {
                                                    "icon_typography_typography": "globals\/typography?id=7ae08a8",
                                                    "text_color": "globals\/colors?id=5a0d508"
                                                }
                                            },
                                            "elements": [],
                                            "isInner": false,
                                            "widgetType": "post-info",
                                            "elType": "widget"
                                        }
                                    ],
                                    "isInner": true,
                                    "elType": "column"
                                }
                            ],
                            "isInner": true,
                            "elType": "section"
                        },
                        {
                            "id": "78869126",
                            "settings": {
                                "__dynamic__": {
                                    "image": "[elementor-tag id=\"\" name=\"post-featured-image\" settings=\"%7B%22fallback%22%3A%7B%22url%22%3A%22%22%2C%22id%22%3A%22%22%7D%7D\"]"
                                },
                                "image_size": "2048x2048",
                                "width": {
                                    "unit": "%",
                                    "size": 100,
                                    "sizes": []
                                },
                                "height": {
                                    "unit": "px",
                                    "size": 680,
                                    "sizes": []
                                },
                                "height_tablet": {
                                    "unit": "px",
                                    "size": 470,
                                    "sizes": []
                                },
                                "height_mobile": {
                                    "unit": "px",
                                    "size": 400,
                                    "sizes": []
                                },
                                "object-fit": "cover",
                                "image": {
                                    "url": "https:\/\/goatthemes.com\/elementor_kit\/suga-creativez\/wp-content\/plugins\/elementor\/assets\/images\/placeholder.png",
                                    "id": ""
                                }
                            },
                            "elements": [],
                            "isInner": false,
                            "widgetType": "theme-post-featured-image",
                            "elType": "widget"
                        }
                    ],
                    "isInner": false,
                    "elType": "column"
                }
            ],
            "isInner": false,
            "elType": "section"
        },
        {
            "id": "7e7e2628",
            "settings": {
                "content_width": {
                    "unit": "px",
                    "size": 970,
                    "sizes": []
                },
                "gap": "no",
                "structure": "20",
                "background_background": "classic",
                "margin": {
                    "unit": "px",
                    "top": "0",
                    "right": 0,
                    "bottom": "0",
                    "left": 0,
                    "isLinked": false
                },
                "padding": {
                    "unit": "px",
                    "top": "60",
                    "right": "015",
                    "bottom": "90",
                    "left": "015",
                    "isLinked": false
                },
                "_title": "Content",
                "__globals__": {
                    "background_color": "globals\/colors?id=3bbaedc"
                },
                "margin_tablet": {
                    "unit": "px",
                    "top": "0",
                    "right": 0,
                    "bottom": "0",
                    "left": 0,
                    "isLinked": false
                },
                "margin_mobile": {
                    "unit": "px",
                    "top": "0",
                    "right": 0,
                    "bottom": "0",
                    "left": 0,
                    "isLinked": false
                }
            },
            "elements": [
                {
                    "id": "6aa77582",
                    "settings": {
                        "_column_size": 50,
                        "_inline_size": 10,
                        "space_between_widgets": 0,
                        "margin": {
                            "unit": "px",
                            "top": "0",
                            "right": "0",
                            "bottom": "0",
                            "left": "0",
                            "isLinked": false
                        },
                        "padding": {
                            "unit": "px",
                            "top": "0",
                            "right": "0",
                            "bottom": "0",
                            "left": "0",
                            "isLinked": false
                        },
                        "hide_tablet": "hidden-tablet",
                        "hide_mobile": "hidden-mobile"
                    },
                    "elements": [
                        {
                            "id": "1ab0dfd1",
                            "settings": {
                                "layout": "full_width",
                                "margin": {
                                    "unit": "px",
                                    "top": "0",
                                    "right": 0,
                                    "bottom": "0",
                                    "left": 0,
                                    "isLinked": false
                                },
                                "padding": {
                                    "unit": "px",
                                    "top": "0",
                                    "right": "50",
                                    "bottom": "0",
                                    "left": "0",
                                    "isLinked": false
                                },
                                "sticky": "top",
                                "sticky_offset": 40,
                                "_title": "Content-left",
                                "sticky_parent": "yes",
                                "padding_mobile": {
                                    "unit": "px",
                                    "top": "0",
                                    "right": "0",
                                    "bottom": "20",
                                    "left": "0",
                                    "isLinked": false
                                }
                            },
                            "elements": [
                                {
                                    "id": "48107866",
                                    "settings": {
                                        "_column_size": 100,
                                        "_inline_size": null,
                                        "space_between_widgets": 0,
                                        "margin": {
                                            "unit": "px",
                                            "top": "0",
                                            "right": "0",
                                            "bottom": "0",
                                            "left": "0",
                                            "isLinked": false
                                        },
                                        "padding": {
                                            "unit": "px",
                                            "top": "0",
                                            "right": "0",
                                            "bottom": "0",
                                            "left": "0",
                                            "isLinked": false
                                        }
                                    },
                                    "elements": [
                                        {
                                            "id": "6c7a2806",
                                            "settings": {
                                                "share_buttons": [
                                                    {
                                                        "_id": "21fd7a0"
                                                    },
                                                    {
                                                        "button": "twitter",
                                                        "_id": "dce49cb"
                                                    },
                                                    {
                                                        "button": "linkedin",
                                                        "_id": "293431a"
                                                    }
                                                ],
                                                "view": "icon",
                                                "alignment": "center",
                                                "column_gap": {
                                                    "unit": "px",
                                                    "size": 68,
                                                    "sizes": []
                                                },
                                                "border_size": {
                                                    "unit": "px",
                                                    "size": 1,
                                                    "sizes": []
                                                },
                                                "color_source": "custom",
                                                "__globals__": {
                                                    "primary_color": "globals\/colors?id=primary",
                                                    "primary_color_hover": "globals\/colors?id=primary",
                                                    "secondary_color_hover": "",
                                                    "secondary_color": "globals\/colors?id=5090b7e"
                                                },
                                                "skin": "minimal",
                                                "alignment_mobile": "left",
                                                "column_gap_mobile": {
                                                    "unit": "px",
                                                    "size": 10,
                                                    "sizes": []
                                                },
                                                "shape": "circle"
                                            },
                                            "elements": [],
                                            "isInner": false,
                                            "widgetType": "share-buttons",
                                            "elType": "widget"
                                        },
                                        {
                                            "id": "7f799a7",
                                            "settings": {
                                                "width": {
                                                    "unit": "px",
                                                    "size": 1,
                                                    "sizes": []
                                                },
                                                "align": "center",
                                                "text": "Divider",
                                                "weight": {
                                                    "unit": "px",
                                                    "size": 78,
                                                    "sizes": []
                                                },
                                                "gap": {
                                                    "unit": "px",
                                                    "size": 0,
                                                    "sizes": []
                                                },
                                                "_margin": {
                                                    "unit": "px",
                                                    "top": "015",
                                                    "right": "0",
                                                    "bottom": "022",
                                                    "left": "0",
                                                    "isLinked": false
                                                },
                                                "_padding": {
                                                    "unit": "px",
                                                    "top": "0",
                                                    "right": "0",
                                                    "bottom": "0",
                                                    "left": "0",
                                                    "isLinked": false
                                                },
                                                "__globals__": {
                                                    "color": "globals\/colors?id=d4fb9e1"
                                                },
                                                "hide_mobile": "hidden-mobile"
                                            },
                                            "elements": [],
                                            "isInner": false,
                                            "widgetType": "divider",
                                            "elType": "widget"
                                        },
                                        {
                                            "id": "6acbd0ff",
                                            "settings": {
                                                "title": "Share",
                                                "align": "center",
                                                "_margin": {
                                                    "unit": "px",
                                                    "top": "0",
                                                    "right": "0",
                                                    "bottom": "0",
                                                    "left": "0",
                                                    "isLinked": false
                                                },
                                                "_padding": {
                                                    "unit": "px",
                                                    "top": "0",
                                                    "right": "30",
                                                    "bottom": "0",
                                                    "left": "0",
                                                    "isLinked": false
                                                },
                                                "jkit_transform_rotate": {
                                                    "unit": "px",
                                                    "size": -90,
                                                    "sizes": []
                                                },
                                                "__globals__": {
                                                    "typography_typography": "globals\/typography?id=accent",
                                                    "title_color": "globals\/colors?id=accent"
                                                }
                                            },
                                            "elements": [],
                                            "isInner": false,
                                            "widgetType": "heading",
                                            "elType": "widget"
                                        }
                                    ],
                                    "isInner": true,
                                    "elType": "column"
                                }
                            ],
                            "isInner": true,
                            "elType": "section"
                        }
                    ],
                    "isInner": false,
                    "elType": "column"
                },
                {
                    "id": "79a447ec",
                    "settings": {
                        "_column_size": 50,
                        "_inline_size": 90,
                        "space_between_widgets": 0,
                        "margin": {
                            "unit": "px",
                            "top": "0",
                            "right": "0",
                            "bottom": "0",
                            "left": "0",
                            "isLinked": false
                        },
                        "padding": {
                            "unit": "px",
                            "top": "0",
                            "right": "0",
                            "bottom": "0",
                            "left": "0",
                            "isLinked": false
                        },
                        "align": "center",
                        "_inline_size_tablet": 100,
                        "padding_mobile": {
                            "unit": "px",
                            "top": "0",
                            "right": "0",
                            "bottom": "0",
                            "left": "0",
                            "isLinked": false
                        },
                        "padding_tablet": {
                            "unit": "px",
                            "top": "0",
                            "right": "0",
                            "bottom": "0",
                            "left": "0",
                            "isLinked": true
                        }
                    },
                    "elements": [
                        {
                            "id": "7be48c73",
                            "settings": {
                                "share_buttons": [
                                    {
                                        "_id": "21fd7a0"
                                    },
                                    {
                                        "button": "twitter",
                                        "_id": "dce49cb"
                                    },
                                    {
                                        "button": "linkedin",
                                        "_id": "293431a"
                                    }
                                ],
                                "view": "icon",
                                "alignment": "left",
                                "column_gap": {
                                    "unit": "px",
                                    "size": 15,
                                    "sizes": []
                                },
                                "border_size": {
                                    "unit": "px",
                                    "size": 1,
                                    "sizes": []
                                },
                                "color_source": "custom",
                                "__globals__": {
                                    "primary_color": "globals\/colors?id=primary",
                                    "primary_color_hover": "globals\/colors?id=primary",
                                    "secondary_color_hover": "",
                                    "secondary_color": ""
                                },
                                "skin": "minimal",
                                "alignment_mobile": "left",
                                "column_gap_mobile": {
                                    "unit": "px",
                                    "size": 10,
                                    "sizes": []
                                },
                                "_margin": {
                                    "unit": "px",
                                    "top": "0",
                                    "right": "0",
                                    "bottom": "20",
                                    "left": "0",
                                    "isLinked": false
                                },
                                "_padding": {
                                    "unit": "px",
                                    "top": "0",
                                    "right": "0",
                                    "bottom": "0",
                                    "left": "0",
                                    "isLinked": false
                                },
                                "hide_desktop": "hidden-desktop",
                                "shape": "circle"
                            },
                            "elements": [],
                            "isInner": false,
                            "widgetType": "share-buttons",
                            "elType": "widget"
                        },
                        {
                            "id": "4169df51",
                            "settings": [],
                            "elements": [],
                            "isInner": false,
                            "widgetType": "theme-post-content",
                            "elType": "widget"
                        },
                        {
                            "id": "2954e865",
                            "settings": {
                                "layout": "full_width",
                                "structure": "20",
                                "margin": {
                                    "unit": "px",
                                    "top": "30",
                                    "right": 0,
                                    "bottom": "0",
                                    "left": 0,
                                    "isLinked": false
                                },
                                "padding": {
                                    "unit": "px",
                                    "top": "0",
                                    "right": "0",
                                    "bottom": "0",
                                    "left": "0",
                                    "isLinked": false
                                },
                                "_title": "Footer",
                                "margin_mobile": {
                                    "unit": "px",
                                    "top": "20",
                                    "right": 0,
                                    "bottom": "0",
                                    "left": 0,
                                    "isLinked": false
                                },
                                "padding_mobile": {
                                    "unit": "px",
                                    "top": "0",
                                    "right": "0",
                                    "bottom": "0",
                                    "left": "0",
                                    "isLinked": false
                                }
                            },
                            "elements": [
                                {
                                    "id": "48565281",
                                    "settings": {
                                        "_column_size": 50,
                                        "_inline_size": null,
                                        "margin": {
                                            "unit": "px",
                                            "top": "0",
                                            "right": "0",
                                            "bottom": "0",
                                            "left": "0",
                                            "isLinked": false
                                        },
                                        "padding": {
                                            "unit": "px",
                                            "top": "0",
                                            "right": "0",
                                            "bottom": "0",
                                            "left": "0",
                                            "isLinked": false
                                        }
                                    },
                                    "elements": [
                                        {
                                            "id": "7797d640",
                                            "settings": {
                                                "icon_list": [
                                                    {
                                                        "type": "terms",
                                                        "selected_icon": {
                                                            "value": "far fa-comment-dots",
                                                            "library": "fa-regular"
                                                        },
                                                        "_id": "3967c04",
                                                        "custom_date_format": "F j, Y",
                                                        "custom_time_format": "g:i a",
                                                        "taxonomy": "post_tag",
                                                        "show_icon": "none"
                                                    }
                                                ],
                                                "__globals__": {
                                                    "text_color": "globals\/colors?id=accent",
                                                    "icon_typography_typography": "globals\/typography?id=text"
                                                }
                                            },
                                            "elements": [],
                                            "isInner": false,
                                            "widgetType": "post-info",
                                            "elType": "widget"
                                        }
                                    ],
                                    "isInner": true,
                                    "elType": "column"
                                },
                                {
                                    "id": "498a983c",
                                    "settings": {
                                        "_column_size": 50,
                                        "_inline_size": null,
                                        "align": "flex-end",
                                        "margin": {
                                            "unit": "px",
                                            "top": "0",
                                            "right": "0",
                                            "bottom": "0",
                                            "left": "0",
                                            "isLinked": false
                                        },
                                        "padding": {
                                            "unit": "px",
                                            "top": "0",
                                            "right": "0",
                                            "bottom": "0",
                                            "left": "0",
                                            "isLinked": false
                                        },
                                        "margin_mobile": {
                                            "unit": "px",
                                            "top": "015",
                                            "right": "0",
                                            "bottom": "0",
                                            "left": "0",
                                            "isLinked": false
                                        }
                                    },
                                    "elements": [
                                        {
                                            "id": "2a75811d",
                                            "settings": {
                                                "icon_list": [
                                                    {
                                                        "type": "comments",
                                                        "selected_icon": {
                                                            "value": "far fa-comment-dots",
                                                            "library": "fa-regular"
                                                        },
                                                        "_id": "0741d61",
                                                        "custom_date_format": "F j, Y",
                                                        "custom_time_format": "g:i a",
                                                        "show_icon": "none"
                                                    }
                                                ],
                                                "icon_align": "right",
                                                "__globals__": {
                                                    "text_color": "globals\/colors?id=accent",
                                                    "icon_typography_typography": "globals\/typography?id=text"
                                                }
                                            },
                                            "elements": [],
                                            "isInner": false,
                                            "widgetType": "post-info",
                                            "elType": "widget"
                                        }
                                    ],
                                    "isInner": true,
                                    "elType": "column"
                                }
                            ],
                            "isInner": true,
                            "elType": "section"
                        },
                        {
                            "id": "b2dc138",
                            "settings": {
                                "author_name": "John Doe",
                                "author_bio": "Lorem ipsum dolor sit amet consectetur adipiscing elit dolor",
                                "link_text": "All Posts",
                                "layout": "left",
                                "image_vertical_align": "middle",
                                "image_size": {
                                    "unit": "px",
                                    "size": 110,
                                    "sizes": []
                                },
                                "_margin": {
                                    "unit": "px",
                                    "top": "50",
                                    "right": "0",
                                    "bottom": "0",
                                    "left": "0",
                                    "isLinked": false
                                },
                                "_padding": {
                                    "unit": "px",
                                    "top": "0",
                                    "right": "0",
                                    "bottom": "0",
                                    "left": "0",
                                    "isLinked": false
                                },
                                "_element_width": "initial",
                                "_element_custom_width": {
                                    "unit": "px",
                                    "size": 510,
                                    "sizes": []
                                },
                                "__globals__": {
                                    "name_typography_typography": "globals\/typography?id=fac7c13",
                                    "bio_typography_typography": "globals\/typography?id=accent",
                                    "bio_color": "globals\/colors?id=accent",
                                    "name_color": "globals\/colors?id=secondary"
                                },
                                "image_size_mobile": {
                                    "unit": "px",
                                    "size": 80,
                                    "sizes": []
                                },
                                "image_gap_mobile": {
                                    "unit": "px",
                                    "size": 10,
                                    "sizes": []
                                },
                                "_margin_mobile": {
                                    "unit": "px",
                                    "top": "30",
                                    "right": "0",
                                    "bottom": "0",
                                    "left": "0",
                                    "isLinked": false
                                },
                                "author_avatar": {
                                    "url": "https:\/\/goatthemes.com\/selection\/wp-content\/plugins\/elementor\/assets\/images\/placeholder.png",
                                    "id": ""
                                },
                                "image_size_tablet": {
                                    "unit": "px",
                                    "size": 100,
                                    "sizes": []
                                }
                            },
                            "elements": [],
                            "isInner": false,
                            "widgetType": "author-box",
                            "elType": "widget"
                        },
                        {
                            "id": "7db4d2d8",
                            "settings": {
                                "prev_label": "Previous",
                                "next_label": "Next",
                                "arrow": "fa fa-arrow-left",
                                "__globals__": {
                                    "title_typography_typography": "globals\/typography?id=8bb66ad",
                                    "arrow_color": "globals\/colors?id=9222dbf",
                                    "label_color": "globals\/colors?id=9222dbf",
                                    "label_typography_typography": "globals\/typography?id=e00bf0c",
                                    "_border_color": "globals\/colors?id=d4fb9e1",
                                    "text_color": "globals\/colors?id=secondary",
                                    "hover_color": "globals\/colors?id=primary",
                                    "arrow_hover_color": "globals\/colors?id=primary",
                                    "label_hover_color": "globals\/colors?id=primary",
                                    "sep_color": "globals\/colors?id=d4fb9e1"
                                },
                                "arrow_size": {
                                    "unit": "px",
                                    "size": 16,
                                    "sizes": []
                                },
                                "arrow_padding": {
                                    "unit": "px",
                                    "size": 15,
                                    "sizes": []
                                },
                                "_margin": {
                                    "unit": "px",
                                    "top": "50",
                                    "right": "0",
                                    "bottom": "0",
                                    "left": "0",
                                    "isLinked": false
                                },
                                "_padding": {
                                    "unit": "px",
                                    "top": "025",
                                    "right": "0",
                                    "bottom": "025",
                                    "left": "0",
                                    "isLinked": false
                                },
                                "_border_border": "solid",
                                "_border_width": {
                                    "unit": "px",
                                    "top": "01",
                                    "right": "0",
                                    "bottom": "01",
                                    "left": "0",
                                    "isLinked": false
                                },
                                "_margin_mobile": {
                                    "unit": "px",
                                    "top": "30",
                                    "right": "0",
                                    "bottom": "0",
                                    "left": "0",
                                    "isLinked": false
                                },
                                "borders_width": {
                                    "unit": "px",
                                    "size": 1,
                                    "sizes": []
                                }
                            },
                            "elements": [],
                            "isInner": false,
                            "widgetType": "post-navigation",
                            "elType": "widget"
                        },
                        {
                            "id": "77433bbe",
                            "settings": {
                                "_skin": "theme_comments",
                                "_margin": {
                                    "unit": "px",
                                    "top": "40",
                                    "right": "0",
                                    "bottom": "-13",
                                    "left": "0",
                                    "isLinked": false
                                },
                                "_padding": {
                                    "unit": "px",
                                    "top": "0",
                                    "right": "0",
                                    "bottom": "0",
                                    "left": "0",
                                    "isLinked": false
                                },
                                "_margin_mobile": {
                                    "unit": "px",
                                    "top": "30",
                                    "right": "0",
                                    "bottom": "-13",
                                    "left": "0",
                                    "isLinked": false
                                }
                            },
                            "elements": [],
                            "isInner": false,
                            "widgetType": "post-comments",
                            "elType": "widget"
                        }
                    ],
                    "isInner": false,
                    "elType": "column"
                }
            ],
            "isInner": false,
            "elType": "section"
        },
        {
            "id": "15a2de13",
            "settings": {
                "layout": "full_width",
                "margin": {
                    "unit": "px",
                    "top": "0",
                    "right": 0,
                    "bottom": "0",
                    "left": 0,
                    "isLinked": false
                },
                "padding": {
                    "unit": "px",
                    "top": "60",
                    "right": "0",
                    "bottom": "60",
                    "left": "0",
                    "isLinked": false
                },
                "_title": "Related",
                "background_background": "classic",
                "padding_tablet": {
                    "unit": "px",
                    "top": "50",
                    "right": "0",
                    "bottom": "50",
                    "left": "0",
                    "isLinked": false
                },
                "__globals__": {
                    "background_color": "globals\/colors?id=d0d6eba"
                }
            },
            "elements": [
                {
                    "id": "71104e94",
                    "settings": {
                        "_column_size": 100,
                        "_inline_size": null,
                        "margin": {
                            "unit": "px",
                            "top": "0",
                            "right": "0",
                            "bottom": "0",
                            "left": "0",
                            "isLinked": false
                        },
                        "padding": {
                            "unit": "px",
                            "top": "0",
                            "right": "0",
                            "bottom": "0",
                            "left": "0",
                            "isLinked": false
                        }
                    },
                    "elements": [
                        {
                            "id": "78dc59d6",
                            "settings": {
                                "content_width": {
                                    "unit": "px",
                                    "size": 1170,
                                    "sizes": []
                                },
                                "gap": "no",
                                "margin": {
                                    "unit": "px",
                                    "top": "0",
                                    "right": 0,
                                    "bottom": "40",
                                    "left": 0,
                                    "isLinked": false
                                },
                                "margin_tablet": {
                                    "unit": "px",
                                    "top": "0",
                                    "right": 0,
                                    "bottom": "30",
                                    "left": 0,
                                    "isLinked": false
                                },
                                "padding": {
                                    "unit": "px",
                                    "top": "0",
                                    "right": "15",
                                    "bottom": "0",
                                    "left": "15",
                                    "isLinked": false
                                },
                                "_title": "Heading"
                            },
                            "elements": [
                                {
                                    "id": "29a68a42",
                                    "settings": {
                                        "_column_size": 100,
                                        "_inline_size": null,
                                        "margin": {
                                            "unit": "px",
                                            "top": "0",
                                            "right": "0",
                                            "bottom": "0",
                                            "left": "0",
                                            "isLinked": false
                                        },
                                        "padding": {
                                            "unit": "px",
                                            "top": "0",
                                            "right": "0",
                                            "bottom": "0",
                                            "left": "0",
                                            "isLinked": false
                                        }
                                    },
                                    "elements": [
                                        {
                                            "id": "4d71e3a2",
                                            "settings": {
                                                "title": "You may also like",
                                                "align": "left",
                                                "__globals__": {
                                                    "title_color": "globals\/colors?id=primary",
                                                    "typography_typography": "globals\/typography?id=271a82b"
                                                }
                                            },
                                            "elements": [],
                                            "isInner": false,
                                            "widgetType": "heading",
                                            "elType": "widget"
                                        }
                                    ],
                                    "isInner": true,
                                    "elType": "column"
                                }
                            ],
                            "isInner": true,
                            "elType": "section"
                        },
                        {
                            "id": "119a4f09",
                            "settings": {
                                "content_width": {
                                    "unit": "px",
                                    "size": 1170,
                                    "sizes": []
                                },
                                "margin": {
                                    "unit": "px",
                                    "top": "0",
                                    "right": 0,
                                    "bottom": "0",
                                    "left": 0,
                                    "isLinked": false
                                },
                                "padding": {
                                    "unit": "px",
                                    "top": "0",
                                    "right": "15",
                                    "bottom": "0",
                                    "left": "15",
                                    "isLinked": false
                                },
                                "_title": "Content",
                                "border_width": {
                                    "unit": "px",
                                    "top": "1",
                                    "right": "0",
                                    "bottom": "1",
                                    "left": "0",
                                    "isLinked": false
                                },
                                "__globals__": {
                                    "border_color": "globals\/colors?id=96f2869"
                                },
                                "gap": "no"
                            },
                            "elements": [
                                {
                                    "id": "67ca6b91",
                                    "settings": {
                                        "_column_size": 100,
                                        "_inline_size": null,
                                        "margin": {
                                            "unit": "px",
                                            "top": "0",
                                            "right": "0",
                                            "bottom": "0",
                                            "left": "0",
                                            "isLinked": false
                                        },
                                        "padding": {
                                            "unit": "%",
                                            "top": "0",
                                            "right": "0",
                                            "bottom": "0",
                                            "left": "0",
                                            "isLinked": false
                                        },
                                        "margin_mobile": {
                                            "unit": "px",
                                            "top": "0",
                                            "right": "0",
                                            "bottom": "0",
                                            "left": "0",
                                            "isLinked": false
                                        },
                                        "padding_tablet": {
                                            "unit": "px",
                                            "top": "0",
                                            "right": "0",
                                            "bottom": "0",
                                            "left": "0",
                                            "isLinked": false
                                        }
                                    },
                                    "elements": [
                                        {
                                            "id": "4d38c948",
                                            "settings": {
                                                "sg_content_postblock_type": "type-2",
                                                "sg_content_image_size_imagesize_size": "large",
                                                "sg_content_column_responsive": {
                                                    "unit": "px",
                                                    "size": 3,
                                                    "sizes": []
                                                },
                                                "sg_content_column_responsive_tablet": {
                                                    "unit": "px",
                                                    "size": 2,
                                                    "sizes": []
                                                },
                                                "sg_content_excerpt_enable": "",
                                                "sg_content_excerpt_more": "...",
                                                "sg_content_readmore_enable": "",
                                                "sg_content_readmore_text": "Read More",
                                                "sg_content_comment_enable": "",
                                                "sg_content_meta_author_by_text": "by ",
                                                "sg_content_meta_author_icon": {
                                                    "value": "",
                                                    "library": ""
                                                },
                                                "sg_content_meta_date_format_custom": "F j, Y",
                                                "sg_content_meta_date_icon": {
                                                    "value": "",
                                                    "library": ""
                                                },
                                                "pagination_loadmore_text": "Load More",
                                                "pagination_loading_text": "Loading...",
                                                "st_wrapper_padding_responsive": {
                                                    "unit": "px",
                                                    "top": "0",
                                                    "right": "0",
                                                    "bottom": "0",
                                                    "left": "0",
                                                    "isLinked": false
                                                },
                                                "st_wrapper_margin_responsive": {
                                                    "unit": "px",
                                                    "top": "0",
                                                    "right": "0",
                                                    "bottom": "0",
                                                    "left": "0",
                                                    "isLinked": false
                                                },
                                                "st_wrapper_border_radius_responsive": {
                                                    "unit": "px",
                                                    "top": "0",
                                                    "right": "0",
                                                    "bottom": "0",
                                                    "left": "0",
                                                    "isLinked": false
                                                },
                                                "st_post_item_gap_responsive": {
                                                    "unit": "px",
                                                    "size": 30,
                                                    "sizes": []
                                                },
                                                "st_post_item_gap_responsive_tablet": {
                                                    "unit": "px",
                                                    "size": 30,
                                                    "sizes": []
                                                },
                                                "st_post_item_padding_responsive": {
                                                    "unit": "px",
                                                    "top": "0",
                                                    "right": "0",
                                                    "bottom": "0",
                                                    "left": "0",
                                                    "isLinked": false
                                                },
                                                "st_post_item_margin_responsive": {
                                                    "unit": "px",
                                                    "top": "0",
                                                    "right": "0",
                                                    "bottom": "0",
                                                    "left": "0",
                                                    "isLinked": false
                                                },
                                                "st_post_item_border_radius_responsive": {
                                                    "unit": "px",
                                                    "top": "0",
                                                    "right": "0",
                                                    "bottom": "0",
                                                    "left": "0",
                                                    "isLinked": false
                                                },
                                                "st_thumbnail_padding_responsive": {
                                                    "unit": "px",
                                                    "top": "0",
                                                    "right": "0",
                                                    "bottom": "0",
                                                    "left": "0",
                                                    "isLinked": false
                                                },
                                                "st_thumbnail_margin_responsive": {
                                                    "unit": "px",
                                                    "top": "0",
                                                    "right": "0",
                                                    "bottom": "0",
                                                    "left": "0",
                                                    "isLinked": false
                                                },
                                                "st_thumbnail_border_radius_responsive": {
                                                    "unit": "px",
                                                    "top": "0",
                                                    "right": "0",
                                                    "bottom": "0",
                                                    "left": "0",
                                                    "isLinked": false
                                                },
                                                "st_thumbnail_container_height_responsive": {
                                                    "unit": "px",
                                                    "size": 360,
                                                    "sizes": []
                                                },
                                                "st_thumbnail_container_background_background_background": "classic",
                                                "st_thumbnail_container_border_radius_responsive": {
                                                    "unit": "px",
                                                    "top": "0",
                                                    "right": "0",
                                                    "bottom": "0",
                                                    "left": "0",
                                                    "isLinked": false
                                                },
                                                "st_content_padding_responsive": {
                                                    "unit": "px",
                                                    "top": "20",
                                                    "right": "0",
                                                    "bottom": "0",
                                                    "left": "0",
                                                    "isLinked": false
                                                },
                                                "st_content_margin_responsive": {
                                                    "unit": "px",
                                                    "top": "0",
                                                    "right": "0",
                                                    "bottom": "-30",
                                                    "left": "20",
                                                    "isLinked": false
                                                },
                                                "st_content_border_radius_responsive": {
                                                    "unit": "px",
                                                    "top": "0",
                                                    "right": "0",
                                                    "bottom": "0",
                                                    "left": "0",
                                                    "isLinked": false
                                                },
                                                "st_category_padding_responsive": {
                                                    "unit": "px",
                                                    "top": "0",
                                                    "right": "0",
                                                    "bottom": "0",
                                                    "left": "0",
                                                    "isLinked": false
                                                },
                                                "st_category_margin_responsive": {
                                                    "unit": "px",
                                                    "top": "0",
                                                    "right": "0",
                                                    "bottom": "0",
                                                    "left": "0",
                                                    "isLinked": false
                                                },
                                                "st_category_border_radius_responsive": {
                                                    "unit": "px",
                                                    "top": "0",
                                                    "right": "0",
                                                    "bottom": "0",
                                                    "left": "0",
                                                    "isLinked": false
                                                },
                                                "st_title_margin_responsive": {
                                                    "unit": "px",
                                                    "top": "10",
                                                    "right": "0",
                                                    "bottom": "12",
                                                    "left": "0",
                                                    "isLinked": false
                                                },
                                                "st_nocontent_text": "No Content Available",
                                                "__globals__": {
                                                    "st_thumbnail_container_background_background_color": "globals\/colors?id=df214f5",
                                                    "st_category_typography_content_typography_typography": "globals\/typography?id=e00bf0c",
                                                    "st_category_color_responsive": "globals\/colors?id=9222dbf",
                                                    "st_title_normal_typography_content_typography_typography": "globals\/typography?id=f27ede8",
                                                    "st_title_normal_color_responsive": "globals\/colors?id=secondary",
                                                    "st_meta_typography_content_typography_typography": "globals\/typography?id=e270c1d",
                                                    "st_meta_color_responsive": "globals\/colors?id=0a2a987",
                                                    "st_meta_author_name_typography_content_typography_typography": "globals\/typography?id=7d8455b",
                                                    "st_meta_author_name_color_responsive": "globals\/colors?id=9b761e3"
                                                },
                                                "sg_content_meta_enable": "",
                                                "st_post_item_margin_responsive_mobile": {
                                                    "unit": "px",
                                                    "top": "0",
                                                    "right": "0",
                                                    "bottom": "30",
                                                    "left": "0",
                                                    "isLinked": false
                                                },
                                                "_margin_mobile": {
                                                    "unit": "px",
                                                    "top": "0",
                                                    "right": "0",
                                                    "bottom": "-30",
                                                    "left": "0",
                                                    "isLinked": false
                                                },
                                                "_padding_mobile": {
                                                    "unit": "px",
                                                    "top": "0",
                                                    "right": "0",
                                                    "bottom": "0",
                                                    "left": "0",
                                                    "isLinked": false
                                                },
                                                "content_selection": "related",
                                                "st_post_item_margin_responsive_tablet": {
                                                    "unit": "px",
                                                    "top": "0",
                                                    "right": "0",
                                                    "bottom": "30",
                                                    "left": "0",
                                                    "isLinked": false
                                                },
                                                "_margin_tablet": {
                                                    "unit": "px",
                                                    "top": "0",
                                                    "right": "0",
                                                    "bottom": "-30",
                                                    "left": "0",
                                                    "isLinked": false
                                                },
                                                "_padding_tablet": {
                                                    "unit": "px",
                                                    "top": "0",
                                                    "right": "0",
                                                    "bottom": "0",
                                                    "left": "0",
                                                    "isLinked": false
                                                }
                                            },
                                            "elements": [],
                                            "isInner": false,
                                            "widgetType": "jkit_post_block",
                                            "elType": "widget"
                                        }
                                    ],
                                    "isInner": true,
                                    "elType": "column"
                                }
                            ],
                            "isInner": true,
                            "elType": "section"
                        }
                    ],
                    "isInner": false,
                    "elType": "column"
                }
            ],
            "isInner": false,
            "elType": "section"
        }
    ]
}