{
    "version": "0.4",
    "title": "Abstract Header 1",
    "type": "header",
    "metadata": {
        "template_type": "section-header",
        "include_in_zip": "1",
        "elementor_pro_required": "1",
        "elementor_library_type": "header",
        "elementor_pro_conditions": [
            "include\/general"
        ],
        "additional_template_information": [
            "This is a \"Header\" template for Elementor Pro.",
            "This template will display on: Entire Site."
        ],
        "wp_page_template": "default"
    },
    "content": [
        {
            "id": "397dceb9",
            "settings": {
                "layout": "full_width",
                "margin": {
                    "unit": "px",
                    "top": "0",
                    "right": 0,
                    "bottom": "0",
                    "left": 0,
                    "isLinked": false
                },
                "padding": {
                    "unit": "px",
                    "top": "0",
                    "right": "0",
                    "bottom": "0",
                    "left": "0",
                    "isLinked": false
                },
                "_title": "Header-Desktop",
                "padding_tablet": {
                    "unit": "px",
                    "top": "0",
                    "right": "0",
                    "bottom": "0",
                    "left": "0",
                    "isLinked": false
                },
                "margin_tablet": {
                    "unit": "px",
                    "top": "0",
                    "right": 0,
                    "bottom": "0",
                    "left": 0,
                    "isLinked": false
                },
                "hide_mobile": "hidden-mobile",
                "border_width": {
                    "unit": "px",
                    "top": "0",
                    "right": "0",
                    "bottom": "01",
                    "left": "0",
                    "isLinked": false
                },
                "__globals__": {
                    "border_color": "",
                    "background_color": "globals\/colors?id=65e930d"
                },
                "background_background": "classic"
            },
            "elements": [
                {
                    "id": "39eda33",
                    "settings": {
                        "_column_size": 100,
                        "_inline_size": null,
                        "margin": {
                            "unit": "px",
                            "top": "0",
                            "right": "0",
                            "bottom": "0",
                            "left": "0",
                            "isLinked": false
                        },
                        "padding": {
                            "unit": "px",
                            "top": "0",
                            "right": "0",
                            "bottom": "0",
                            "left": "0",
                            "isLinked": false
                        }
                    },
                    "elements": [
                        {
                            "id": "60c12ef5",
                            "settings": {
                                "structure": "20",
                                "margin": {
                                    "unit": "px",
                                    "top": "0",
                                    "right": 0,
                                    "bottom": "0",
                                    "left": 0,
                                    "isLinked": false
                                },
                                "padding": {
                                    "unit": "px",
                                    "top": "0",
                                    "right": "15",
                                    "bottom": "0",
                                    "left": "15",
                                    "isLinked": false
                                },
                                "border_width": {
                                    "unit": "px",
                                    "top": "0",
                                    "right": "0",
                                    "bottom": "01",
                                    "left": "0",
                                    "isLinked": false
                                },
                                "__globals__": {
                                    "border_color": ""
                                },
                                "content_width": {
                                    "unit": "px",
                                    "size": 1170,
                                    "sizes": []
                                },
                                "gap": "no"
                            },
                            "elements": [
                                {
                                    "id": "7149f570",
                                    "settings": {
                                        "_column_size": 50,
                                        "_inline_size": 25,
                                        "margin": {
                                            "unit": "px",
                                            "top": "0",
                                            "right": "0",
                                            "bottom": "0",
                                            "left": "0",
                                            "isLinked": false
                                        },
                                        "padding": {
                                            "unit": "px",
                                            "top": "0",
                                            "right": "0",
                                            "bottom": "0",
                                            "left": "0",
                                            "isLinked": false
                                        },
                                        "content_position": "center",
                                        "_inline_size_tablet": 25
                                    },
                                    "elements": [
                                        {
                                            "id": "21ac3e90",
                                            "settings": {
                                                "text": "",
                                                "selected_icon": {
                                                    "value": "fas fa-bars",
                                                    "library": "fa-solid"
                                                },
                                                "icon_indent": {
                                                    "unit": "px",
                                                    "size": 0,
                                                    "sizes": []
                                                },
                                                "button_box_shadow_box_shadow": {
                                                    "horizontal": -100,
                                                    "vertical": 0,
                                                    "blur": 10,
                                                    "spread": 0,
                                                    "color": "rgba(0,0,0,0.5)"
                                                },
                                                "text_padding": {
                                                    "unit": "px",
                                                    "top": "0",
                                                    "right": "1",
                                                    "bottom": "0",
                                                    "left": "1",
                                                    "isLinked": false
                                                },
                                                "_offset_x": {
                                                    "unit": "px",
                                                    "size": "",
                                                    "sizes": []
                                                },
                                                "__globals__": {
                                                    "background_color": "globals\/colors?id=60b6bf6",
                                                    "button_text_color": "globals\/colors?id=c27d2aa",
                                                    "typography_typography": "globals\/typography?id=ad33066",
                                                    "button_background_hover_color": "",
                                                    "hover_color": ""
                                                },
                                                "align": "left",
                                                "_margin": {
                                                    "unit": "px",
                                                    "top": "10",
                                                    "right": "30",
                                                    "bottom": "0",
                                                    "left": "0",
                                                    "isLinked": false
                                                },
                                                "_offset_y": {
                                                    "unit": "%",
                                                    "size": 33,
                                                    "sizes": []
                                                },
                                                "__dynamic__": {
                                                    "link": "[elementor-tag id=\"7bd755d\" name=\"popup\" settings=\"%7B%22popup%22%3A%22936%22%7D\"]"
                                                },
                                                "_offset_x_mobile": {
                                                    "size": 0,
                                                    "unit": "px"
                                                },
                                                "_offset_y_mobile": {
                                                    "size": 22.094,
                                                    "unit": "px"
                                                },
                                                "align_mobile": "right",
                                                "_element_width_mobile": "auto",
                                                "border_radius": {
                                                    "unit": "px",
                                                    "top": "0",
                                                    "right": "0",
                                                    "bottom": "0",
                                                    "left": "0",
                                                    "isLinked": false
                                                },
                                                "text_padding_mobile": {
                                                    "unit": "px",
                                                    "top": "0",
                                                    "right": "0",
                                                    "bottom": "0",
                                                    "left": "0",
                                                    "isLinked": false
                                                },
                                                "_margin_mobile": {
                                                    "unit": "px",
                                                    "top": "0",
                                                    "right": "10",
                                                    "bottom": "0",
                                                    "left": "0",
                                                    "isLinked": false
                                                },
                                                "_padding_mobile": {
                                                    "unit": "px",
                                                    "top": "0",
                                                    "right": "0",
                                                    "bottom": "0",
                                                    "left": "0",
                                                    "isLinked": false
                                                },
                                                "_margin_tablet": {
                                                    "unit": "px",
                                                    "top": "0",
                                                    "right": "20",
                                                    "bottom": "0",
                                                    "left": "0",
                                                    "isLinked": false
                                                },
                                                "_element_width": "auto",
                                                "hide_tablet": "hidden-tablet",
                                                "hide_mobile": "hidden-mobile"
                                            },
                                            "elements": [],
                                            "isInner": false,
                                            "widgetType": "button",
                                            "elType": "widget"
                                        },
                                        {
                                            "id": "190f9635",
                                            "settings": {
                                                "__dynamic__": {
                                                    "image": "[elementor-tag id=\"\" name=\"site-logo\" settings=\"%7B%7D\"]",
                                                    "link": "[elementor-tag id=\"\" name=\"site-url\" settings=\"%7B%7D\"]"
                                                },
                                                "width": {
                                                    "unit": "px",
                                                    "size": 200,
                                                    "sizes": []
                                                },
                                                "align": "left",
                                                "_element_width": "auto",
                                                "image": {
                                                    "url": "https:\/\/goatthemes.com\/elementor_kit\/suga\/wp-content\/plugins\/elementor\/assets\/images\/placeholder.png",
                                                    "id": ""
                                                }
                                            },
                                            "elements": [],
                                            "isInner": false,
                                            "widgetType": "theme-site-logo",
                                            "elType": "widget"
                                        }
                                    ],
                                    "isInner": true,
                                    "elType": "column"
                                },
                                {
                                    "id": "6d598e59",
                                    "settings": {
                                        "_column_size": 50,
                                        "_inline_size": 75,
                                        "margin": {
                                            "unit": "px",
                                            "top": "0",
                                            "right": "0",
                                            "bottom": "0",
                                            "left": "0",
                                            "isLinked": false
                                        },
                                        "padding": {
                                            "unit": "px",
                                            "top": "0",
                                            "right": "0",
                                            "bottom": "0",
                                            "left": "0",
                                            "isLinked": false
                                        },
                                        "content_position": "center",
                                        "align": "flex-end",
                                        "_inline_size_tablet": 75
                                    },
                                    "elements": [
                                        {
                                            "id": "6f88dbb2",
                                            "settings": {
                                                "elementskit_nav_menu": "header-menu",
                                                "elementskit_responsive_breakpoint": "ekit_menu_responsive_mobile",
                                                "elementskit_menu_item_spacing": {
                                                    "unit": "px",
                                                    "top": "0",
                                                    "right": "17",
                                                    "bottom": "0",
                                                    "left": "17",
                                                    "isLinked": false
                                                },
                                                "ekit_submenu_indicator_spacing": {
                                                    "unit": "px",
                                                    "top": "0",
                                                    "right": "0",
                                                    "bottom": "0",
                                                    "left": "08",
                                                    "isLinked": false
                                                },
                                                "elementskit_submenu_item_spacing": {
                                                    "unit": "px",
                                                    "top": "12",
                                                    "right": "10",
                                                    "bottom": "12",
                                                    "left": "10",
                                                    "isLinked": false
                                                },
                                                "elementskit_submenu_item_color": "#222222CC",
                                                "elementskit_menu_item_background_background": "classic",
                                                "elementskit_item_text_color_hover": "#222222CC",
                                                "elementskit_menu_item_background_hover_background": "classic",
                                                "elementskit_nav_sub_menu_active_text_color": "#222222CC",
                                                "elementskit_nav_sub_menu_active_bg_color_background": "classic",
                                                "sub_panel_padding": {
                                                    "unit": "px",
                                                    "top": "10",
                                                    "right": "10",
                                                    "bottom": "10",
                                                    "left": "10",
                                                    "isLinked": false
                                                },
                                                "elementskit_panel_submenu_border_border": "solid",
                                                "elementskit_panel_submenu_border_width": {
                                                    "unit": "px",
                                                    "top": "1",
                                                    "right": "1",
                                                    "bottom": "1",
                                                    "left": "1",
                                                    "isLinked": true
                                                },
                                                "elementskit_submenu_container_background_background": "classic",
                                                "elementskit_submenu_panel_border_radius": {
                                                    "unit": "px",
                                                    "top": "0",
                                                    "right": "0",
                                                    "bottom": "0",
                                                    "left": "0",
                                                    "isLinked": false
                                                },
                                                "elementskit_submenu_container_width": "200px",
                                                "elementskit_submenu_container_width_tablet": "200px",
                                                "__globals__": {
                                                    "elementskit_content_typography_typography": "globals\/typography?id=2e0f199",
                                                    "elementskit_menu_text_color": "globals\/colors?id=c27d2aa",
                                                    "elementskit_item_color_hover": "globals\/colors?id=text",
                                                    "elementskit_nav_menu_active_text_color": "globals\/colors?id=text",
                                                    "elementskit_style_tab_submenu_indicator_color": "globals\/colors?id=c27d2aa",
                                                    "elementskit_menu_item_typography_typography": "globals\/typography?id=74f823d",
                                                    "elementskit_submenu_item_color": "globals\/colors?id=9222dbf",
                                                    "elementskit_item_text_color_hover": "globals\/colors?id=9222dbf",
                                                    "elementskit_menu_item_background_hover_color": "globals\/colors?id=394586a",
                                                    "elementskit_nav_sub_menu_active_text_color": "globals\/colors?id=9222dbf",
                                                    "elementskit_nav_sub_menu_active_bg_color_color": "globals\/colors?id=394586a",
                                                    "elementskit_submenu_container_background_color": "globals\/colors?id=5090b7e",
                                                    "elementskit_panel_submenu_border_color": "globals\/colors?id=d4fb9e1",
                                                    "elementskit_menu_item_background_color": "globals\/colors?id=60b6bf6",
                                                    "elementskit_menu_text_color_tablet": "",
                                                    "elementskit_item_color_hover_tablet": "",
                                                    "elementskit_nav_menu_active_text_color_tablet": ""
                                                },
                                                "elementskit_main_menu_position_tablet": "elementskit-menu-po-center",
                                                "elementskit_mobile_menu_panel_spacing": {
                                                    "unit": "px",
                                                    "top": "0",
                                                    "right": "0",
                                                    "bottom": "0",
                                                    "left": "0",
                                                    "isLinked": false
                                                },
                                                "elementskit_mobile_menu_panel_spacing_tablet": {
                                                    "unit": "px",
                                                    "top": "0",
                                                    "right": "0",
                                                    "bottom": "0",
                                                    "left": "0",
                                                    "isLinked": true
                                                },
                                                "elementskit_mobile_menu_panel_width_tablet": {
                                                    "unit": "%",
                                                    "size": 100,
                                                    "sizes": []
                                                },
                                                "elementskit_border_radius": {
                                                    "unit": "px",
                                                    "top": "0",
                                                    "right": "0",
                                                    "bottom": "0",
                                                    "left": "0",
                                                    "isLinked": false
                                                },
                                                "ekit_menu_item_icon_spacing": {
                                                    "unit": "px",
                                                    "top": "0",
                                                    "right": "0",
                                                    "bottom": "0",
                                                    "left": "0",
                                                    "isLinked": false
                                                },
                                                "ekit_menu_item_icon_spacing_tablet": {
                                                    "unit": "px",
                                                    "top": "0",
                                                    "right": "0",
                                                    "bottom": "0",
                                                    "left": "0",
                                                    "isLinked": false
                                                },
                                                "elementskit_menu_item_spacing_tablet": {
                                                    "unit": "px",
                                                    "top": "0",
                                                    "right": "0",
                                                    "bottom": "0",
                                                    "left": "15",
                                                    "isLinked": false
                                                },
                                                "ekit_submenu_indicator_spacing_tablet": {
                                                    "unit": "px",
                                                    "top": "0",
                                                    "right": "0",
                                                    "bottom": "0",
                                                    "left": "0",
                                                    "isLinked": false
                                                },
                                                "elementskit_submenu_item_spacing_tablet": {
                                                    "unit": "px",
                                                    "top": "12",
                                                    "right": "10",
                                                    "bottom": "12",
                                                    "left": "10",
                                                    "isLinked": false
                                                },
                                                "elementskit_panel_box_shadow_box_shadow_type": "yes",
                                                "elementskit_panel_box_shadow_box_shadow": {
                                                    "horizontal": 0,
                                                    "vertical": 0,
                                                    "blur": 0,
                                                    "spread": 0,
                                                    "color": "rgba(0,0,0,0.5)"
                                                },
                                                "_margin": {
                                                    "unit": "px",
                                                    "top": "0",
                                                    "right": "20",
                                                    "bottom": "0",
                                                    "left": "0",
                                                    "isLinked": false
                                                },
                                                "_margin_tablet": {
                                                    "unit": "px",
                                                    "top": "0",
                                                    "right": "20",
                                                    "bottom": "-10",
                                                    "left": "0",
                                                    "isLinked": false
                                                },
                                                "_margin_mobile": {
                                                    "unit": "px",
                                                    "top": "0",
                                                    "right": "0",
                                                    "bottom": "-10",
                                                    "left": "0",
                                                    "isLinked": false
                                                },
                                                "_padding": {
                                                    "unit": "px",
                                                    "top": "0",
                                                    "right": "0",
                                                    "bottom": "0",
                                                    "left": "0",
                                                    "isLinked": false
                                                },
                                                "_padding_tablet": {
                                                    "unit": "px",
                                                    "top": "0",
                                                    "right": "0",
                                                    "bottom": "0",
                                                    "left": "0",
                                                    "isLinked": false
                                                },
                                                "_z_index_tablet": 1,
                                                "elementskit_nav_menu_logo": {
                                                    "url": "https:\/\/goatthemes.com\/elementor_kit\/fashio\/wp-content\/plugins\/elementor\/assets\/images\/placeholder.png",
                                                    "id": -1
                                                },
                                                "elementskit_mobile_menu_panel_width": {
                                                    "unit": "%",
                                                    "size": 100,
                                                    "sizes": []
                                                },
                                                "elementskit_menu_text_color": "#222222",
                                                "elementskit_item_color_hover": "#222222",
                                                "elementskit_nav_menu_active_text_color": "#222222",
                                                "elementskit_style_tab_submenu_indicator_color": "#222222",
                                                "elementskit_menubar_height": {
                                                    "unit": "px",
                                                    "size": 115,
                                                    "sizes": []
                                                },
                                                "_element_width": "auto"
                                            },
                                            "elements": [],
                                            "isInner": false,
                                            "widgetType": "ekit-nav-menu",
                                            "elType": "widget"
                                        },
                                        {
                                            "id": "2a0b46a0",
                                            "settings": {
                                                "skin": "full_screen",
                                                "placeholder": "Search...",
                                                "button_text": "Search",
                                                "toggle_align": "right",
                                                "_element_width": "auto",
                                                "toggle_size": {
                                                    "unit": "px",
                                                    "size": 22,
                                                    "sizes": []
                                                },
                                                "button_border_width": {
                                                    "unit": "px",
                                                    "top": "0",
                                                    "right": "0",
                                                    "bottom": "01",
                                                    "left": "0",
                                                    "isLinked": false
                                                },
                                                "border_radius": {
                                                    "unit": "px",
                                                    "size": 0,
                                                    "sizes": []
                                                },
                                                "toggle_icon_size": {
                                                    "unit": "px",
                                                    "size": 70,
                                                    "sizes": []
                                                },
                                                "toggle_border_width": {
                                                    "unit": "px",
                                                    "size": 0,
                                                    "sizes": []
                                                },
                                                "toggle_border_radius": {
                                                    "unit": "px",
                                                    "size": 0,
                                                    "sizes": []
                                                },
                                                "_z_index": 5,
                                                "__globals__": {
                                                    "toggle_color": "globals\/colors?id=c27d2aa",
                                                    "toggle_background_color": "globals\/colors?id=60b6bf6",
                                                    "input_typography_typography": "globals\/typography?id=89f58e1",
                                                    "input_text_color": "globals\/colors?id=5090b7e",
                                                    "input_border_color": "globals\/colors?id=5090b7e",
                                                    "toggle_background_color_hover": "globals\/colors?id=60b6bf6",
                                                    "toggle_color_hover": "globals\/colors?id=c27d2aa"
                                                }
                                            },
                                            "elements": [],
                                            "isInner": false,
                                            "widgetType": "search-form",
                                            "elType": "widget"
                                        }
                                    ],
                                    "isInner": true,
                                    "elType": "column"
                                }
                            ],
                            "isInner": true,
                            "elType": "section"
                        }
                    ],
                    "isInner": false,
                    "elType": "column"
                }
            ],
            "isInner": false,
            "elType": "section"
        },
        {
            "id": "36372cbd",
            "settings": {
                "layout": "full_width",
                "gap": "no",
                "padding": {
                    "unit": "px",
                    "top": "0",
                    "right": "15",
                    "bottom": "0",
                    "left": "15",
                    "isLinked": false
                },
                "hide_desktop": "hidden-desktop",
                "hide_tablet": "hidden-tablet",
                "_title": "Header (Mobile)",
                "margin": {
                    "unit": "px",
                    "top": "0",
                    "right": 0,
                    "bottom": "50",
                    "left": 0,
                    "isLinked": false
                },
                "border_border": "solid",
                "border_width_mobile": {
                    "unit": "px",
                    "top": "0",
                    "right": "0",
                    "bottom": "0",
                    "left": "0",
                    "isLinked": false
                },
                "margin_mobile": {
                    "unit": "px",
                    "top": "0",
                    "right": 0,
                    "bottom": "0",
                    "left": 0,
                    "isLinked": false
                },
                "padding_mobile": {
                    "unit": "px",
                    "top": "0",
                    "right": "015",
                    "bottom": "0",
                    "left": "015",
                    "isLinked": false
                },
                "__globals__": {
                    "border_color": "",
                    "background_color": "globals\/colors?id=65e930d"
                },
                "background_background": "classic"
            },
            "elements": [
                {
                    "id": "7363fad1",
                    "settings": {
                        "_column_size": 100,
                        "_inline_size": null,
                        "space_between_widgets": 0
                    },
                    "elements": [
                        {
                            "id": "71e9a9c7",
                            "settings": {
                                "content_width": {
                                    "unit": "px",
                                    "size": 1170,
                                    "sizes": []
                                },
                                "gap": "no",
                                "structure": "20",
                                "height_inner": "min-height",
                                "custom_height_inner": {
                                    "unit": "px",
                                    "size": 70,
                                    "sizes": []
                                },
                                "content_position": "middle"
                            },
                            "elements": [
                                {
                                    "id": "39fa5cf9",
                                    "settings": {
                                        "_column_size": 50,
                                        "_inline_size": null,
                                        "content_position": "center",
                                        "space_between_widgets": 0,
                                        "_inline_size_tablet": 5,
                                        "_inline_size_mobile": 80
                                    },
                                    "elements": [
                                        {
                                            "id": "5e3c82d7",
                                            "settings": {
                                                "__dynamic__": {
                                                    "image": "[elementor-tag id=\"\" name=\"site-logo\" settings=\"%7B%7D\"]",
                                                    "link": "[elementor-tag id=\"\" name=\"site-url\" settings=\"%7B%7D\"]"
                                                },
                                                "align_mobile": "left",
                                                "width_mobile": {
                                                    "unit": "px",
                                                    "size": 100,
                                                    "sizes": []
                                                },
                                                "image": {
                                                    "url": "https:\/\/goatthemes.com\/devias_elementorkit\/wp-content\/plugins\/elementor\/assets\/images\/placeholder.png",
                                                    "id": ""
                                                },
                                                "caption_typography_line_height": {
                                                    "unit": "em",
                                                    "size": "",
                                                    "sizes": []
                                                }
                                            },
                                            "elements": [],
                                            "isInner": false,
                                            "widgetType": "theme-site-logo",
                                            "elType": "widget"
                                        }
                                    ],
                                    "isInner": true,
                                    "elType": "column"
                                },
                                {
                                    "id": "6646b66c",
                                    "settings": {
                                        "_column_size": 50,
                                        "_inline_size": null,
                                        "space_between_widgets": 0,
                                        "_inline_size_tablet": 5,
                                        "_inline_size_mobile": 20,
                                        "align_mobile": "flex-end"
                                    },
                                    "elements": [
                                        {
                                            "id": "7ca120ee",
                                            "settings": {
                                                "text": "",
                                                "selected_icon": {
                                                    "value": "fas fa-bars",
                                                    "library": "fa-solid"
                                                },
                                                "icon_indent": {
                                                    "unit": "px",
                                                    "size": 0,
                                                    "sizes": []
                                                },
                                                "button_box_shadow_box_shadow": {
                                                    "horizontal": -100,
                                                    "vertical": 0,
                                                    "blur": 10,
                                                    "spread": 0,
                                                    "color": "rgba(0,0,0,0.5)"
                                                },
                                                "text_padding": {
                                                    "unit": "px",
                                                    "top": "0",
                                                    "right": "1",
                                                    "bottom": "0",
                                                    "left": "1",
                                                    "isLinked": false
                                                },
                                                "_offset_x": {
                                                    "unit": "px",
                                                    "size": "",
                                                    "sizes": []
                                                },
                                                "__globals__": {
                                                    "background_color": "globals\/colors?id=60b6bf6",
                                                    "button_text_color": "globals\/colors?id=c27d2aa",
                                                    "typography_typography": "globals\/typography?id=text",
                                                    "button_background_hover_color": "globals\/colors?id=60b6bf6",
                                                    "hover_color": "globals\/colors?id=c27d2aa"
                                                },
                                                "align": "left",
                                                "_margin": {
                                                    "unit": "px",
                                                    "top": "0",
                                                    "right": "0",
                                                    "bottom": "0",
                                                    "left": "0",
                                                    "isLinked": false
                                                },
                                                "_offset_y": {
                                                    "unit": "%",
                                                    "size": 33,
                                                    "sizes": []
                                                },
                                                "__dynamic__": {
                                                    "link": "[elementor-tag id=\"7bd755d\" name=\"popup\" settings=\"%7B%22popup%22%3A%22936%22%7D\"]"
                                                },
                                                "_offset_x_mobile": {
                                                    "size": 0,
                                                    "unit": "px"
                                                },
                                                "_offset_y_mobile": {
                                                    "size": 22.094,
                                                    "unit": "px"
                                                },
                                                "align_mobile": "right",
                                                "_element_width_mobile": "auto",
                                                "border_radius": {
                                                    "unit": "px",
                                                    "top": "0",
                                                    "right": "0",
                                                    "bottom": "0",
                                                    "left": "0",
                                                    "isLinked": false
                                                },
                                                "text_padding_mobile": {
                                                    "unit": "px",
                                                    "top": "0",
                                                    "right": "0",
                                                    "bottom": "0",
                                                    "left": "0",
                                                    "isLinked": false
                                                },
                                                "_margin_mobile": {
                                                    "unit": "px",
                                                    "top": "0",
                                                    "right": "10",
                                                    "bottom": "0",
                                                    "left": "0",
                                                    "isLinked": false
                                                },
                                                "_padding_mobile": {
                                                    "unit": "px",
                                                    "top": "0",
                                                    "right": "0",
                                                    "bottom": "0",
                                                    "left": "0",
                                                    "isLinked": false
                                                },
                                                "typography_line_height": {
                                                    "unit": "em",
                                                    "size": "",
                                                    "sizes": []
                                                }
                                            },
                                            "elements": [],
                                            "isInner": false,
                                            "widgetType": "button",
                                            "elType": "widget"
                                        },
                                        {
                                            "id": "292bbd29",
                                            "settings": {
                                                "skin": "full_screen",
                                                "placeholder": "Search...",
                                                "button_text": "Search",
                                                "toggle_size": {
                                                    "unit": "px",
                                                    "size": 26,
                                                    "sizes": []
                                                },
                                                "toggle_align": "right",
                                                "__globals__": {
                                                    "toggle_color": "globals\/colors?id=c27d2aa",
                                                    "input_text_color": "globals\/colors?id=5090b7e",
                                                    "input_typography_typography": "globals\/typography?id=89f58e1",
                                                    "toggle_background_color": "globals\/colors?id=60b6bf6",
                                                    "input_border_color": "globals\/colors?id=5090b7e",
                                                    "toggle_background_color_hover": "globals\/colors?id=60b6bf6",
                                                    "toggle_color_hover": "globals\/colors?id=c27d2aa"
                                                },
                                                "_element_width_mobile": "auto",
                                                "_z_index": 5,
                                                "_z_index_mobile": 5,
                                                "_margin": {
                                                    "unit": "px",
                                                    "top": "0",
                                                    "right": "0",
                                                    "bottom": "0",
                                                    "left": "0",
                                                    "isLinked": false
                                                },
                                                "_padding": {
                                                    "unit": "px",
                                                    "top": "0",
                                                    "right": "0",
                                                    "bottom": "0",
                                                    "left": "0",
                                                    "isLinked": false
                                                },
                                                "button_border_width": {
                                                    "unit": "px",
                                                    "top": "0",
                                                    "right": "0",
                                                    "bottom": "01",
                                                    "left": "0",
                                                    "isLinked": false
                                                },
                                                "border_radius_mobile": {
                                                    "unit": "px",
                                                    "size": 0,
                                                    "sizes": []
                                                }
                                            },
                                            "elements": [],
                                            "isInner": false,
                                            "widgetType": "search-form",
                                            "elType": "widget"
                                        }
                                    ],
                                    "isInner": true,
                                    "elType": "column"
                                }
                            ],
                            "isInner": true,
                            "elType": "section"
                        }
                    ],
                    "isInner": false,
                    "elType": "column"
                }
            ],
            "isInner": false,
            "elType": "section"
        }
    ]
}