{
    "version": "0.4",
    "title": "Abstract Search",
    "type": "search-results",
    "metadata": {
        "template_type": "archive-search",
        "include_in_zip": "1",
        "elementor_pro_required": "1",
        "elementor_library_type": "search-results",
        "elementor_pro_conditions": [
            "include\/archive\/search"
        ],
        "additional_template_information": [
            "This is a \"Search Results\" template for Elementor Pro.",
            "This template will display on: Search Results."
        ],
        "wp_page_template": "default"
    },
    "content": [
        {
            "id": "72080736",
            "settings": {
                "layout": "full_width",
                "margin": {
                    "unit": "px",
                    "top": "65",
                    "right": 0,
                    "bottom": "0",
                    "left": 0,
                    "isLinked": false
                },
                "padding": {
                    "unit": "px",
                    "top": "0",
                    "right": "0",
                    "bottom": "0",
                    "left": "0",
                    "isLinked": false
                },
                "_title": "Content",
                "margin_mobile": {
                    "unit": "px",
                    "top": "40",
                    "right": 0,
                    "bottom": "0",
                    "left": 0,
                    "isLinked": false
                }
            },
            "elements": [
                {
                    "id": "54b11071",
                    "settings": {
                        "_column_size": 100,
                        "_inline_size": null,
                        "margin": {
                            "unit": "px",
                            "top": "0",
                            "right": "0",
                            "bottom": "0",
                            "left": "0",
                            "isLinked": false
                        },
                        "padding": {
                            "unit": "px",
                            "top": "0",
                            "right": "0",
                            "bottom": "0",
                            "left": "0",
                            "isLinked": false
                        }
                    },
                    "elements": [
                        {
                            "id": "345f6956",
                            "settings": {
                                "content_width": {
                                    "unit": "px",
                                    "size": 1170,
                                    "sizes": []
                                },
                                "gap": "no",
                                "margin": {
                                    "unit": "px",
                                    "top": "0",
                                    "right": 0,
                                    "bottom": "0",
                                    "left": 0,
                                    "isLinked": false
                                },
                                "padding": {
                                    "unit": "px",
                                    "top": "0",
                                    "right": "15",
                                    "bottom": "0",
                                    "left": "15",
                                    "isLinked": false
                                },
                                "_title": "Content"
                            },
                            "elements": [
                                {
                                    "id": "190d5fd0",
                                    "settings": {
                                        "_column_size": 100,
                                        "_inline_size": null,
                                        "margin": {
                                            "unit": "px",
                                            "top": "0",
                                            "right": "0",
                                            "bottom": "0",
                                            "left": "0",
                                            "isLinked": false
                                        },
                                        "padding": {
                                            "unit": "px",
                                            "top": "0",
                                            "right": "0",
                                            "bottom": "0",
                                            "left": "0",
                                            "isLinked": false
                                        },
                                        "align": "center",
                                        "space_between_widgets": 0
                                    },
                                    "elements": [
                                        {
                                            "id": "ce131ae",
                                            "settings": {
                                                "__dynamic__": {
                                                    "title": "[elementor-tag id=\"\" name=\"archive-title\" settings=\"%7B%22include_context%22%3A%22yes%22%2C%22before%22%3A%22%22%2C%22after%22%3A%22%22%2C%22fallback%22%3A%22%22%7D\"]"
                                                },
                                                "title": "Add Your Heading Text Here",
                                                "align": "center",
                                                "__globals__": {
                                                    "title_color": "globals\/colors?id=primary",
                                                    "typography_typography": "globals\/typography?id=ddae40e"
                                                }
                                            },
                                            "elements": [],
                                            "isInner": false,
                                            "widgetType": "theme-archive-title",
                                            "elType": "widget"
                                        },
                                        {
                                            "id": "7d2c4cb3",
                                            "settings": {
                                                "placeholder": "Search...",
                                                "button_text": "Search",
                                                "border_radius": {
                                                    "unit": "px",
                                                    "size": 0,
                                                    "sizes": []
                                                },
                                                "_margin": {
                                                    "unit": "px",
                                                    "top": "30",
                                                    "right": "0",
                                                    "bottom": "0",
                                                    "left": "0",
                                                    "isLinked": false
                                                },
                                                "_padding": {
                                                    "unit": "px",
                                                    "top": "0",
                                                    "right": "0",
                                                    "bottom": "0",
                                                    "left": "0",
                                                    "isLinked": false
                                                },
                                                "__globals__": {
                                                    "button_text_color": "globals\/colors?id=5090b7e",
                                                    "button_text_color_hover": "globals\/colors?id=5090b7e",
                                                    "button_background_color_hover": "globals\/colors?id=secondary",
                                                    "input_background_color": "globals\/colors?id=d0d6eba"
                                                },
                                                "_element_width": "initial",
                                                "_element_custom_width": {
                                                    "unit": "px",
                                                    "size": 450,
                                                    "sizes": []
                                                }
                                            },
                                            "elements": [],
                                            "isInner": false,
                                            "widgetType": "search-form",
                                            "elType": "widget"
                                        },
                                        {
                                            "id": "3bf6238e",
                                            "settings": {
                                                "archive_classic_thumbnail_size_size": "large",
                                                "archive_classic_show_excerpt": "",
                                                "archive_classic_meta_data": [],
                                                "archive_classic_meta_separator": "",
                                                "archive_classic_read_more_text": "Read More",
                                                "archive_cards_meta_separator": "\u2022",
                                                "archive_cards_read_more_text": "Read More \u00bb",
                                                "archive_full_content_meta_separator": "\/\/\/",
                                                "archive_classic_row_gap": {
                                                    "unit": "px",
                                                    "size": 30,
                                                    "sizes": []
                                                },
                                                "archive_classic_title_spacing": {
                                                    "unit": "px",
                                                    "size": 10,
                                                    "sizes": []
                                                },
                                                "archive_classic_meta_spacing": {
                                                    "unit": "px",
                                                    "size": 0,
                                                    "sizes": []
                                                },
                                                "pagination_page_limit": "5",
                                                "pagination_prev_label": "&laquo; Previous",
                                                "pagination_next_label": "Next &raquo;",
                                                "text": "Load More",
                                                "load_more_no_posts_custom_message": "No more posts to show",
                                                "pagination_spacing_top": {
                                                    "unit": "px",
                                                    "size": 50,
                                                    "sizes": []
                                                },
                                                "nothing_found_message": "It seems we can't find what you're looking for.",
                                                "__globals__": {
                                                    "archive_classic_title_typography_typography": "globals\/typography?id=f27ede8",
                                                    "archive_classic_read_more_color": "globals\/colors?id=9222dbf",
                                                    "archive_classic_read_more_typography_typography": "globals\/typography?id=c591212",
                                                    "pagination_color": "globals\/colors?id=text",
                                                    "pagination_hover_color": "globals\/colors?id=primary",
                                                    "pagination_active_color": "globals\/colors?id=primary",
                                                    "pagination_typography_typography": "globals\/typography?id=text"
                                                },
                                                "_margin": {
                                                    "unit": "px",
                                                    "top": "65",
                                                    "right": "0",
                                                    "bottom": "0",
                                                    "left": "0",
                                                    "isLinked": false
                                                },
                                                "_padding": {
                                                    "unit": "px",
                                                    "top": "0",
                                                    "right": "0",
                                                    "bottom": "0",
                                                    "left": "0",
                                                    "isLinked": false
                                                }
                                            },
                                            "elements": [],
                                            "isInner": false,
                                            "widgetType": "archive-posts",
                                            "elType": "widget"
                                        }
                                    ],
                                    "isInner": true,
                                    "elType": "column"
                                }
                            ],
                            "isInner": true,
                            "elType": "section"
                        }
                    ],
                    "isInner": false,
                    "elType": "column"
                }
            ],
            "isInner": false,
            "elType": "section"
        },
        {
            "id": "28aaec62",
            "settings": {
                "layout": "full_width",
                "margin": {
                    "unit": "px",
                    "top": "90",
                    "right": 0,
                    "bottom": "0",
                    "left": 0,
                    "isLinked": false
                },
                "margin_mobile": {
                    "unit": "px",
                    "top": "60",
                    "right": 0,
                    "bottom": "0",
                    "left": 0,
                    "isLinked": false
                },
                "padding": {
                    "unit": "px",
                    "top": "0",
                    "right": "0",
                    "bottom": "0",
                    "left": "0",
                    "isLinked": false
                },
                "_title": "Service"
            },
            "elements": [
                {
                    "id": "3a51765e",
                    "settings": {
                        "_column_size": 100,
                        "_inline_size": null,
                        "space_between_widgets": 0,
                        "margin": {
                            "unit": "px",
                            "top": "0",
                            "right": "0",
                            "bottom": "0",
                            "left": "0",
                            "isLinked": false
                        },
                        "padding": {
                            "unit": "px",
                            "top": "0",
                            "right": "0",
                            "bottom": "0",
                            "left": "0",
                            "isLinked": false
                        }
                    },
                    "elements": [
                        {
                            "id": "247dd4ad",
                            "settings": {
                                "content_width": {
                                    "unit": "px",
                                    "size": 1170,
                                    "sizes": []
                                },
                                "gap": "no",
                                "margin": {
                                    "unit": "px",
                                    "top": "0",
                                    "right": 0,
                                    "bottom": "45",
                                    "left": 0,
                                    "isLinked": false
                                },
                                "margin_mobile": {
                                    "unit": "px",
                                    "top": "0",
                                    "right": 0,
                                    "bottom": "45",
                                    "left": 0,
                                    "isLinked": false
                                },
                                "padding": {
                                    "unit": "px",
                                    "top": "0",
                                    "right": "15",
                                    "bottom": "0",
                                    "left": "15",
                                    "isLinked": false
                                }
                            },
                            "elements": [
                                {
                                    "id": "3b3a2afb",
                                    "settings": {
                                        "_column_size": 100,
                                        "_inline_size": null,
                                        "margin": {
                                            "unit": "px",
                                            "top": "0",
                                            "right": "0",
                                            "bottom": "0",
                                            "left": "0",
                                            "isLinked": false
                                        },
                                        "padding": {
                                            "unit": "px",
                                            "top": "0",
                                            "right": "0",
                                            "bottom": "0",
                                            "left": "0",
                                            "isLinked": false
                                        }
                                    },
                                    "elements": [
                                        {
                                            "id": "3645b90d",
                                            "settings": {
                                                "title": "Our Service",
                                                "align": "center",
                                                "__globals__": {
                                                    "typography_typography": "globals\/typography?id=ddae40e"
                                                }
                                            },
                                            "elements": [],
                                            "isInner": false,
                                            "widgetType": "heading",
                                            "elType": "widget"
                                        }
                                    ],
                                    "isInner": true,
                                    "elType": "column"
                                }
                            ],
                            "isInner": true,
                            "elType": "section"
                        },
                        {
                            "id": "77edaf5b",
                            "settings": {
                                "content_width": {
                                    "unit": "px",
                                    "size": 1170,
                                    "sizes": []
                                },
                                "gap": "no",
                                "structure": "30",
                                "margin": {
                                    "unit": "px",
                                    "top": "0",
                                    "right": 0,
                                    "bottom": "0",
                                    "left": 0,
                                    "isLinked": false
                                },
                                "padding": {
                                    "unit": "px",
                                    "top": "0",
                                    "right": "15",
                                    "bottom": "0",
                                    "left": "15",
                                    "isLinked": false
                                }
                            },
                            "elements": [
                                {
                                    "id": "14081ca8",
                                    "settings": {
                                        "_column_size": 33,
                                        "_inline_size": null,
                                        "space_between_widgets": 0,
                                        "background_background": "classic",
                                        "border_border": "solid",
                                        "border_width": {
                                            "unit": "px",
                                            "top": "1",
                                            "right": "1",
                                            "bottom": "1",
                                            "left": "1",
                                            "isLinked": true
                                        },
                                        "margin": {
                                            "unit": "px",
                                            "top": "0",
                                            "right": "20",
                                            "bottom": "0",
                                            "left": "0",
                                            "isLinked": false
                                        },
                                        "margin_mobile": {
                                            "unit": "px",
                                            "top": "0",
                                            "right": "0",
                                            "bottom": "0",
                                            "left": "0",
                                            "isLinked": false
                                        },
                                        "padding": {
                                            "unit": "px",
                                            "top": "30",
                                            "right": "20",
                                            "bottom": "30",
                                            "left": "20",
                                            "isLinked": false
                                        },
                                        "__globals__": {
                                            "border_color": "globals\/colors?id=d4fb9e1",
                                            "background_color": "globals\/colors?id=d0d6eba"
                                        }
                                    },
                                    "elements": [
                                        {
                                            "id": "19d5289d",
                                            "settings": {
                                                "selected_icon": {
                                                    "value": "fas fa-headphones",
                                                    "library": "fa-solid"
                                                },
                                                "view": "stacked",
                                                "title_text": "Support",
                                                "description_text": "Lorem ipsum dolor sit amet, consectetur adipiscing elit. Ut elit tellus.",
                                                "icon_space": {
                                                    "unit": "px",
                                                    "size": 10,
                                                    "sizes": []
                                                },
                                                "icon_size": {
                                                    "unit": "px",
                                                    "size": 45,
                                                    "sizes": []
                                                },
                                                "icon_size_tablet": {
                                                    "unit": "px",
                                                    "size": 40,
                                                    "sizes": []
                                                },
                                                "title_bottom_space": {
                                                    "unit": "px",
                                                    "size": 10,
                                                    "sizes": []
                                                },
                                                "__globals__": {
                                                    "secondary_color": "globals\/colors?id=5090b7e",
                                                    "hover_primary_color": "globals\/colors?id=primary",
                                                    "hover_secondary_color": "globals\/colors?id=5090b7e",
                                                    "title_typography_typography": "globals\/typography?id=ba1bd0d",
                                                    "title_color": "globals\/colors?id=secondary",
                                                    "description_color": "globals\/colors?id=e4b06dd",
                                                    "description_typography_typography": "globals\/typography?id=accent"
                                                }
                                            },
                                            "elements": [],
                                            "isInner": false,
                                            "widgetType": "icon-box",
                                            "elType": "widget"
                                        },
                                        {
                                            "id": "18c5a46",
                                            "settings": {
                                                "text": "Contact us",
                                                "align": "center",
                                                "_margin": {
                                                    "unit": "px",
                                                    "top": "20",
                                                    "right": "0",
                                                    "bottom": "0",
                                                    "left": "0",
                                                    "isLinked": false
                                                },
                                                "_padding": {
                                                    "unit": "px",
                                                    "top": "0",
                                                    "right": "0",
                                                    "bottom": "0",
                                                    "left": "0",
                                                    "isLinked": false
                                                },
                                                "__globals__": {
                                                    "typography_typography": "globals\/typography?id=f14ff62",
                                                    "button_text_color": "globals\/colors?id=5090b7e",
                                                    "background_color": "globals\/colors?id=primary"
                                                }
                                            },
                                            "elements": [],
                                            "isInner": false,
                                            "widgetType": "button",
                                            "elType": "widget"
                                        }
                                    ],
                                    "isInner": true,
                                    "elType": "column"
                                },
                                {
                                    "id": "6c394c49",
                                    "settings": {
                                        "_column_size": 33,
                                        "_inline_size": null,
                                        "space_between_widgets": 0,
                                        "background_background": "classic",
                                        "border_border": "solid",
                                        "border_width": {
                                            "unit": "px",
                                            "top": "1",
                                            "right": "1",
                                            "bottom": "1",
                                            "left": "1",
                                            "isLinked": true
                                        },
                                        "margin": {
                                            "unit": "px",
                                            "top": "0",
                                            "right": "10",
                                            "bottom": "0",
                                            "left": "10",
                                            "isLinked": false
                                        },
                                        "margin_mobile": {
                                            "unit": "px",
                                            "top": "30",
                                            "right": "0",
                                            "bottom": "0",
                                            "left": "0",
                                            "isLinked": false
                                        },
                                        "padding": {
                                            "unit": "px",
                                            "top": "30",
                                            "right": "20",
                                            "bottom": "30",
                                            "left": "20",
                                            "isLinked": false
                                        },
                                        "__globals__": {
                                            "border_color": "globals\/colors?id=d4fb9e1",
                                            "background_color": "globals\/colors?id=d0d6eba"
                                        }
                                    },
                                    "elements": [
                                        {
                                            "id": "911f001",
                                            "settings": {
                                                "selected_icon": {
                                                    "value": "fab fa-cc-amazon-pay",
                                                    "library": "fa-brands"
                                                },
                                                "view": "stacked",
                                                "title_text": "Payment",
                                                "description_text": "Lorem ipsum dolor sit amet, consectetur adipiscing elit. Ut elit tellus.",
                                                "icon_space": {
                                                    "unit": "px",
                                                    "size": 10,
                                                    "sizes": []
                                                },
                                                "icon_size": {
                                                    "unit": "px",
                                                    "size": 45,
                                                    "sizes": []
                                                },
                                                "icon_size_tablet": {
                                                    "unit": "px",
                                                    "size": 40,
                                                    "sizes": []
                                                },
                                                "title_bottom_space": {
                                                    "unit": "px",
                                                    "size": 10,
                                                    "sizes": []
                                                },
                                                "__globals__": {
                                                    "secondary_color": "globals\/colors?id=5090b7e",
                                                    "hover_primary_color": "globals\/colors?id=primary",
                                                    "hover_secondary_color": "globals\/colors?id=5090b7e",
                                                    "title_typography_typography": "globals\/typography?id=ba1bd0d",
                                                    "title_color": "globals\/colors?id=secondary",
                                                    "description_color": "globals\/colors?id=e4b06dd",
                                                    "description_typography_typography": "globals\/typography?id=accent"
                                                }
                                            },
                                            "elements": [],
                                            "isInner": false,
                                            "widgetType": "icon-box",
                                            "elType": "widget"
                                        },
                                        {
                                            "id": "67c31d9",
                                            "settings": {
                                                "text": "Contact us",
                                                "align": "center",
                                                "_margin": {
                                                    "unit": "px",
                                                    "top": "20",
                                                    "right": "0",
                                                    "bottom": "0",
                                                    "left": "0",
                                                    "isLinked": false
                                                },
                                                "_padding": {
                                                    "unit": "px",
                                                    "top": "0",
                                                    "right": "0",
                                                    "bottom": "0",
                                                    "left": "0",
                                                    "isLinked": false
                                                },
                                                "__globals__": {
                                                    "typography_typography": "globals\/typography?id=f14ff62",
                                                    "button_text_color": "globals\/colors?id=5090b7e",
                                                    "background_color": "globals\/colors?id=primary"
                                                }
                                            },
                                            "elements": [],
                                            "isInner": false,
                                            "widgetType": "button",
                                            "elType": "widget"
                                        }
                                    ],
                                    "isInner": true,
                                    "elType": "column"
                                },
                                {
                                    "id": "77ba727e",
                                    "settings": {
                                        "_column_size": 33,
                                        "_inline_size": null,
                                        "space_between_widgets": 0,
                                        "background_background": "classic",
                                        "border_border": "solid",
                                        "border_width": {
                                            "unit": "px",
                                            "top": "1",
                                            "right": "1",
                                            "bottom": "1",
                                            "left": "1",
                                            "isLinked": true
                                        },
                                        "margin": {
                                            "unit": "px",
                                            "top": "0",
                                            "right": "0",
                                            "bottom": "0",
                                            "left": "20",
                                            "isLinked": false
                                        },
                                        "margin_mobile": {
                                            "unit": "px",
                                            "top": "30",
                                            "right": "0",
                                            "bottom": "0",
                                            "left": "0",
                                            "isLinked": false
                                        },
                                        "padding": {
                                            "unit": "px",
                                            "top": "30",
                                            "right": "20",
                                            "bottom": "30",
                                            "left": "20",
                                            "isLinked": false
                                        },
                                        "__globals__": {
                                            "border_color": "globals\/colors?id=d4fb9e1",
                                            "background_color": "globals\/colors?id=d0d6eba"
                                        }
                                    },
                                    "elements": [
                                        {
                                            "id": "71fd0059",
                                            "settings": {
                                                "selected_icon": {
                                                    "value": "fas fa-comments",
                                                    "library": "fa-solid"
                                                },
                                                "view": "stacked",
                                                "title_text": "community",
                                                "description_text": "Lorem ipsum dolor sit amet, consectetur adipiscing elit. Ut elit tellus.",
                                                "icon_space": {
                                                    "unit": "px",
                                                    "size": 10,
                                                    "sizes": []
                                                },
                                                "icon_size": {
                                                    "unit": "px",
                                                    "size": 45,
                                                    "sizes": []
                                                },
                                                "icon_size_tablet": {
                                                    "unit": "px",
                                                    "size": 40,
                                                    "sizes": []
                                                },
                                                "title_bottom_space": {
                                                    "unit": "px",
                                                    "size": 10,
                                                    "sizes": []
                                                },
                                                "__globals__": {
                                                    "secondary_color": "globals\/colors?id=5090b7e",
                                                    "hover_primary_color": "globals\/colors?id=primary",
                                                    "hover_secondary_color": "globals\/colors?id=5090b7e",
                                                    "title_typography_typography": "globals\/typography?id=ba1bd0d",
                                                    "title_color": "globals\/colors?id=secondary",
                                                    "description_color": "globals\/colors?id=e4b06dd",
                                                    "description_typography_typography": "globals\/typography?id=accent"
                                                }
                                            },
                                            "elements": [],
                                            "isInner": false,
                                            "widgetType": "icon-box",
                                            "elType": "widget"
                                        },
                                        {
                                            "id": "486cb855",
                                            "settings": {
                                                "text": "Contact us",
                                                "align": "center",
                                                "_margin": {
                                                    "unit": "px",
                                                    "top": "20",
                                                    "right": "0",
                                                    "bottom": "0",
                                                    "left": "0",
                                                    "isLinked": false
                                                },
                                                "_padding": {
                                                    "unit": "px",
                                                    "top": "0",
                                                    "right": "0",
                                                    "bottom": "0",
                                                    "left": "0",
                                                    "isLinked": false
                                                },
                                                "__globals__": {
                                                    "typography_typography": "globals\/typography?id=f14ff62",
                                                    "button_text_color": "globals\/colors?id=5090b7e",
                                                    "background_color": "globals\/colors?id=primary"
                                                }
                                            },
                                            "elements": [],
                                            "isInner": false,
                                            "widgetType": "button",
                                            "elType": "widget"
                                        }
                                    ],
                                    "isInner": true,
                                    "elType": "column"
                                }
                            ],
                            "isInner": true,
                            "elType": "section"
                        }
                    ],
                    "isInner": false,
                    "elType": "column"
                }
            ],
            "isInner": false,
            "elType": "section"
        }
    ]
}