{
    "version": "0.4",
    "title": "FAQ",
    "type": "section",
    "metadata": {
        "template_type": "section-faq",
        "include_in_zip": "1",
        "elementor_pro_required": "1",
        "wp_page_template": "elementor_header_footer"
    },
    "content": [
        {
            "id": "2cc1733c",
            "settings": {
                "layout": "full_width",
                "background_background": "classic",
                "margin": {
                    "unit": "px",
                    "top": "0",
                    "right": 0,
                    "bottom": "0",
                    "left": 0,
                    "isLinked": false
                },
                "margin_mobile": {
                    "unit": "px",
                    "top": "0",
                    "right": 0,
                    "bottom": "0",
                    "left": 0,
                    "isLinked": false
                },
                "padding": {
                    "unit": "px",
                    "top": "0",
                    "right": "0",
                    "bottom": "0",
                    "left": "0",
                    "isLinked": false
                },
                "_title": "Questions Top",
                "__globals__": {
                    "background_color": "globals\/colors?id=primary"
                }
            },
            "elements": [
                {
                    "id": "15b0173f",
                    "settings": {
                        "_column_size": 100,
                        "_inline_size": null,
                        "margin": {
                            "unit": "px",
                            "top": "0",
                            "right": "0",
                            "bottom": "0",
                            "left": "0",
                            "isLinked": false
                        },
                        "padding": {
                            "unit": "px",
                            "top": "100",
                            "right": "0",
                            "bottom": "100",
                            "left": "0",
                            "isLinked": false
                        },
                        "padding_mobile": {
                            "unit": "px",
                            "top": "60",
                            "right": "0",
                            "bottom": "60",
                            "left": "0",
                            "isLinked": false
                        },
                        "padding_tablet": {
                            "unit": "px",
                            "top": "80",
                            "right": "0",
                            "bottom": "50",
                            "left": "0",
                            "isLinked": false
                        }
                    },
                    "elements": [
                        {
                            "id": "4903bfa1",
                            "settings": {
                                "content_width": {
                                    "unit": "px",
                                    "size": 1170,
                                    "sizes": []
                                },
                                "gap": "no",
                                "margin": {
                                    "unit": "px",
                                    "top": "0",
                                    "right": 0,
                                    "bottom": "45",
                                    "left": 0,
                                    "isLinked": false
                                },
                                "margin_tablet": {
                                    "unit": "px",
                                    "top": "0",
                                    "right": 0,
                                    "bottom": "65",
                                    "left": 0,
                                    "isLinked": false
                                },
                                "margin_mobile": {
                                    "unit": "px",
                                    "top": "0",
                                    "right": 0,
                                    "bottom": "40",
                                    "left": 0,
                                    "isLinked": false
                                },
                                "padding": {
                                    "unit": "px",
                                    "top": "0",
                                    "right": "15",
                                    "bottom": "0",
                                    "left": "15",
                                    "isLinked": false
                                },
                                "_title": "Heading"
                            },
                            "elements": [
                                {
                                    "id": "6db7b74e",
                                    "settings": {
                                        "_column_size": 100,
                                        "_inline_size": null,
                                        "space_between_widgets": 0,
                                        "margin": {
                                            "unit": "px",
                                            "top": "0",
                                            "right": "0",
                                            "bottom": "0",
                                            "left": "0",
                                            "isLinked": false
                                        },
                                        "padding": {
                                            "unit": "px",
                                            "top": "0",
                                            "right": "0",
                                            "bottom": "0",
                                            "left": "0",
                                            "isLinked": false
                                        }
                                    },
                                    "elements": [
                                        {
                                            "id": "39f57b76",
                                            "settings": {
                                                "title": "Popular Questions",
                                                "align": "center",
                                                "__globals__": {
                                                    "title_color": "globals\/colors?id=5090b7e",
                                                    "typography_typography": "globals\/typography?id=ddae40e"
                                                },
                                                "_margin": {
                                                    "unit": "px",
                                                    "top": "0",
                                                    "right": "0",
                                                    "bottom": "0",
                                                    "left": "0",
                                                    "isLinked": false
                                                },
                                                "_padding": {
                                                    "unit": "px",
                                                    "top": "0",
                                                    "right": "0",
                                                    "bottom": "0",
                                                    "left": "0",
                                                    "isLinked": false
                                                },
                                                "_z_index": 1
                                            },
                                            "elements": [],
                                            "isInner": false,
                                            "widgetType": "heading",
                                            "elType": "widget"
                                        }
                                    ],
                                    "isInner": true,
                                    "elType": "column"
                                }
                            ],
                            "isInner": true,
                            "elType": "section"
                        },
                        {
                            "id": "3238a66a",
                            "settings": {
                                "content_width": {
                                    "unit": "px",
                                    "size": 1170,
                                    "sizes": []
                                },
                                "gap": "no",
                                "structure": "20",
                                "margin": {
                                    "unit": "px",
                                    "top": "0",
                                    "right": 0,
                                    "bottom": "0",
                                    "left": 0,
                                    "isLinked": false
                                },
                                "padding": {
                                    "unit": "px",
                                    "top": "0",
                                    "right": "15",
                                    "bottom": "0",
                                    "left": "15",
                                    "isLinked": false
                                },
                                "_title": "Content"
                            },
                            "elements": [
                                {
                                    "id": "67260d07",
                                    "settings": {
                                        "_column_size": 50,
                                        "_inline_size": null,
                                        "background_background": "classic",
                                        "border_width": {
                                            "unit": "px",
                                            "top": "1",
                                            "right": "1",
                                            "bottom": "0",
                                            "left": "1",
                                            "isLinked": false
                                        },
                                        "margin": {
                                            "unit": "px",
                                            "top": "0",
                                            "right": "30",
                                            "bottom": "0",
                                            "left": "0",
                                            "isLinked": false
                                        },
                                        "margin_mobile": {
                                            "unit": "px",
                                            "top": "0",
                                            "right": "0",
                                            "bottom": "0",
                                            "left": "0",
                                            "isLinked": false
                                        },
                                        "padding": {
                                            "unit": "px",
                                            "top": "0",
                                            "right": "0",
                                            "bottom": "0",
                                            "left": "0",
                                            "isLinked": false
                                        },
                                        "__globals__": {
                                            "border_color": "globals\/colors?id=896222d"
                                        }
                                    },
                                    "elements": [
                                        {
                                            "id": "6ad172bd",
                                            "settings": {
                                                "ekit_accordion_items": [
                                                    {
                                                        "acc_title": "How to Change my Photo from Admin Dashboard?",
                                                        "ekit_acc_is_active": "yes",
                                                        "_id": "cf0a20b"
                                                    },
                                                    {
                                                        "acc_title": "How to Change my Password easily?",
                                                        "_id": "f9f3832"
                                                    },
                                                    {
                                                        "acc_title": "How to Change my Subscription Plan using PayPal",
                                                        "_id": "83f8996"
                                                    },
                                                    {
                                                        "_id": "4b5c069",
                                                        "acc_title": "How to contact my Company?"
                                                    }
                                                ],
                                                "ekit_accordion_title_color": "#222222",
                                                "ekit_accordion_background_background": "classic",
                                                "ekit_accordion_border_radious_curve_shape_open": {
                                                    "unit": "px",
                                                    "top": "0",
                                                    "right": "0",
                                                    "bottom": "0",
                                                    "left": "0",
                                                    "isLinked": false
                                                },
                                                "ekit_accordion_title_color_close": "#222222",
                                                "ekit_accordion_background_close_background": "classic",
                                                "ekit_accordion_title_padding": {
                                                    "unit": "px",
                                                    "top": "15",
                                                    "right": "20",
                                                    "bottom": "15",
                                                    "left": "20",
                                                    "isLinked": false
                                                },
                                                "ekit_accordion_title_margin_bottom": {
                                                    "unit": "px",
                                                    "size": 25,
                                                    "sizes": []
                                                },
                                                "ekit_accordion_content_border_radious": {
                                                    "unit": "px",
                                                    "top": "0",
                                                    "right": "0",
                                                    "bottom": "0",
                                                    "left": "0",
                                                    "isLinked": false
                                                },
                                                "ekit_accordion_content_padding": {
                                                    "unit": "px",
                                                    "top": "0",
                                                    "right": "40",
                                                    "bottom": "10",
                                                    "left": "40",
                                                    "isLinked": false
                                                },
                                                "_margin": {
                                                    "unit": "px",
                                                    "top": "0",
                                                    "right": "0",
                                                    "bottom": "-25",
                                                    "left": "0",
                                                    "isLinked": false
                                                },
                                                "_padding": {
                                                    "unit": "px",
                                                    "top": "0",
                                                    "right": "0",
                                                    "bottom": "0",
                                                    "left": "0",
                                                    "isLinked": false
                                                },
                                                "_border_width": {
                                                    "unit": "px",
                                                    "top": "01",
                                                    "right": "01",
                                                    "bottom": "0",
                                                    "left": "01",
                                                    "isLinked": false
                                                },
                                                "__globals__": {
                                                    "ekit_accordion_title_color": "globals\/colors?id=secondary",
                                                    "ekit_accordion_title_typography_typography": "globals\/typography?id=a109152",
                                                    "ekit_accordion_title_color_close": "globals\/colors?id=secondary",
                                                    "ekit_accordion_background_color": "globals\/colors?id=65a48b6",
                                                    "ekit_accordion_background_close_color": "globals\/colors?id=65a48b6",
                                                    "ekit_accordion_content_color": "globals\/colors?id=095f3c7",
                                                    "ekit_accordion_content_typography_typography": "globals\/typography?id=text",
                                                    "_border_color": "globals\/colors?id=896222d"
                                                }
                                            },
                                            "elements": [],
                                            "isInner": false,
                                            "widgetType": "elementskit-accordion",
                                            "elType": "widget"
                                        }
                                    ],
                                    "isInner": true,
                                    "elType": "column"
                                },
                                {
                                    "id": "54af1092",
                                    "settings": {
                                        "_column_size": 50,
                                        "_inline_size": null,
                                        "border_width": {
                                            "unit": "px",
                                            "top": "01",
                                            "right": "01",
                                            "bottom": "0",
                                            "left": "01",
                                            "isLinked": false
                                        },
                                        "margin": {
                                            "unit": "px",
                                            "top": "0",
                                            "right": "0",
                                            "bottom": "0",
                                            "left": "30",
                                            "isLinked": false
                                        },
                                        "margin_mobile": {
                                            "unit": "px",
                                            "top": "25",
                                            "right": "0",
                                            "bottom": "0",
                                            "left": "0",
                                            "isLinked": false
                                        },
                                        "padding": {
                                            "unit": "px",
                                            "top": "0",
                                            "right": "0",
                                            "bottom": "0",
                                            "left": "0",
                                            "isLinked": false
                                        },
                                        "__globals__": {
                                            "border_color": "globals\/colors?id=896222d"
                                        }
                                    },
                                    "elements": [
                                        {
                                            "id": "31d729f2",
                                            "settings": {
                                                "ekit_accordion_items": [
                                                    {
                                                        "acc_title": "How to Change my Photo from Admin Dashboard?",
                                                        "ekit_acc_is_active": "yes",
                                                        "_id": "cf0a20b"
                                                    },
                                                    {
                                                        "acc_title": "How to Change my Password easily?",
                                                        "_id": "f9f3832"
                                                    },
                                                    {
                                                        "acc_title": "How to Change my Subscription Plan using PayPal",
                                                        "_id": "83f8996"
                                                    },
                                                    {
                                                        "_id": "4b5c069",
                                                        "acc_title": "How to contact my Company?"
                                                    }
                                                ],
                                                "ekit_accordion_title_color": "#222222",
                                                "ekit_accordion_background_background": "classic",
                                                "ekit_accordion_border_radious_curve_shape_open": {
                                                    "unit": "px",
                                                    "top": "0",
                                                    "right": "0",
                                                    "bottom": "0",
                                                    "left": "0",
                                                    "isLinked": false
                                                },
                                                "ekit_accordion_title_color_close": "#222222",
                                                "ekit_accordion_background_close_background": "classic",
                                                "ekit_accordion_title_padding": {
                                                    "unit": "px",
                                                    "top": "15",
                                                    "right": "20",
                                                    "bottom": "15",
                                                    "left": "20",
                                                    "isLinked": false
                                                },
                                                "ekit_accordion_title_margin_bottom": {
                                                    "unit": "px",
                                                    "size": 25,
                                                    "sizes": []
                                                },
                                                "ekit_accordion_content_border_radious": {
                                                    "unit": "px",
                                                    "top": "0",
                                                    "right": "0",
                                                    "bottom": "0",
                                                    "left": "0",
                                                    "isLinked": false
                                                },
                                                "ekit_accordion_content_padding": {
                                                    "unit": "px",
                                                    "top": "0",
                                                    "right": "40",
                                                    "bottom": "10",
                                                    "left": "40",
                                                    "isLinked": false
                                                },
                                                "_margin": {
                                                    "unit": "px",
                                                    "top": "0",
                                                    "right": "0",
                                                    "bottom": "-25",
                                                    "left": "0",
                                                    "isLinked": false
                                                },
                                                "_padding": {
                                                    "unit": "px",
                                                    "top": "0",
                                                    "right": "0",
                                                    "bottom": "0",
                                                    "left": "0",
                                                    "isLinked": false
                                                },
                                                "_border_width": {
                                                    "unit": "px",
                                                    "top": "01",
                                                    "right": "01",
                                                    "bottom": "0",
                                                    "left": "01",
                                                    "isLinked": false
                                                },
                                                "__globals__": {
                                                    "ekit_accordion_title_color": "globals\/colors?id=secondary",
                                                    "ekit_accordion_title_typography_typography": "globals\/typography?id=a109152",
                                                    "ekit_accordion_title_color_close": "globals\/colors?id=secondary",
                                                    "ekit_accordion_background_color": "globals\/colors?id=65a48b6",
                                                    "ekit_accordion_background_close_color": "globals\/colors?id=65a48b6",
                                                    "ekit_accordion_content_color": "globals\/colors?id=095f3c7",
                                                    "ekit_accordion_content_typography_typography": "globals\/typography?id=text",
                                                    "_border_color": "globals\/colors?id=896222d"
                                                }
                                            },
                                            "elements": [],
                                            "isInner": false,
                                            "widgetType": "elementskit-accordion",
                                            "elType": "widget"
                                        }
                                    ],
                                    "isInner": true,
                                    "elType": "column"
                                }
                            ],
                            "isInner": true,
                            "elType": "section"
                        }
                    ],
                    "isInner": false,
                    "elType": "column"
                }
            ],
            "isInner": false,
            "elType": "section"
        },
        {
            "id": "50b96e8b",
            "settings": {
                "layout": "full_width",
                "margin": {
                    "unit": "px",
                    "top": "90",
                    "right": 0,
                    "bottom": "0",
                    "left": 0,
                    "isLinked": false
                },
                "margin_tablet": {
                    "unit": "px",
                    "top": "90",
                    "right": 0,
                    "bottom": "0",
                    "left": 0,
                    "isLinked": false
                },
                "margin_mobile": {
                    "unit": "px",
                    "top": "60",
                    "right": 0,
                    "bottom": "0",
                    "left": 0,
                    "isLinked": false
                },
                "padding": {
                    "unit": "px",
                    "top": "0",
                    "right": "0",
                    "bottom": "0",
                    "left": "0",
                    "isLinked": false
                },
                "_title": "Global Question"
            },
            "elements": [
                {
                    "id": "77abb87",
                    "settings": {
                        "_column_size": 100,
                        "_inline_size": 100,
                        "margin": {
                            "unit": "px",
                            "top": "0",
                            "right": "0",
                            "bottom": "0",
                            "left": "0",
                            "isLinked": false
                        },
                        "padding": {
                            "unit": "px",
                            "top": "0",
                            "right": "0",
                            "bottom": "0",
                            "left": "0",
                            "isLinked": false
                        }
                    },
                    "elements": [
                        {
                            "id": "28e8ff28",
                            "settings": {
                                "content_width": {
                                    "unit": "px",
                                    "size": 1170,
                                    "sizes": []
                                },
                                "gap": "no",
                                "structure": "20",
                                "margin": {
                                    "unit": "px",
                                    "top": "0",
                                    "right": 0,
                                    "bottom": "0",
                                    "left": 0,
                                    "isLinked": false
                                },
                                "padding": {
                                    "unit": "px",
                                    "top": "0",
                                    "right": "15",
                                    "bottom": "0",
                                    "left": "15",
                                    "isLinked": false
                                },
                                "_title": "Global"
                            },
                            "elements": [
                                {
                                    "id": "3f26c5a3",
                                    "settings": {
                                        "_column_size": 50,
                                        "_inline_size": 35,
                                        "space_between_widgets": 0,
                                        "background_background": "classic",
                                        "margin": {
                                            "unit": "px",
                                            "top": "0",
                                            "right": "0",
                                            "bottom": "0",
                                            "left": "0",
                                            "isLinked": false
                                        },
                                        "padding": {
                                            "unit": "px",
                                            "top": "40",
                                            "right": "30",
                                            "bottom": "40",
                                            "left": "30",
                                            "isLinked": false
                                        },
                                        "__globals__": {
                                            "background_color": "globals\/colors?id=d0d6eba"
                                        },
                                        "_inline_size_tablet": 40,
                                        "content_position_tablet": "center"
                                    },
                                    "elements": [
                                        {
                                            "id": "49a3ae10",
                                            "settings": {
                                                "title": "Information us",
                                                "__globals__": {
                                                    "typography_typography": "globals\/typography?id=271a82b"
                                                }
                                            },
                                            "elements": [],
                                            "isInner": false,
                                            "widgetType": "heading",
                                            "elType": "widget"
                                        },
                                        {
                                            "id": "5a88a127",
                                            "settings": {
                                                "icon_list": [
                                                    {
                                                        "text": "designuptodate@gmail.com",
                                                        "selected_icon": {
                                                            "value": "fas fa-envelope",
                                                            "library": "fa-solid"
                                                        },
                                                        "_id": "a88e877"
                                                    },
                                                    {
                                                        "text": "+123 456 789",
                                                        "selected_icon": {
                                                            "value": "fas fa-phone-alt",
                                                            "library": "fa-solid"
                                                        },
                                                        "_id": "32b2927"
                                                    },
                                                    {
                                                        "text": "1548 Street London England",
                                                        "selected_icon": {
                                                            "value": "fas fa-map-marker",
                                                            "library": "fa-solid"
                                                        },
                                                        "_id": "3e4e954"
                                                    },
                                                    {
                                                        "_id": "c39229a",
                                                        "text": "Open: 8:00AM - 5:00PM",
                                                        "selected_icon": {
                                                            "value": "fas fa-clock",
                                                            "library": "fa-solid"
                                                        }
                                                    }
                                                ],
                                                "space_between": {
                                                    "unit": "px",
                                                    "size": 20,
                                                    "sizes": []
                                                },
                                                "text_indent": {
                                                    "unit": "px",
                                                    "size": 12,
                                                    "sizes": []
                                                },
                                                "_margin": {
                                                    "unit": "px",
                                                    "top": "30",
                                                    "right": "0",
                                                    "bottom": "0",
                                                    "left": "0",
                                                    "isLinked": false
                                                },
                                                "_padding": {
                                                    "unit": "px",
                                                    "top": "0",
                                                    "right": "0",
                                                    "bottom": "0",
                                                    "left": "0",
                                                    "isLinked": false
                                                },
                                                "__globals__": {
                                                    "text_color_hover": "globals\/colors?id=text",
                                                    "icon_typography_typography": "globals\/typography?id=text"
                                                }
                                            },
                                            "elements": [],
                                            "isInner": false,
                                            "widgetType": "icon-list",
                                            "elType": "widget"
                                        },
                                        {
                                            "id": "432d2d36",
                                            "settings": {
                                                "title": "Follow us",
                                                "__globals__": {
                                                    "typography_typography": "globals\/typography?id=271a82b"
                                                },
                                                "_margin": {
                                                    "unit": "px",
                                                    "top": "40",
                                                    "right": "0",
                                                    "bottom": "0",
                                                    "left": "0",
                                                    "isLinked": false
                                                },
                                                "_padding": {
                                                    "unit": "px",
                                                    "top": "0",
                                                    "right": "0",
                                                    "bottom": "0",
                                                    "left": "0",
                                                    "isLinked": false
                                                }
                                            },
                                            "elements": [],
                                            "isInner": false,
                                            "widgetType": "heading",
                                            "elType": "widget"
                                        },
                                        {
                                            "id": "5af411d0",
                                            "settings": {
                                                "social_icon_list": [
                                                    {
                                                        "social_icon": {
                                                            "value": "fab fa-facebook",
                                                            "library": "fa-brands"
                                                        },
                                                        "_id": "f085e37"
                                                    },
                                                    {
                                                        "social_icon": {
                                                            "value": "fab fa-twitter",
                                                            "library": "fa-brands"
                                                        },
                                                        "_id": "259585c"
                                                    },
                                                    {
                                                        "social_icon": {
                                                            "value": "fab fa-youtube",
                                                            "library": "fa-brands"
                                                        },
                                                        "_id": "8dd946b"
                                                    }
                                                ],
                                                "shape": "square",
                                                "align": "left",
                                                "icon_color": "custom",
                                                "icon_size": {
                                                    "unit": "px",
                                                    "size": 16,
                                                    "sizes": []
                                                },
                                                "icon_padding": {
                                                    "unit": "em",
                                                    "size": 0.9,
                                                    "sizes": []
                                                },
                                                "icon_spacing": {
                                                    "unit": "px",
                                                    "size": 15,
                                                    "sizes": []
                                                },
                                                "image_border_border": "solid",
                                                "image_border_width": {
                                                    "unit": "px",
                                                    "top": "1",
                                                    "right": "1",
                                                    "bottom": "1",
                                                    "left": "1",
                                                    "isLinked": true
                                                },
                                                "_margin": {
                                                    "unit": "px",
                                                    "top": "30",
                                                    "right": "0",
                                                    "bottom": "0",
                                                    "left": "0",
                                                    "isLinked": false
                                                },
                                                "_padding": {
                                                    "unit": "px",
                                                    "top": "0",
                                                    "right": "0",
                                                    "bottom": "0",
                                                    "left": "0",
                                                    "isLinked": false
                                                },
                                                "__globals__": {
                                                    "image_border_color": "globals\/colors?id=d4fb9e1",
                                                    "icon_primary_color": "globals\/colors?id=60b6bf6",
                                                    "icon_secondary_color": "globals\/colors?id=9222dbf",
                                                    "hover_primary_color": "globals\/colors?id=primary",
                                                    "hover_secondary_color": "globals\/colors?id=5090b7e",
                                                    "hover_border_color": "globals\/colors?id=primary"
                                                }
                                            },
                                            "elements": [],
                                            "isInner": false,
                                            "widgetType": "social-icons",
                                            "elType": "widget"
                                        }
                                    ],
                                    "isInner": true,
                                    "elType": "column"
                                },
                                {
                                    "id": "36a5b366",
                                    "settings": {
                                        "_column_size": 50,
                                        "_inline_size": 65,
                                        "content_position": "center",
                                        "space_between_widgets": 0,
                                        "margin": {
                                            "unit": "px",
                                            "top": "0",
                                            "right": "0",
                                            "bottom": "0",
                                            "left": "70",
                                            "isLinked": false
                                        },
                                        "margin_mobile": {
                                            "unit": "px",
                                            "top": "40",
                                            "right": "0",
                                            "bottom": "0",
                                            "left": "0",
                                            "isLinked": false
                                        },
                                        "padding": {
                                            "unit": "px",
                                            "top": "0",
                                            "right": "0",
                                            "bottom": "0",
                                            "left": "0",
                                            "isLinked": false
                                        },
                                        "_inline_size_tablet": 60,
                                        "margin_tablet": {
                                            "unit": "px",
                                            "top": "0",
                                            "right": "0",
                                            "bottom": "0",
                                            "left": "40",
                                            "isLinked": false
                                        }
                                    },
                                    "elements": [
                                        {
                                            "id": "1805eb94",
                                            "settings": {
                                                "title": "Global Questions",
                                                "__globals__": {
                                                    "title_color": "globals\/colors?id=primary",
                                                    "typography_typography": "globals\/typography?id=271a82b"
                                                }
                                            },
                                            "elements": [],
                                            "isInner": false,
                                            "widgetType": "heading",
                                            "elType": "widget"
                                        },
                                        {
                                            "id": "7ce611c8",
                                            "settings": {
                                                "ekit_accordion_items": [
                                                    {
                                                        "acc_title": "How to Change my Photo from Admin Dashboard?",
                                                        "ekit_acc_is_active": "yes",
                                                        "_id": "cf0a20b"
                                                    },
                                                    {
                                                        "acc_title": "How to Change my Password easily?",
                                                        "_id": "f9f3832"
                                                    },
                                                    {
                                                        "acc_title": "How to Change my Subscription Plan using PayPal",
                                                        "_id": "83f8996"
                                                    },
                                                    {
                                                        "_id": "4b5c069",
                                                        "acc_title": "How to contact my Company?"
                                                    }
                                                ],
                                                "ekit_accordion_background_background": "classic",
                                                "ekit_accordion_border_radious_curve_shape_open": {
                                                    "unit": "px",
                                                    "top": "0",
                                                    "right": "0",
                                                    "bottom": "0",
                                                    "left": "0",
                                                    "isLinked": false
                                                },
                                                "ekit_accordion_background_close_background": "classic",
                                                "ekit_accordion_title_padding": {
                                                    "unit": "px",
                                                    "top": "15",
                                                    "right": "20",
                                                    "bottom": "15",
                                                    "left": "20",
                                                    "isLinked": false
                                                },
                                                "ekit_accordion_title_margin_bottom": {
                                                    "unit": "px",
                                                    "size": 25,
                                                    "sizes": []
                                                },
                                                "ekit_accordion_content_border_radious": {
                                                    "unit": "px",
                                                    "top": "0",
                                                    "right": "0",
                                                    "bottom": "0",
                                                    "left": "0",
                                                    "isLinked": false
                                                },
                                                "ekit_accordion_content_padding": {
                                                    "unit": "px",
                                                    "top": "0",
                                                    "right": "40",
                                                    "bottom": "10",
                                                    "left": "40",
                                                    "isLinked": false
                                                },
                                                "_margin": {
                                                    "unit": "px",
                                                    "top": "30",
                                                    "right": "0",
                                                    "bottom": "-25",
                                                    "left": "0",
                                                    "isLinked": false
                                                },
                                                "_padding": {
                                                    "unit": "px",
                                                    "top": "0",
                                                    "right": "0",
                                                    "bottom": "0",
                                                    "left": "0",
                                                    "isLinked": false
                                                },
                                                "_border_border": "solid",
                                                "_border_width": {
                                                    "unit": "px",
                                                    "top": "01",
                                                    "right": "01",
                                                    "bottom": "0",
                                                    "left": "01",
                                                    "isLinked": false
                                                },
                                                "__globals__": {
                                                    "ekit_accordion_title_color": "globals\/colors?id=5090b7e",
                                                    "ekit_accordion_title_typography_typography": "globals\/typography?id=a109152",
                                                    "ekit_accordion_title_color_close": "globals\/colors?id=5090b7e",
                                                    "ekit_accordion_background_color": "globals\/colors?id=e4b06dd",
                                                    "ekit_accordion_background_close_color": "globals\/colors?id=e4b06dd",
                                                    "ekit_accordion_content_color": "globals\/colors?id=accent",
                                                    "ekit_accordion_content_typography_typography": "globals\/typography?id=accent",
                                                    "_border_color": "globals\/colors?id=d4fb9e1"
                                                }
                                            },
                                            "elements": [],
                                            "isInner": false,
                                            "widgetType": "elementskit-accordion",
                                            "elType": "widget"
                                        }
                                    ],
                                    "isInner": true,
                                    "elType": "column"
                                }
                            ],
                            "isInner": true,
                            "elType": "section"
                        }
                    ],
                    "isInner": false,
                    "elType": "column"
                }
            ],
            "isInner": false,
            "elType": "section"
        },
        {
            "id": "4fda4f98",
            "settings": {
                "layout": "full_width",
                "margin": {
                    "unit": "px",
                    "top": "90",
                    "right": 0,
                    "bottom": "0",
                    "left": 0,
                    "isLinked": false
                },
                "padding": {
                    "unit": "px",
                    "top": "60",
                    "right": "0",
                    "bottom": "60",
                    "left": "0",
                    "isLinked": false
                },
                "_title": "Related",
                "background_background": "classic",
                "padding_tablet": {
                    "unit": "px",
                    "top": "50",
                    "right": "0",
                    "bottom": "50",
                    "left": "0",
                    "isLinked": false
                },
                "__globals__": {
                    "background_color": "globals\/colors?id=d0d6eba"
                },
                "margin_mobile": {
                    "unit": "px",
                    "top": "60",
                    "right": 0,
                    "bottom": "0",
                    "left": 0,
                    "isLinked": false
                }
            },
            "elements": [
                {
                    "id": "5c8292d4",
                    "settings": {
                        "_column_size": 100,
                        "_inline_size": null,
                        "margin": {
                            "unit": "px",
                            "top": "0",
                            "right": "0",
                            "bottom": "0",
                            "left": "0",
                            "isLinked": false
                        },
                        "padding": {
                            "unit": "px",
                            "top": "0",
                            "right": "0",
                            "bottom": "0",
                            "left": "0",
                            "isLinked": false
                        }
                    },
                    "elements": [
                        {
                            "id": "30fdc60f",
                            "settings": {
                                "content_width": {
                                    "unit": "px",
                                    "size": 1170,
                                    "sizes": []
                                },
                                "gap": "no",
                                "margin": {
                                    "unit": "px",
                                    "top": "0",
                                    "right": 0,
                                    "bottom": "40",
                                    "left": 0,
                                    "isLinked": false
                                },
                                "margin_tablet": {
                                    "unit": "px",
                                    "top": "0",
                                    "right": 0,
                                    "bottom": "30",
                                    "left": 0,
                                    "isLinked": false
                                },
                                "padding": {
                                    "unit": "px",
                                    "top": "0",
                                    "right": "15",
                                    "bottom": "0",
                                    "left": "15",
                                    "isLinked": false
                                },
                                "_title": "Heading"
                            },
                            "elements": [
                                {
                                    "id": "476e90cf",
                                    "settings": {
                                        "_column_size": 100,
                                        "_inline_size": null,
                                        "margin": {
                                            "unit": "px",
                                            "top": "0",
                                            "right": "0",
                                            "bottom": "0",
                                            "left": "0",
                                            "isLinked": false
                                        },
                                        "padding": {
                                            "unit": "px",
                                            "top": "0",
                                            "right": "0",
                                            "bottom": "0",
                                            "left": "0",
                                            "isLinked": false
                                        }
                                    },
                                    "elements": [
                                        {
                                            "id": "245071b9",
                                            "settings": {
                                                "title": "You may also like",
                                                "align": "left",
                                                "__globals__": {
                                                    "title_color": "globals\/colors?id=primary",
                                                    "typography_typography": "globals\/typography?id=271a82b"
                                                }
                                            },
                                            "elements": [],
                                            "isInner": false,
                                            "widgetType": "heading",
                                            "elType": "widget"
                                        }
                                    ],
                                    "isInner": true,
                                    "elType": "column"
                                }
                            ],
                            "isInner": true,
                            "elType": "section"
                        },
                        {
                            "id": "1fa5953c",
                            "settings": {
                                "content_width": {
                                    "unit": "px",
                                    "size": 1170,
                                    "sizes": []
                                },
                                "margin": {
                                    "unit": "px",
                                    "top": "0",
                                    "right": 0,
                                    "bottom": "0",
                                    "left": 0,
                                    "isLinked": false
                                },
                                "padding": {
                                    "unit": "px",
                                    "top": "0",
                                    "right": "15",
                                    "bottom": "0",
                                    "left": "15",
                                    "isLinked": false
                                },
                                "_title": "Content",
                                "border_width": {
                                    "unit": "px",
                                    "top": "1",
                                    "right": "0",
                                    "bottom": "1",
                                    "left": "0",
                                    "isLinked": false
                                },
                                "__globals__": {
                                    "border_color": "globals\/colors?id=96f2869"
                                },
                                "gap": "no"
                            },
                            "elements": [
                                {
                                    "id": "18bb13f4",
                                    "settings": {
                                        "_column_size": 100,
                                        "_inline_size": null,
                                        "margin": {
                                            "unit": "px",
                                            "top": "0",
                                            "right": "0",
                                            "bottom": "0",
                                            "left": "0",
                                            "isLinked": false
                                        },
                                        "padding": {
                                            "unit": "%",
                                            "top": "0",
                                            "right": "0",
                                            "bottom": "0",
                                            "left": "0",
                                            "isLinked": false
                                        },
                                        "margin_mobile": {
                                            "unit": "px",
                                            "top": "0",
                                            "right": "0",
                                            "bottom": "0",
                                            "left": "0",
                                            "isLinked": false
                                        },
                                        "padding_tablet": {
                                            "unit": "px",
                                            "top": "0",
                                            "right": "0",
                                            "bottom": "0",
                                            "left": "0",
                                            "isLinked": false
                                        }
                                    },
                                    "elements": [
                                        {
                                            "id": "65463188",
                                            "settings": {
                                                "sg_content_postblock_type": "type-2",
                                                "sg_content_image_size_imagesize_size": "large",
                                                "sg_content_column_responsive": {
                                                    "unit": "px",
                                                    "size": 3,
                                                    "sizes": []
                                                },
                                                "sg_content_column_responsive_tablet": {
                                                    "unit": "px",
                                                    "size": 2,
                                                    "sizes": []
                                                },
                                                "sg_content_excerpt_enable": "",
                                                "sg_content_excerpt_more": "...",
                                                "sg_content_readmore_enable": "",
                                                "sg_content_readmore_text": "Read More",
                                                "sg_content_comment_enable": "",
                                                "sg_content_meta_author_by_text": "by ",
                                                "sg_content_meta_author_icon": {
                                                    "value": "",
                                                    "library": ""
                                                },
                                                "sg_content_meta_date_format_custom": "F j, Y",
                                                "sg_content_meta_date_icon": {
                                                    "value": "",
                                                    "library": ""
                                                },
                                                "pagination_loadmore_text": "Load More",
                                                "pagination_loading_text": "Loading...",
                                                "st_wrapper_padding_responsive": {
                                                    "unit": "px",
                                                    "top": "0",
                                                    "right": "0",
                                                    "bottom": "0",
                                                    "left": "0",
                                                    "isLinked": false
                                                },
                                                "st_wrapper_margin_responsive": {
                                                    "unit": "px",
                                                    "top": "0",
                                                    "right": "0",
                                                    "bottom": "0",
                                                    "left": "0",
                                                    "isLinked": false
                                                },
                                                "st_wrapper_border_radius_responsive": {
                                                    "unit": "px",
                                                    "top": "0",
                                                    "right": "0",
                                                    "bottom": "0",
                                                    "left": "0",
                                                    "isLinked": false
                                                },
                                                "st_post_item_gap_responsive": {
                                                    "unit": "px",
                                                    "size": 30,
                                                    "sizes": []
                                                },
                                                "st_post_item_gap_responsive_tablet": {
                                                    "unit": "px",
                                                    "size": 30,
                                                    "sizes": []
                                                },
                                                "st_post_item_padding_responsive": {
                                                    "unit": "px",
                                                    "top": "0",
                                                    "right": "0",
                                                    "bottom": "0",
                                                    "left": "0",
                                                    "isLinked": false
                                                },
                                                "st_post_item_margin_responsive": {
                                                    "unit": "px",
                                                    "top": "0",
                                                    "right": "0",
                                                    "bottom": "0",
                                                    "left": "0",
                                                    "isLinked": false
                                                },
                                                "st_post_item_border_radius_responsive": {
                                                    "unit": "px",
                                                    "top": "0",
                                                    "right": "0",
                                                    "bottom": "0",
                                                    "left": "0",
                                                    "isLinked": false
                                                },
                                                "st_thumbnail_padding_responsive": {
                                                    "unit": "px",
                                                    "top": "0",
                                                    "right": "0",
                                                    "bottom": "0",
                                                    "left": "0",
                                                    "isLinked": false
                                                },
                                                "st_thumbnail_margin_responsive": {
                                                    "unit": "px",
                                                    "top": "0",
                                                    "right": "0",
                                                    "bottom": "0",
                                                    "left": "0",
                                                    "isLinked": false
                                                },
                                                "st_thumbnail_border_radius_responsive": {
                                                    "unit": "px",
                                                    "top": "0",
                                                    "right": "0",
                                                    "bottom": "0",
                                                    "left": "0",
                                                    "isLinked": false
                                                },
                                                "st_thumbnail_container_height_responsive": {
                                                    "unit": "px",
                                                    "size": 360,
                                                    "sizes": []
                                                },
                                                "st_thumbnail_container_background_background_background": "classic",
                                                "st_thumbnail_container_border_radius_responsive": {
                                                    "unit": "px",
                                                    "top": "0",
                                                    "right": "0",
                                                    "bottom": "0",
                                                    "left": "0",
                                                    "isLinked": false
                                                },
                                                "st_content_padding_responsive": {
                                                    "unit": "px",
                                                    "top": "20",
                                                    "right": "0",
                                                    "bottom": "0",
                                                    "left": "0",
                                                    "isLinked": false
                                                },
                                                "st_content_margin_responsive": {
                                                    "unit": "px",
                                                    "top": "0",
                                                    "right": "0",
                                                    "bottom": "-30",
                                                    "left": "20",
                                                    "isLinked": false
                                                },
                                                "st_content_border_radius_responsive": {
                                                    "unit": "px",
                                                    "top": "0",
                                                    "right": "0",
                                                    "bottom": "0",
                                                    "left": "0",
                                                    "isLinked": false
                                                },
                                                "st_category_padding_responsive": {
                                                    "unit": "px",
                                                    "top": "0",
                                                    "right": "0",
                                                    "bottom": "0",
                                                    "left": "0",
                                                    "isLinked": false
                                                },
                                                "st_category_margin_responsive": {
                                                    "unit": "px",
                                                    "top": "0",
                                                    "right": "0",
                                                    "bottom": "0",
                                                    "left": "0",
                                                    "isLinked": false
                                                },
                                                "st_category_border_radius_responsive": {
                                                    "unit": "px",
                                                    "top": "0",
                                                    "right": "0",
                                                    "bottom": "0",
                                                    "left": "0",
                                                    "isLinked": false
                                                },
                                                "st_title_margin_responsive": {
                                                    "unit": "px",
                                                    "top": "10",
                                                    "right": "0",
                                                    "bottom": "12",
                                                    "left": "0",
                                                    "isLinked": false
                                                },
                                                "st_nocontent_text": "No Content Available",
                                                "__globals__": {
                                                    "st_thumbnail_container_background_background_color": "globals\/colors?id=df214f5",
                                                    "st_category_typography_content_typography_typography": "globals\/typography?id=e00bf0c",
                                                    "st_category_color_responsive": "globals\/colors?id=9222dbf",
                                                    "st_title_normal_typography_content_typography_typography": "globals\/typography?id=f27ede8",
                                                    "st_title_normal_color_responsive": "globals\/colors?id=secondary",
                                                    "st_meta_typography_content_typography_typography": "globals\/typography?id=e270c1d",
                                                    "st_meta_color_responsive": "globals\/colors?id=0a2a987",
                                                    "st_meta_author_name_typography_content_typography_typography": "globals\/typography?id=7d8455b",
                                                    "st_meta_author_name_color_responsive": "globals\/colors?id=9b761e3"
                                                },
                                                "sg_content_meta_enable": "",
                                                "st_post_item_margin_responsive_mobile": {
                                                    "unit": "px",
                                                    "top": "0",
                                                    "right": "0",
                                                    "bottom": "30",
                                                    "left": "0",
                                                    "isLinked": false
                                                },
                                                "_margin_mobile": {
                                                    "unit": "px",
                                                    "top": "0",
                                                    "right": "0",
                                                    "bottom": "-30",
                                                    "left": "0",
                                                    "isLinked": false
                                                },
                                                "_padding_mobile": {
                                                    "unit": "px",
                                                    "top": "0",
                                                    "right": "0",
                                                    "bottom": "0",
                                                    "left": "0",
                                                    "isLinked": false
                                                },
                                                "st_post_item_margin_responsive_tablet": {
                                                    "unit": "px",
                                                    "top": "0",
                                                    "right": "0",
                                                    "bottom": "30",
                                                    "left": "0",
                                                    "isLinked": false
                                                },
                                                "_margin_tablet": {
                                                    "unit": "px",
                                                    "top": "0",
                                                    "right": "0",
                                                    "bottom": "-30",
                                                    "left": "0",
                                                    "isLinked": false
                                                },
                                                "_padding_tablet": {
                                                    "unit": "px",
                                                    "top": "0",
                                                    "right": "0",
                                                    "bottom": "0",
                                                    "left": "0",
                                                    "isLinked": false
                                                },
                                                "post_offset": 20
                                            },
                                            "elements": [],
                                            "isInner": false,
                                            "widgetType": "jkit_post_block",
                                            "elType": "widget"
                                        }
                                    ],
                                    "isInner": true,
                                    "elType": "column"
                                }
                            ],
                            "isInner": true,
                            "elType": "section"
                        }
                    ],
                    "isInner": false,
                    "elType": "column"
                }
            ],
            "isInner": false,
            "elType": "section"
        }
    ]
}