{
    "version": "0.4",
    "title": "Home Main Col Post Grid",
    "type": "section",
    "metadata": {
        "template_type": "section-other",
        "include_in_zip": "1",
        "elementor_pro_required": "1",
        "wp_page_template": "elementor_header_footer"
    },
    "content": [
        {
            "id": "505c22a6",
            "settings": {
                "layout": "full_width",
                "structure": "20",
                "margin": {
                    "unit": "px",
                    "top": "0",
                    "right": 0,
                    "bottom": "0",
                    "left": 0,
                    "isLinked": false
                },
                "padding": {
                    "unit": "px",
                    "top": "0",
                    "right": "0",
                    "bottom": "0",
                    "left": "0",
                    "isLinked": false
                },
                "hide_tablet": "hidden-tablet",
                "hide_mobile": "hidden-mobile",
                "_title": "Home Main Col Post Grid"
            },
            "elements": [
                {
                    "id": "7ec58b0d",
                    "settings": {
                        "_column_size": 50,
                        "_inline_size": null,
                        "margin": {
                            "unit": "px",
                            "top": "0",
                            "right": "0",
                            "bottom": "0",
                            "left": "0",
                            "isLinked": false
                        },
                        "padding": {
                            "unit": "px",
                            "top": "0",
                            "right": "0",
                            "bottom": "0",
                            "left": "0",
                            "isLinked": false
                        }
                    },
                    "elements": [
                        {
                            "id": "42f2d01f",
                            "settings": {
                                "classic_columns": "1",
                                "classic_columns_tablet": "1",
                                "classic_posts_per_page": 1,
                                "classic_thumbnail_size_size": "large",
                                "classic_item_ratio": {
                                    "unit": "px",
                                    "size": 0.5625,
                                    "sizes": []
                                },
                                "classic_item_ratio_mobile": {
                                    "unit": "px",
                                    "size": 0.56,
                                    "sizes": []
                                },
                                "classic_show_title": "",
                                "classic_show_excerpt": "",
                                "classic_meta_data": [],
                                "classic_meta_separator": "",
                                "classic_show_read_more": "",
                                "classic_read_more_text": "Read More \u00bb",
                                "cards_meta_separator": "\u2022",
                                "cards_read_more_text": "Read More \u00bb",
                                "full_content_meta_separator": "\/\/\/",
                                "posts_post_type": "current_query",
                                "classic_image_spacing": {
                                    "unit": "px",
                                    "size": 0,
                                    "sizes": []
                                },
                                "pagination_page_limit": "5",
                                "pagination_prev_label": "&laquo; Previous",
                                "pagination_next_label": "Next &raquo;",
                                "text": "Load More",
                                "load_more_no_posts_custom_message": "No more posts to show"
                            },
                            "elements": [],
                            "isInner": false,
                            "widgetType": "posts",
                            "elType": "widget"
                        }
                    ],
                    "isInner": false,
                    "elType": "column"
                },
                {
                    "id": "2329a12a",
                    "settings": {
                        "_column_size": 50,
                        "_inline_size": null,
                        "content_position": "center",
                        "space_between_widgets": 0,
                        "margin": {
                            "unit": "px",
                            "top": "0",
                            "right": "0",
                            "bottom": "0",
                            "left": "60",
                            "isLinked": false
                        },
                        "margin_tablet": {
                            "unit": "px",
                            "top": "0",
                            "right": "0",
                            "bottom": "0",
                            "left": "30",
                            "isLinked": false
                        },
                        "margin_mobile": {
                            "unit": "px",
                            "top": "20",
                            "right": "0",
                            "bottom": "0",
                            "left": "0",
                            "isLinked": false
                        },
                        "padding": {
                            "unit": "px",
                            "top": "0",
                            "right": "0",
                            "bottom": "0",
                            "left": "0",
                            "isLinked": false
                        }
                    },
                    "elements": [
                        {
                            "id": "21703148",
                            "settings": {
                                "icon_list": [
                                    {
                                        "type": "terms",
                                        "selected_icon": {
                                            "value": "far fa-comment-dots",
                                            "library": "fa-regular"
                                        },
                                        "_id": "3c2b535",
                                        "custom_date_format": "F j, Y",
                                        "custom_time_format": "g:i a",
                                        "taxonomy": "category",
                                        "show_icon": "none"
                                    }
                                ],
                                "__globals__": {
                                    "icon_typography_typography": "globals\/typography?id=e00bf0c",
                                    "text_color": "globals\/colors?id=9222dbf"
                                }
                            },
                            "elements": [],
                            "isInner": false,
                            "widgetType": "post-info",
                            "elType": "widget"
                        },
                        {
                            "id": "2fa2055b",
                            "settings": {
                                "classic_columns": "1",
                                "classic_columns_tablet": "1",
                                "classic_posts_per_page": 1,
                                "classic_thumbnail": "none",
                                "classic_excerpt_length": 15,
                                "classic_meta_data": [],
                                "classic_meta_separator": "",
                                "classic_show_read_more": "",
                                "classic_read_more_text": "Read More \u00bb",
                                "cards_meta_separator": "\u2022",
                                "cards_read_more_text": "Read More \u00bb",
                                "full_content_meta_separator": "\/\/\/",
                                "posts_post_type": "current_query",
                                "classic_title_spacing": {
                                    "unit": "px",
                                    "size": 20,
                                    "sizes": []
                                },
                                "classic_meta_spacing": {
                                    "unit": "px",
                                    "size": 0,
                                    "sizes": []
                                },
                                "classic_excerpt_spacing": {
                                    "unit": "px",
                                    "size": 0,
                                    "sizes": []
                                },
                                "pagination_page_limit": "5",
                                "pagination_prev_label": "&laquo; Previous",
                                "pagination_next_label": "Next &raquo;",
                                "text": "Load More",
                                "load_more_no_posts_custom_message": "No more posts to show",
                                "_margin": {
                                    "unit": "px",
                                    "top": "15",
                                    "right": "0",
                                    "bottom": "0",
                                    "left": "0",
                                    "isLinked": false
                                },
                                "_padding": {
                                    "unit": "px",
                                    "top": "0",
                                    "right": "0",
                                    "bottom": "0",
                                    "left": "0",
                                    "isLinked": false
                                },
                                "__globals__": {
                                    "classic_title_typography_typography": "globals\/typography?id=f27ede8",
                                    "classic_excerpt_color": "globals\/colors?id=accent",
                                    "classic_excerpt_typography_typography": "globals\/typography?id=accent"
                                }
                            },
                            "elements": [],
                            "isInner": false,
                            "widgetType": "posts",
                            "elType": "widget"
                        }
                    ],
                    "isInner": false,
                    "elType": "column"
                }
            ],
            "isInner": false,
            "elType": "section"
        },
        {
            "id": "10711f09",
            "settings": {
                "layout": "full_width",
                "structure": "20",
                "margin": {
                    "unit": "px",
                    "top": "0",
                    "right": 0,
                    "bottom": "0",
                    "left": 0,
                    "isLinked": false
                },
                "padding": {
                    "unit": "px",
                    "top": "0",
                    "right": "0",
                    "bottom": "0",
                    "left": "0",
                    "isLinked": false
                },
                "hide_desktop": "hidden-desktop",
                "hide_mobile": "hidden-mobile",
                "_title": "Home Main Col Post Grid TL"
            },
            "elements": [
                {
                    "id": "1adc2431",
                    "settings": {
                        "_column_size": 50,
                        "_inline_size": null,
                        "margin": {
                            "unit": "px",
                            "top": "0",
                            "right": "0",
                            "bottom": "0",
                            "left": "0",
                            "isLinked": false
                        },
                        "padding": {
                            "unit": "px",
                            "top": "0",
                            "right": "0",
                            "bottom": "0",
                            "left": "0",
                            "isLinked": false
                        }
                    },
                    "elements": [
                        {
                            "id": "539f7907",
                            "settings": {
                                "classic_columns": "1",
                                "classic_columns_tablet": "1",
                                "classic_posts_per_page": 1,
                                "classic_thumbnail_size_size": "large",
                                "classic_item_ratio": {
                                    "unit": "px",
                                    "size": 0.5625,
                                    "sizes": []
                                },
                                "classic_item_ratio_mobile": {
                                    "unit": "px",
                                    "size": 0.56,
                                    "sizes": []
                                },
                                "classic_show_title": "",
                                "classic_show_excerpt": "",
                                "classic_meta_data": [],
                                "classic_meta_separator": "",
                                "classic_show_read_more": "",
                                "classic_read_more_text": "Read More \u00bb",
                                "cards_meta_separator": "\u2022",
                                "cards_read_more_text": "Read More \u00bb",
                                "full_content_meta_separator": "\/\/\/",
                                "posts_post_type": "current_query",
                                "classic_image_spacing": {
                                    "unit": "px",
                                    "size": 0,
                                    "sizes": []
                                },
                                "pagination_page_limit": "5",
                                "pagination_prev_label": "&laquo; Previous",
                                "pagination_next_label": "Next &raquo;",
                                "text": "Load More",
                                "load_more_no_posts_custom_message": "No more posts to show"
                            },
                            "elements": [],
                            "isInner": false,
                            "widgetType": "posts",
                            "elType": "widget"
                        }
                    ],
                    "isInner": false,
                    "elType": "column"
                },
                {
                    "id": "1767f4a8",
                    "settings": {
                        "_column_size": 50,
                        "_inline_size": null,
                        "content_position": "center",
                        "space_between_widgets": 0,
                        "margin": {
                            "unit": "px",
                            "top": "0",
                            "right": "0",
                            "bottom": "0",
                            "left": "30",
                            "isLinked": false
                        },
                        "margin_tablet": {
                            "unit": "px",
                            "top": "0",
                            "right": "0",
                            "bottom": "0",
                            "left": "30",
                            "isLinked": false
                        },
                        "margin_mobile": {
                            "unit": "px",
                            "top": "20",
                            "right": "0",
                            "bottom": "0",
                            "left": "0",
                            "isLinked": false
                        },
                        "padding": {
                            "unit": "px",
                            "top": "0",
                            "right": "0",
                            "bottom": "0",
                            "left": "0",
                            "isLinked": false
                        }
                    },
                    "elements": [
                        {
                            "id": "2508f690",
                            "settings": {
                                "icon_list": [
                                    {
                                        "type": "terms",
                                        "selected_icon": {
                                            "value": "far fa-comment-dots",
                                            "library": "fa-regular"
                                        },
                                        "_id": "3c2b535",
                                        "custom_date_format": "F j, Y",
                                        "custom_time_format": "g:i a",
                                        "taxonomy": "category",
                                        "show_icon": "none"
                                    }
                                ],
                                "__globals__": {
                                    "icon_typography_typography": "globals\/typography?id=e00bf0c",
                                    "text_color": "globals\/colors?id=9222dbf"
                                }
                            },
                            "elements": [],
                            "isInner": false,
                            "widgetType": "post-info",
                            "elType": "widget"
                        },
                        {
                            "id": "352ea36",
                            "settings": {
                                "classic_columns": "1",
                                "classic_columns_tablet": "1",
                                "classic_posts_per_page": 1,
                                "classic_thumbnail": "none",
                                "classic_excerpt_length": 15,
                                "classic_meta_data": [],
                                "classic_meta_separator": "",
                                "classic_show_read_more": "",
                                "classic_read_more_text": "Read More \u00bb",
                                "cards_meta_separator": "\u2022",
                                "cards_read_more_text": "Read More \u00bb",
                                "full_content_meta_separator": "\/\/\/",
                                "posts_post_type": "current_query",
                                "classic_title_spacing": {
                                    "unit": "px",
                                    "size": 20,
                                    "sizes": []
                                },
                                "classic_meta_spacing": {
                                    "unit": "px",
                                    "size": 0,
                                    "sizes": []
                                },
                                "classic_excerpt_spacing": {
                                    "unit": "px",
                                    "size": 0,
                                    "sizes": []
                                },
                                "pagination_page_limit": "5",
                                "pagination_prev_label": "&laquo; Previous",
                                "pagination_next_label": "Next &raquo;",
                                "text": "Load More",
                                "load_more_no_posts_custom_message": "No more posts to show",
                                "_margin": {
                                    "unit": "px",
                                    "top": "15",
                                    "right": "0",
                                    "bottom": "0",
                                    "left": "0",
                                    "isLinked": false
                                },
                                "_padding": {
                                    "unit": "px",
                                    "top": "0",
                                    "right": "0",
                                    "bottom": "0",
                                    "left": "0",
                                    "isLinked": false
                                },
                                "__globals__": {
                                    "classic_title_typography_typography": "globals\/typography?id=f27ede8",
                                    "classic_excerpt_color": "globals\/colors?id=accent",
                                    "classic_excerpt_typography_typography": "globals\/typography?id=accent"
                                },
                                "_margin_tablet": {
                                    "unit": "px",
                                    "top": "15",
                                    "right": "0",
                                    "bottom": "0",
                                    "left": "0",
                                    "isLinked": false
                                }
                            },
                            "elements": [],
                            "isInner": false,
                            "widgetType": "posts",
                            "elType": "widget"
                        }
                    ],
                    "isInner": false,
                    "elType": "column"
                }
            ],
            "isInner": false,
            "elType": "section"
        },
        {
            "id": "4ca04ade",
            "settings": {
                "layout": "full_width",
                "structure": "20",
                "margin": {
                    "unit": "px",
                    "top": "0",
                    "right": 0,
                    "bottom": "0",
                    "left": 0,
                    "isLinked": false
                },
                "padding": {
                    "unit": "px",
                    "top": "0",
                    "right": "0",
                    "bottom": "0",
                    "left": "0",
                    "isLinked": false
                },
                "hide_desktop": "hidden-desktop",
                "hide_tablet": "hidden-tablet",
                "_title": "Home Main Col Post Grid MB"
            },
            "elements": [
                {
                    "id": "4ec05e96",
                    "settings": {
                        "_column_size": 50,
                        "_inline_size": null,
                        "margin": {
                            "unit": "px",
                            "top": "0",
                            "right": "0",
                            "bottom": "0",
                            "left": "0",
                            "isLinked": false
                        },
                        "padding": {
                            "unit": "px",
                            "top": "0",
                            "right": "0",
                            "bottom": "0",
                            "left": "0",
                            "isLinked": false
                        }
                    },
                    "elements": [
                        {
                            "id": "6e30885d",
                            "settings": {
                                "classic_columns": "1",
                                "classic_columns_tablet": "1",
                                "classic_posts_per_page": 1,
                                "classic_thumbnail_size_size": "large",
                                "classic_item_ratio": {
                                    "unit": "px",
                                    "size": 0.5625,
                                    "sizes": []
                                },
                                "classic_item_ratio_mobile": {
                                    "unit": "px",
                                    "size": 0.56,
                                    "sizes": []
                                },
                                "classic_show_title": "",
                                "classic_show_excerpt": "",
                                "classic_meta_data": [],
                                "classic_meta_separator": "",
                                "classic_show_read_more": "",
                                "classic_read_more_text": "Read More \u00bb",
                                "cards_meta_separator": "\u2022",
                                "cards_read_more_text": "Read More \u00bb",
                                "full_content_meta_separator": "\/\/\/",
                                "posts_post_type": "current_query",
                                "classic_image_spacing": {
                                    "unit": "px",
                                    "size": 0,
                                    "sizes": []
                                },
                                "pagination_page_limit": "5",
                                "pagination_prev_label": "&laquo; Previous",
                                "pagination_next_label": "Next &raquo;",
                                "text": "Load More",
                                "load_more_no_posts_custom_message": "No more posts to show"
                            },
                            "elements": [],
                            "isInner": false,
                            "widgetType": "posts",
                            "elType": "widget"
                        }
                    ],
                    "isInner": false,
                    "elType": "column"
                },
                {
                    "id": "344ee593",
                    "settings": {
                        "_column_size": 50,
                        "_inline_size": null,
                        "content_position": "center",
                        "space_between_widgets": 0,
                        "margin": {
                            "unit": "px",
                            "top": "20",
                            "right": "20",
                            "bottom": "20",
                            "left": "20",
                            "isLinked": true
                        },
                        "margin_tablet": {
                            "unit": "px",
                            "top": "0",
                            "right": "0",
                            "bottom": "0",
                            "left": "30",
                            "isLinked": false
                        },
                        "margin_mobile": {
                            "unit": "px",
                            "top": "20",
                            "right": "0",
                            "bottom": "0",
                            "left": "0",
                            "isLinked": false
                        },
                        "padding": {
                            "unit": "px",
                            "top": "0",
                            "right": "0",
                            "bottom": "0",
                            "left": "0",
                            "isLinked": false
                        }
                    },
                    "elements": [
                        {
                            "id": "7f3dc3b1",
                            "settings": {
                                "icon_list": [
                                    {
                                        "type": "terms",
                                        "selected_icon": {
                                            "value": "far fa-comment-dots",
                                            "library": "fa-regular"
                                        },
                                        "_id": "3c2b535",
                                        "custom_date_format": "F j, Y",
                                        "custom_time_format": "g:i a",
                                        "taxonomy": "category",
                                        "show_icon": "none"
                                    }
                                ],
                                "__globals__": {
                                    "icon_typography_typography": "globals\/typography?id=e00bf0c",
                                    "text_color": "globals\/colors?id=9222dbf"
                                }
                            },
                            "elements": [],
                            "isInner": false,
                            "widgetType": "post-info",
                            "elType": "widget"
                        },
                        {
                            "id": "2a0159fd",
                            "settings": {
                                "classic_columns": "1",
                                "classic_columns_tablet": "1",
                                "classic_posts_per_page": 1,
                                "classic_thumbnail": "none",
                                "classic_excerpt_length": 15,
                                "classic_meta_data": [],
                                "classic_meta_separator": "",
                                "classic_show_read_more": "",
                                "classic_read_more_text": "Read More \u00bb",
                                "cards_meta_separator": "\u2022",
                                "cards_read_more_text": "Read More \u00bb",
                                "full_content_meta_separator": "\/\/\/",
                                "posts_post_type": "current_query",
                                "classic_title_spacing": {
                                    "unit": "px",
                                    "size": 20,
                                    "sizes": []
                                },
                                "classic_meta_spacing": {
                                    "unit": "px",
                                    "size": 0,
                                    "sizes": []
                                },
                                "classic_excerpt_spacing": {
                                    "unit": "px",
                                    "size": 0,
                                    "sizes": []
                                },
                                "pagination_page_limit": "5",
                                "pagination_prev_label": "&laquo; Previous",
                                "pagination_next_label": "Next &raquo;",
                                "text": "Load More",
                                "load_more_no_posts_custom_message": "No more posts to show",
                                "_margin": {
                                    "unit": "px",
                                    "top": "15",
                                    "right": "0",
                                    "bottom": "0",
                                    "left": "0",
                                    "isLinked": false
                                },
                                "_padding": {
                                    "unit": "px",
                                    "top": "0",
                                    "right": "0",
                                    "bottom": "0",
                                    "left": "0",
                                    "isLinked": false
                                },
                                "__globals__": {
                                    "classic_title_typography_typography": "globals\/typography?id=f27ede8",
                                    "classic_excerpt_color": "globals\/colors?id=accent",
                                    "classic_excerpt_typography_typography": "globals\/typography?id=accent"
                                }
                            },
                            "elements": [],
                            "isInner": false,
                            "widgetType": "posts",
                            "elType": "widget"
                        }
                    ],
                    "isInner": false,
                    "elType": "column"
                }
            ],
            "isInner": false,
            "elType": "section"
        }
    ]
}